{
  "frame_id": "1767406991601240000",
  "sequence": 7,
  "timestamp": "2026-01-02T21:23:11.601240",
  "timestamp_ns": 1767406991601240000,
  "camera": {
    "name": "front_center",
    "resolution": [
      1920,
      1080
    ],
    "fov_deg": 89.90362548828125,
    "intrinsics": {
      "fx": 961.6161300315734,
      "fy": 961.6161300315734,
      "cx": 960.0,
      "cy": 540.0
    },
    "pose": {
      "position": {
        "x": 55.83351135253906,
        "y": 52.950416564941406,
        "z": -20.073989868164062
      },
      "orientation": {
        "w": 0.9513594508171082,
        "x": -0.05865231901407242,
        "y": 0.0019292597426101565,
        "z": 0.30244237184524536
      }
    }
  },
  "telemetry": {
    "sequence": 8,
    "server_timestamp_ms": 1767406991924.0432,
    "airsim_timestamp_ns": 1767406991924043200,
    "pose": {
      "timestamp_ns": 1767406991924043200,
      "position": {
        "x": 55.489013671875,
        "y": 52.76453399658203,
        "z": -19.641822814941406
      },
      "orientation": {
        "w": 0.9429686069488525,
        "x": -0.097627192735672,
        "y": 0.12609007954597473,
        "z": 0.2921992838382721
      },
      "linear_velocity": {
        "x": 2.468250036239624,
        "y": 2.3197245597839355,
        "z": -0.5949563980102539
      },
      "angular_velocity": {
        "x": -0.18510794639587402,
        "y": 1.02615225315094,
        "z": -0.22507263720035553
      }
    },
    "imu": {
      "timestamp_ns": 1767406991903221400,
      "linear_acceleration": {
        "x": -0.16671931743621826,
        "y": 0.01828208565711975,
        "z": -15.418035507202148
      },
      "angular_velocity": {
        "x": -0.185464009642601,
        "y": 1.0042798519134521,
        "z": -0.22251801192760468
      },
      "orientation": {
        "w": -0.9418232440948486,
        "x": 0.10389307141304016,
        "y": -0.13758711516857147,
        "z": -0.2885221838951111
      }
    },
    "battery_percent": 74.93368965122565,
    "landed_state": "flying",
    "latency_ms": 322.71749999927124
  },
  "files": {
    "rgb": "data\\maps\\sequence_normal_ops_001_preflight_alpha_20260102_212111\\frames\\1767406991601240000.png",
    "depth": "data\\maps\\sequence_normal_ops_001_preflight_alpha_20260102_212111\\frames\\1767406991601240000_depth.npy"
  }
}