{
  "frame_id": "1767406987143804600",
  "sequence": 5,
  "timestamp": "2026-01-02T21:23:07.143804",
  "timestamp_ns": 1767406987143804600,
  "camera": {
    "name": "front_center",
    "resolution": [
      1920,
      1080
    ],
    "fov_deg": 89.90362548828125,
    "intrinsics": {
      "fx": 961.6161300315734,
      "fy": 961.6161300315734,
      "cx": 960.0,
      "cy": 540.0
    },
    "pose": {
      "position": {
        "x": 47.78493118286133,
        "y": 44.54288101196289,
        "z": -18.855031967163086
      },
      "orientation": {
        "w": 0.9348198175430298,
        "x": -0.022406164556741714,
        "y": 0.028426634147763252,
        "z": 0.3532729744911194
      }
    }
  },
  "telemetry": {
    "sequence": 6,
    "server_timestamp_ms": 1767406987428.4385,
    "airsim_timestamp_ns": 1767406987428438500,
    "pose": {
      "timestamp_ns": 1767406987428438500,
      "position": {
        "x": 47.63050842285156,
        "y": 44.41574478149414,
        "z": -18.43760108947754
      },
      "orientation": {
        "w": 0.9181435704231262,
        "x": -0.08268771320581436,
        "y": 0.1743042767047882,
        "z": 0.346111536026001
      },
      "linear_velocity": {
        "x": 3.077893018722534,
        "y": 2.6179046630859375,
        "z": -0.7904852628707886
      },
      "angular_velocity": {
        "x": -0.24403607845306396,
        "y": 1.107366919517517,
        "z": 0.0043149772100150585
      }
    },
    "imu": {
      "timestamp_ns": 1767406987417430700,
      "linear_acceleration": {
        "x": -0.19030308723449707,
        "y": 0.04194992780685425,
        "z": -16.331472396850586
      },
      "angular_velocity": {
        "x": -0.24403607845306396,
        "y": 1.107366919517517,
        "z": 0.0043149772100150585
      },
      "orientation": {
        "w": -0.9181435704231262,
        "x": 0.08268771320581436,
        "y": -0.1743042767047882,
        "z": -0.346111536026001
      }
    },
    "battery_percent": 75.81960383184146,
    "landed_state": "flying",
    "latency_ms": 278.08319999894593
  },
  "files": {
    "rgb": "data\\maps\\sequence_normal_ops_001_preflight_alpha_20260102_212111\\frames\\1767406987143804600.png",
    "depth": "data\\maps\\sequence_normal_ops_001_preflight_alpha_20260102_212111\\frames\\1767406987143804600_depth.npy"
  }
}