{
  "frame_id": "1767406897459926400",
  "sequence": 3,
  "timestamp": "2026-01-02T21:21:37.459926",
  "timestamp_ns": 1767406897459926400,
  "camera": {
    "name": "front_center",
    "resolution": [
      1920,
      1080
    ],
    "fov_deg": 89.90362548828125,
    "intrinsics": {
      "fx": 961.6161300315734,
      "fy": 961.6161300315734,
      "cx": 960.0,
      "cy": 540.0
    },
    "pose": {
      "position": {
        "x": 19.761024475097656,
        "y": 11.722421646118164,
        "z": -21.601661682128906
      },
      "orientation": {
        "w": 0.9276838898658752,
        "x": -0.011689349077641964,
        "y": 0.009800830855965614,
        "z": 0.3730548620223999
      }
    }
  },
  "telemetry": {
    "sequence": 4,
    "server_timestamp_ms": 1767406897675.348,
    "airsim_timestamp_ns": 1767406897675347700,
    "pose": {
      "timestamp_ns": 1767406897675347700,
      "position": {
        "x": 19.47256851196289,
        "y": 11.454129219055176,
        "z": -21.171764373779297
      },
      "orientation": {
        "w": 0.9184681177139282,
        "x": -0.06028277426958084,
        "y": 0.13080403208732605,
        "z": 0.36833757162094116
      },
      "linear_velocity": {
        "x": 3.236621856689453,
        "y": 2.9854187965393066,
        "z": -0.44111964106559753
      },
      "angular_velocity": {
        "x": -0.1947963684797287,
        "y": 1.6894667148590088,
        "z": 0.0023400208447128534
      }
    },
    "imu": {
      "timestamp_ns": 1767406897672735700,
      "linear_acceleration": {
        "x": -0.1312408447265625,
        "y": 0.02451491355895996,
        "z": -16.12102699279785
      },
      "angular_velocity": {
        "x": -0.1947963684797287,
        "y": 1.6894667148590088,
        "z": 0.0023400208447128534
      },
      "orientation": {
        "w": 0.9176803231239319,
        "x": -0.06291767209768295,
        "y": 0.1357189416885376,
        "z": 0.36808228492736816
      }
    },
    "battery_percent": 94.69344945227367,
    "landed_state": "flying",
    "latency_ms": 212.87070000107633
  },
  "files": {
    "rgb": "data\\maps\\sequence_normal_ops_001_preflight_alpha_20260102_212111\\frames\\1767406897459926400.png",
    "depth": "data\\maps\\sequence_normal_ops_001_preflight_alpha_20260102_212111\\frames\\1767406897459926400_depth.npy"
  }
}