{
  "frame_id": "1767406996291215200",
  "sequence": 9,
  "timestamp": "2026-01-02T21:23:16.291215",
  "timestamp_ns": 1767406996291215200,
  "camera": {
    "name": "front_center",
    "resolution": [
      1920,
      1080
    ],
    "fov_deg": 89.90362548828125,
    "intrinsics": {
      "fx": 961.6161300315734,
      "fy": 961.6161300315734,
      "cx": 960.0,
      "cy": 540.0
    },
    "pose": {
      "position": {
        "x": 65.27681732177734,
        "y": 63.041622161865234,
        "z": -20.60746192932129
      },
      "orientation": {
        "w": 0.9094531536102295,
        "x": -0.03796263784170151,
        "y": 0.01429824810475111,
        "z": 0.41382279992103577
      }
    }
  },
  "telemetry": {
    "sequence": 10,
    "server_timestamp_ms": 1767406996543.5261,
    "airsim_timestamp_ns": 1767406996543526200,
    "pose": {
      "timestamp_ns": 1767406996543526200,
      "position": {
        "x": 65.00821685791016,
        "y": 62.77088165283203,
        "z": -20.166378021240234
      },
      "orientation": {
        "w": 0.8998063802719116,
        "x": -0.09165257960557938,
        "y": 0.13288338482379913,
        "z": 0.40532737970352173
      },
      "linear_velocity": {
        "x": 1.2773833274841309,
        "y": 1.2132409811019897,
        "z": -0.140910804271698
      },
      "angular_velocity": {
        "x": -0.11832432448863983,
        "y": -0.17684368789196014,
        "z": 0.001319576520472765
      }
    },
    "imu": {
      "timestamp_ns": 1767406996542813500,
      "linear_acceleration": {
        "x": -0.08974659442901611,
        "y": 0.04453311860561371,
        "z": -8.595173835754395
      },
      "angular_velocity": {
        "x": -0.11738261580467224,
        "y": -0.17748290300369263,
        "z": 0.0012973083648830652
      },
      "orientation": {
        "w": -0.8999163508415222,
        "x": 0.09200512617826462,
        "y": -0.1309143453836441,
        "z": -0.4056439995765686
      }
    },
    "battery_percent": 74.17395433037572,
    "landed_state": "flying",
    "latency_ms": 251.7158000046038
  },
  "files": {
    "rgb": "data\\maps\\sequence_normal_ops_001_preflight_alpha_20260102_212111\\frames\\1767406996291215200.png",
    "depth": "data\\maps\\sequence_normal_ops_001_preflight_alpha_20260102_212111\\frames\\1767406996291215200_depth.npy"
  }
}