{
  "frame_id": "1767407015086626400",
  "sequence": 15,
  "timestamp": "2026-01-02T21:23:35.086626",
  "timestamp_ns": 1767407015086626400,
  "camera": {
    "name": "front_center",
    "resolution": [
      1920,
      1080
    ],
    "fov_deg": 89.90362548828125,
    "intrinsics": {
      "fx": 961.6161300315734,
      "fy": 961.6161300315734,
      "cx": 960.0,
      "cy": 540.0
    },
    "pose": {
      "position": {
        "x": 93.1875228881836,
        "y": 92.66869354248047,
        "z": -20.455142974853516
      },
      "orientation": {
        "w": 0.9132344126701355,
        "x": 0.0021018176339566708,
        "y": -0.0033684007357805967,
        "z": 0.40741515159606934
      }
    }
  },
  "telemetry": {
    "sequence": 16,
    "server_timestamp_ms": 1767407015312.8252,
    "airsim_timestamp_ns": 1767407015312825100,
    "pose": {
      "timestamp_ns": 1767407015312825100,
      "position": {
        "x": 92.91490936279297,
        "y": 92.36433410644531,
        "z": -20.039155960083008
      },
      "orientation": {
        "w": 0.9058612585067749,
        "x": -0.05109451338648796,
        "y": 0.1158614307641983,
        "z": 0.40420401096343994
      },
      "linear_velocity": {
        "x": 2.4320104122161865,
        "y": 2.3405652046203613,
        "z": -0.6172200441360474
      },
      "angular_velocity": {
        "x": -0.13391681015491486,
        "y": 1.051598310470581,
        "z": -0.00036939146229997277
      }
    },
    "imu": {
      "timestamp_ns": 1767407015310623900,
      "linear_acceleration": {
        "x": -0.13660001754760742,
        "y": 0.049400001764297485,
        "z": -15.130194664001465
      },
      "angular_velocity": {
        "x": -0.13391681015491486,
        "y": 1.051598310470581,
        "z": -0.00036939146229997277
      },
      "orientation": {
        "w": -0.9036228656768799,
        "x": 0.05960932374000549,
        "y": -0.13096566498279572,
        "z": -0.4034358263015747
      }
    },
    "battery_percent": 70.67672075498575,
    "landed_state": "flying",
    "latency_ms": 226.7658000055235
  },
  "files": {
    "rgb": "data\\maps\\sequence_normal_ops_001_preflight_alpha_20260102_212111\\frames\\1767407015086626400.png",
    "depth": "data\\maps\\sequence_normal_ops_001_preflight_alpha_20260102_212111\\frames\\1767407015086626400_depth.npy"
  }
}