{
  "frame_id": "1767407025709214500",
  "sequence": 17,
  "timestamp": "2026-01-02T21:23:45.709214",
  "timestamp_ns": 1767407025709214500,
  "camera": {
    "name": "front_center",
    "resolution": [
      1920,
      1080
    ],
    "fov_deg": 89.90362548828125,
    "intrinsics": {
      "fx": 961.6161300315734,
      "fy": 961.6161300315734,
      "cx": 960.0,
      "cy": 540.0
    },
    "pose": {
      "position": {
        "x": 105.84498596191406,
        "y": 102.78771209716797,
        "z": -22.209169387817383
      },
      "orientation": {
        "w": 0.9049395322799683,
        "x": 0.0010778949363157153,
        "y": 0.013566495850682259,
        "z": 0.4253225028514862
      }
    }
  },
  "telemetry": {
    "sequence": 18,
    "server_timestamp_ms": 1767407025937.372,
    "airsim_timestamp_ns": 1767407025937371900,
    "pose": {
      "timestamp_ns": 1767407025937371900,
      "position": {
        "x": 105.59713745117188,
        "y": 102.4797134399414,
        "z": -21.780555725097656
      },
      "orientation": {
        "w": 0.895426869392395,
        "x": -0.054447054862976074,
        "y": 0.13156874477863312,
        "z": 0.42182451486587524
      },
      "linear_velocity": {
        "x": 2.5993123054504395,
        "y": 2.964038133621216,
        "z": -0.5116636753082275
      },
      "angular_velocity": {
        "x": -0.38754796981811523,
        "y": 1.4718904495239258,
        "z": -0.0987156331539154
      }
    },
    "imu": {
      "timestamp_ns": 1767407025937466200,
      "linear_acceleration": {
        "x": -0.1461639404296875,
        "y": 0.05957186222076416,
        "z": -15.68042278289795
      },
      "angular_velocity": {
        "x": -0.38576462864875793,
        "y": 1.437589406967163,
        "z": -0.09743718802928925
      },
      "orientation": {
        "w": -0.8948985934257507,
        "x": 0.057386837899684906,
        "y": -0.13501203060150146,
        "z": -0.4214678108692169
      }
    },
    "battery_percent": 68.4719131581159,
    "landed_state": "flying",
    "latency_ms": 228.03790000034496
  },
  "files": {
    "rgb": "data\\maps\\sequence_normal_ops_001_preflight_alpha_20260102_212111\\frames\\1767407025709214500.png",
    "depth": "data\\maps\\sequence_normal_ops_001_preflight_alpha_20260102_212111\\frames\\1767407025709214500_depth.npy"
  }
}