{
  "frame_id": "1767407036128901100",
  "sequence": 23,
  "timestamp": "2026-01-02T21:23:56.128901",
  "timestamp_ns": 1767407036128901100,
  "camera": {
    "name": "front_center",
    "resolution": [
      1920,
      1080
    ],
    "fov_deg": 89.90362548828125,
    "intrinsics": {
      "fx": 961.6161300315734,
      "fy": 961.6161300315734,
      "cx": 960.0,
      "cy": 540.0
    },
    "pose": {
      "position": {
        "x": 124.10054779052734,
        "y": 124.78389739990234,
        "z": -20.99205780029297
      },
      "orientation": {
        "w": 0.9154084920883179,
        "x": -0.01816529408097267,
        "y": -0.034158337861299515,
        "z": 0.40066254138946533
      }
    }
  },
  "telemetry": {
    "sequence": 24,
    "server_timestamp_ms": 1767407036378.1172,
    "airsim_timestamp_ns": 1767407036378117200,
    "pose": {
      "timestamp_ns": 1767407036378117200,
      "position": {
        "x": 123.79399108886719,
        "y": 124.48854064941406,
        "z": -20.59357452392578
      },
      "orientation": {
        "w": 0.9120356440544128,
        "x": -0.07030684500932693,
        "y": 0.08561868220567703,
        "z": 0.3948637843132019
      },
      "linear_velocity": {
        "x": 0.44337227940559387,
        "y": -0.6733660697937012,
        "z": 0.361704558134079
      },
      "angular_velocity": {
        "x": 0.10070804506540298,
        "y": -0.1851588636636734,
        "z": 0.0002398413635091856
      }
    },
    "imu": {
      "timestamp_ns": 1767407036376545200,
      "linear_acceleration": {
        "x": -0.02603602409362793,
        "y": 0.06033894047141075,
        "z": -10.204402923583984
      },
      "angular_velocity": {
        "x": 0.10070804506540298,
        "y": -0.1851588636636734,
        "z": 0.0002398413635091856
      },
      "orientation": {
        "w": -0.9122390151023865,
        "x": 0.06883275508880615,
        "y": -0.08444613963365555,
        "z": -0.3949061334133148
      }
    },
    "battery_percent": 66.50848063888208,
    "landed_state": "flying",
    "latency_ms": 249.2024000021047
  },
  "files": {
    "rgb": "data\\maps\\sequence_normal_ops_001_preflight_alpha_20260102_212111\\frames\\1767407036128901100.png",
    "depth": "data\\maps\\sequence_normal_ops_001_preflight_alpha_20260102_212111\\frames\\1767407036128901100_depth.npy"
  }
}