{
  "frame_id": "1767407001731598400",
  "sequence": 11,
  "timestamp": "2026-01-02T21:23:21.731598",
  "timestamp_ns": 1767407001731598400,
  "camera": {
    "name": "front_center",
    "resolution": [
      1920,
      1080
    ],
    "fov_deg": 89.90362548828125,
    "intrinsics": {
      "fx": 961.6161300315734,
      "fy": 961.6161300315734,
      "cx": 960.0,
      "cy": 540.0
    },
    "pose": {
      "position": {
        "x": 74.7694091796875,
        "y": 73.09091186523438,
        "z": -21.13291358947754
      },
      "orientation": {
        "w": 0.9125574827194214,
        "x": -0.02653796784579754,
        "y": 0.029153358191251755,
        "z": 0.40704384446144104
      }
    }
  },
  "telemetry": {
    "sequence": 12,
    "server_timestamp_ms": 1767407001992.646,
    "airsim_timestamp_ns": 1767407001992646000,
    "pose": {
      "timestamp_ns": 1767407001992646000,
      "position": {
        "x": 74.51233673095703,
        "y": 72.8206787109375,
        "z": -20.68470573425293
      },
      "orientation": {
        "w": 0.9009451270103455,
        "x": -0.07944081723690033,
        "y": 0.14801660180091858,
        "z": 0.40009763836860657
      },
      "linear_velocity": {
        "x": 1.6057113409042358,
        "y": 1.3837414979934692,
        "z": -0.49740007519721985
      },
      "angular_velocity": {
        "x": -0.11438844352960587,
        "y": -0.07319661229848862,
        "z": 0.004440341144800186
      }
    },
    "imu": {
      "timestamp_ns": 1767407001984314200,
      "linear_acceleration": {
        "x": -0.10902726650238037,
        "y": 0.046483248472213745,
        "z": -8.371552467346191
      },
      "angular_velocity": {
        "x": -0.11438844352960587,
        "y": -0.07319661229848862,
        "z": 0.004440341144800186
      },
      "orientation": {
        "w": -0.9009438753128052,
        "x": 0.07966364175081253,
        "y": -0.14768794178962708,
        "z": -0.4001776874065399
      }
    },
    "battery_percent": 73.23421793690521,
    "landed_state": "flying",
    "latency_ms": 255.89570000011008
  },
  "files": {
    "rgb": "data\\maps\\sequence_normal_ops_001_preflight_alpha_20260102_212111\\frames\\1767407001731598400.png",
    "depth": "data\\maps\\sequence_normal_ops_001_preflight_alpha_20260102_212111\\frames\\1767407001731598400_depth.npy"
  }
}