{
  "frame_id": "1767407029885020700",
  "sequence": 19,
  "timestamp": "2026-01-02T21:23:49.885020",
  "timestamp_ns": 1767407029885020700,
  "camera": {
    "name": "front_center",
    "resolution": [
      1920,
      1080
    ],
    "fov_deg": 89.90362548828125,
    "intrinsics": {
      "fx": 961.6161300315734,
      "fy": 961.6161300315734,
      "cx": 960.0,
      "cy": 540.0
    },
    "pose": {
      "position": {
        "x": 111.96475219726562,
        "y": 112.57866668701172,
        "z": -20.871173858642578
      },
      "orientation": {
        "w": 0.8688158392906189,
        "x": -0.009243015199899673,
        "y": -0.012520127929747105,
        "z": 0.4948907792568207
      }
    }
  },
  "telemetry": {
    "sequence": 20,
    "server_timestamp_ms": 1767407030104.088,
    "airsim_timestamp_ns": 1767407030104087800,
    "pose": {
      "timestamp_ns": 1767407030104087800,
      "position": {
        "x": 111.74514770507812,
        "y": 112.23155975341797,
        "z": -20.457300186157227
      },
      "orientation": {
        "w": 0.863017201423645,
        "x": -0.07376015186309814,
        "y": 0.10099020600318909,
        "z": 0.48945048451423645
      },
      "linear_velocity": {
        "x": 1.74264395236969,
        "y": 2.8418333530426025,
        "z": -0.5920702815055847
      },
      "angular_velocity": {
        "x": -0.08300342410802841,
        "y": 0.9545557498931885,
        "z": -0.0002529082994442433
      }
    },
    "imu": {
      "timestamp_ns": 1767407030102603900,
      "linear_acceleration": {
        "x": -0.11278843879699707,
        "y": 0.05179250240325928,
        "z": -14.327943801879883
      },
      "angular_velocity": {
        "x": -0.0868118554353714,
        "y": 0.9281890988349915,
        "z": -0.0002269682299811393
      },
      "orientation": {
        "w": -0.8612677454948425,
        "x": 0.082191102206707,
        "y": -0.11400345712900162,
        "z": -0.48832955956459045
      }
    },
    "battery_percent": 67.65514383408522,
    "landed_state": "flying",
    "latency_ms": 219.67099999892525
  },
  "files": {
    "rgb": "data\\maps\\sequence_normal_ops_001_preflight_alpha_20260102_212111\\frames\\1767407029885020700.png",
    "depth": "data\\maps\\sequence_normal_ops_001_preflight_alpha_20260102_212111\\frames\\1767407029885020700_depth.npy"
  }
}