{
  "frame_id": "1767406888037637600",
  "sequence": 1,
  "timestamp": "2026-01-02T21:21:28.037637",
  "timestamp_ns": 1767406888037637600,
  "camera": {
    "name": "front_center",
    "resolution": [
      1920,
      1080
    ],
    "fov_deg": 89.90362548828125,
    "intrinsics": {
      "fx": 961.6161300315734,
      "fy": 961.6161300315734,
      "cx": 960.0,
      "cy": 540.0
    },
    "pose": {
      "position": {
        "x": 6.015349388122559,
        "y": -0.6322449445724487,
        "z": -20.580699920654297
      },
      "orientation": {
        "w": 0.7211993336677551,
        "x": -0.02092892676591873,
        "y": -0.02377140522003174,
        "z": -0.6920031905174255
      }
    }
  },
  "telemetry": {
    "sequence": 2,
    "server_timestamp_ms": 1767406888245.637,
    "airsim_timestamp_ns": 1767406888245636800,
    "pose": {
      "timestamp_ns": 1767406888245636800,
      "position": {
        "x": 5.99644660949707,
        "y": -0.20163756608963013,
        "z": -20.187992095947266
      },
      "orientation": {
        "w": 0.7181321382522583,
        "x": 0.06957466900348663,
        "y": 0.07056736946105957,
        "z": -0.6888147592544556
      },
      "linear_velocity": {
        "x": 0.08393610268831253,
        "y": -1.9331597089767456,
        "z": -2.1269102096557617
      },
      "angular_velocity": {
        "x": -0.0027992664836347103,
        "y": 0.39172273874282837,
        "z": -8.434780465904623e-05
      }
    },
    "imu": {
      "timestamp_ns": 1767406888243843600,
      "linear_acceleration": {
        "x": -0.03268676996231079,
        "y": -0.02806970477104187,
        "z": -4.574799537658691
      },
      "angular_velocity": {
        "x": -0.0027992664836347103,
        "y": 0.39172273874282837,
        "z": -8.434780465904623e-05
      },
      "orientation": {
        "w": 0.7176514267921448,
        "x": 0.07409670948982239,
        "y": 0.07540103048086166,
        "z": -0.6883318424224854
      }
    },
    "battery_percent": 96.73302807067331,
    "landed_state": "flying",
    "latency_ms": 207.52579999680165
  },
  "files": {
    "rgb": "data\\maps\\sequence_normal_ops_001_preflight_alpha_20260102_212111\\frames\\1767406888037637600.png",
    "depth": "data\\maps\\sequence_normal_ops_001_preflight_alpha_20260102_212111\\frames\\1767406888037637600_depth.npy"
  }
}