{
  "frame_id": "1767407035016375200",
  "sequence": 21,
  "timestamp": "2026-01-02T21:23:55.016375",
  "timestamp_ns": 1767407035016375200,
  "camera": {
    "name": "front_center",
    "resolution": [
      1920,
      1080
    ],
    "fov_deg": 89.90362548828125,
    "intrinsics": {
      "fx": 961.6161300315734,
      "fy": 961.6161300315734,
      "cx": 960.0,
      "cy": 540.0
    },
    "pose": {
      "position": {
        "x": 122.67911529541016,
        "y": 123.98661041259766,
        "z": -20.923908233642578
      },
      "orientation": {
        "w": 0.9198842644691467,
        "x": -0.015664367005228996,
        "y": 0.013342143036425114,
        "z": 0.3916498124599457
      }
    }
  },
  "telemetry": {
    "sequence": 22,
    "server_timestamp_ms": 1767407035266.035,
    "airsim_timestamp_ns": 1767407035266035000,
    "pose": {
      "timestamp_ns": 1767407035266035000,
      "position": {
        "x": 122.40343475341797,
        "y": 123.71118927001953,
        "z": -20.490154266357422
      },
      "orientation": {
        "w": 0.910273015499115,
        "x": -0.06665091216564178,
        "y": 0.13329698145389557,
        "z": 0.38625457882881165
      },
      "linear_velocity": {
        "x": 2.197039842605591,
        "y": 2.0592706203460693,
        "z": -0.7296580672264099
      },
      "angular_velocity": {
        "x": -0.09948833286762238,
        "y": 0.6018009185791016,
        "z": 0.00034372281515970826
      }
    },
    "imu": {
      "timestamp_ns": 1767407035264692300,
      "linear_acceleration": {
        "x": -0.1451718807220459,
        "y": 0.04123079776763916,
        "z": -12.270875930786133
      },
      "angular_velocity": {
        "x": -0.09948833286762238,
        "y": 0.6018009185791016,
        "z": 0.00034372281515970826
      },
      "orientation": {
        "w": -0.9087445735931396,
        "x": 0.07185184955596924,
        "y": -0.14228001236915588,
        "z": -0.38571614027023315
      }
    },
    "battery_percent": 66.67221373699195,
    "landed_state": "flying",
    "latency_ms": 249.5093999968958
  },
  "files": {
    "rgb": "data\\maps\\sequence_normal_ops_001_preflight_alpha_20260102_212111\\frames\\1767407035016375200.png",
    "depth": "data\\maps\\sequence_normal_ops_001_preflight_alpha_20260102_212111\\frames\\1767407035016375200_depth.npy"
  }
}