{
  "frame_id": "1767407008537809800",
  "sequence": 13,
  "timestamp": "2026-01-02T21:23:28.537809",
  "timestamp_ns": 1767407008537809800,
  "camera": {
    "name": "front_center",
    "resolution": [
      1920,
      1080
    ],
    "fov_deg": 89.90362548828125,
    "intrinsics": {
      "fx": 961.6161300315734,
      "fy": 961.6161300315734,
      "cx": 960.0,
      "cy": 540.0
    },
    "pose": {
      "position": {
        "x": 82.55955505371094,
        "y": 81.21155548095703,
        "z": -20.47828483581543
      },
      "orientation": {
        "w": 0.7931835651397705,
        "x": -0.0771060436964035,
        "y": -0.10565154999494553,
        "z": -0.5947707295417786
      }
    }
  },
  "telemetry": {
    "sequence": 14,
    "server_timestamp_ms": 1767407008896.8943,
    "airsim_timestamp_ns": 1767407008896894200,
    "pose": {
      "timestamp_ns": 1767407008896894200,
      "position": {
        "x": 82.41824340820312,
        "y": 81.69133758544922,
        "z": -20.17854881286621
      },
      "orientation": {
        "w": 0.8001880645751953,
        "x": 0.0011867635184898973,
        "y": -0.0012164537329226732,
        "z": -0.5997467041015625
      },
      "linear_velocity": {
        "x": -0.2792585790157318,
        "y": -0.010806168429553509,
        "z": 2.9323580265045166
      },
      "angular_velocity": {
        "x": -0.017115237191319466,
        "y": 0.0027340552769601345,
        "z": 0.02773284539580345
      }
    },
    "imu": {
      "timestamp_ns": 1767407008893906200,
      "linear_acceleration": {
        "x": -0.003920115530490875,
        "y": -0.04811949282884598,
        "z": -2.2263638973236084
      },
      "angular_velocity": {
        "x": -0.017115237191319466,
        "y": 0.0027340552769601345,
        "z": 0.02773284539580345
      },
      "orientation": {
        "w": -0.8005396723747253,
        "x": -0.0009151287958957255,
        "y": 0.0009383849683217704,
        "z": 0.5992783904075623
      }
    },
    "battery_percent": 71.94008508344666,
    "landed_state": "flying",
    "latency_ms": 358.8192000024719
  },
  "files": {
    "rgb": "data\\maps\\sequence_normal_ops_001_preflight_alpha_20260102_212111\\frames\\1767407008537809800.png",
    "depth": "data\\maps\\sequence_normal_ops_001_preflight_alpha_20260102_212111\\frames\\1767407008537809800_depth.npy"
  }
}