{
  "frame_id": "1767409359487737600",
  "sequence": 627,
  "timestamp": "2026-01-02T22:02:39.487737",
  "timestamp_ns": 1767409359487737600,
  "camera": {
    "name": "front_center",
    "resolution": [
      1920,
      1080
    ],
    "fov_deg": 89.90362548828125,
    "intrinsics": {
      "fx": 961.6161300315734,
      "fy": 961.6161300315734,
      "cx": 960.0,
      "cy": 540.0
    },
    "pose": {
      "position": {
        "x": 27.304122924804688,
        "y": 22.3972110748291,
        "z": -20.08197784423828
      },
      "orientation": {
        "w": 0.8910598754882812,
        "x": -0.0028658772353082895,
        "y": -0.05575466528534889,
        "z": 0.4504392743110657
      }
    }
  },
  "telemetry": {
    "sequence": 628,
    "server_timestamp_ms": 1767409359939.9739,
    "airsim_timestamp_ns": 1767409359939974000,
    "pose": {
      "timestamp_ns": 1767409359939974000,
      "position": {
        "x": 27.0230655670166,
        "y": 22.052804946899414,
        "z": -19.704631805419922
      },
      "orientation": {
        "w": 0.890714168548584,
        "x": -0.06163548305630684,
        "y": 0.06102897599339485,
        "z": 0.44621163606643677
      },
      "linear_velocity": {
        "x": 0.5239782333374023,
        "y": -0.5369343757629395,
        "z": 0.2726500928401947
      },
      "angular_velocity": {
        "x": 0.085160031914711,
        "y": -0.1369188278913498,
        "z": 0.00017369570559822023
      }
    },
    "imu": {
      "timestamp_ns": 1767409359859687300,
      "linear_acceleration": {
        "x": -0.011104285717010498,
        "y": 0.036646001040935516,
        "z": -10.185893058776855
      },
      "angular_velocity": {
        "x": 0.08551331609487534,
        "y": -0.13663242757320404,
        "z": 0.0001749861112330109
      },
      "orientation": {
        "w": -0.8909338712692261,
        "x": 0.059389807283878326,
        "y": -0.05961253494024277,
        "z": -0.4462690055370331
      }
    },
    "battery_percent": 89.68875916050415,
    "landed_state": "flying",
    "latency_ms": 434.91789999825414
  },
  "files": {
    "rgb": "data\\maps\\sequence_normal_ops_001_preflight_20260102_220157\\frames\\1767409359487737600.png",
    "depth": "data\\maps\\sequence_normal_ops_001_preflight_20260102_220157\\frames\\1767409359487737600_depth.npy"
  }
}