{
  "frame_id": "1767409341770978900",
  "sequence": 572,
  "timestamp": "2026-01-02T22:02:21.770978",
  "timestamp_ns": 1767409341770978900,
  "camera": {
    "name": "front_center",
    "resolution": [
      1920,
      1080
    ],
    "fov_deg": 89.90362548828125,
    "intrinsics": {
      "fx": 961.6161300315734,
      "fy": 961.6161300315734,
      "cx": 960.0,
      "cy": 540.0
    },
    "pose": {
      "position": {
        "x": 3.893376588821411,
        "y": -0.3639642894268036,
        "z": -20.377626419067383
      },
      "orientation": {
        "w": 0.09809424728155136,
        "x": 0.06204412505030632,
        "y": 0.018212374299764633,
        "z": -0.9930741786956787
      }
    }
  },
  "telemetry": {
    "sequence": 573,
    "server_timestamp_ms": 1767409342142.3435,
    "airsim_timestamp_ns": 1767409342142343400,
    "pose": {
      "timestamp_ns": 1767409342142343400,
      "position": {
        "x": 4.237614631652832,
        "y": -0.3061780035495758,
        "z": -19.91054916381836
      },
      "orientation": {
        "w": 0.09487784653902054,
        "x": 0.19113552570343018,
        "y": 0.030860433354973793,
        "z": -0.9764799475669861
      },
      "linear_velocity": {
        "x": -1.219482421875,
        "y": -0.13030236959457397,
        "z": 0.031150465831160545
      },
      "angular_velocity": {
        "x": -0.018924452364444733,
        "y": -0.14409996569156647,
        "z": 4.166066719335504e-05
      }
    },
    "imu": {
      "timestamp_ns": 1767409342141949500,
      "linear_acceleration": {
        "x": -0.0005846023559570312,
        "y": -6.16312026977539e-05,
        "z": -8.785652160644531
      },
      "angular_velocity": {
        "x": -0.018471986055374146,
        "y": -0.14535492658615112,
        "z": 4.036659447592683e-05
      },
      "orientation": {
        "w": 0.09500209242105484,
        "x": 0.18907059729099274,
        "y": 0.030966123566031456,
        "z": -0.9768664240837097
      }
    },
    "battery_percent": 94.00854911223433,
    "landed_state": "flying",
    "latency_ms": 370.1048000002629
  },
  "files": {
    "rgb": "data\\maps\\sequence_normal_ops_001_preflight_20260102_220157\\frames\\1767409341770978900.png",
    "depth": "data\\maps\\sequence_normal_ops_001_preflight_20260102_220157\\frames\\1767409341770978900_depth.npy"
  }
}