{
  "frame_id": "1767409351207570100",
  "sequence": 598,
  "timestamp": "2026-01-02T22:02:31.207570",
  "timestamp_ns": 1767409351207570100,
  "camera": {
    "name": "front_center",
    "resolution": [
      1920,
      1080
    ],
    "fov_deg": 89.90362548828125,
    "intrinsics": {
      "fx": 961.6161300315734,
      "fy": 961.6161300315734,
      "cx": 960.0,
      "cy": 540.0
    },
    "pose": {
      "position": {
        "x": 16.716930389404297,
        "y": 11.289024353027344,
        "z": -20.183712005615234
      },
      "orientation": {
        "w": 0.9226579070091248,
        "x": -0.0335705503821373,
        "y": 0.03484783321619034,
        "z": 0.38257157802581787
      }
    }
  },
  "telemetry": {
    "sequence": 599,
    "server_timestamp_ms": 1767409351675.1746,
    "airsim_timestamp_ns": 1767409351675174500,
    "pose": {
      "timestamp_ns": 1767409351675174500,
      "position": {
        "x": 16.499202728271484,
        "y": 11.089959144592285,
        "z": -19.747270584106445
      },
      "orientation": {
        "w": 0.9099993705749512,
        "x": -0.08554138988256454,
        "y": 0.15398919582366943,
        "z": 0.37532809376716614
      },
      "linear_velocity": {
        "x": 1.6907364130020142,
        "y": 1.5901106595993042,
        "z": -0.5428445339202881
      },
      "angular_velocity": {
        "x": -0.16843293607234955,
        "y": -0.024869855493307114,
        "z": 0.0007963198586367071
      }
    },
    "imu": {
      "timestamp_ns": 1767409351579339900,
      "linear_acceleration": {
        "x": -0.08979928493499756,
        "y": 0.019727692008018494,
        "z": -8.517077445983887
      },
      "angular_velocity": {
        "x": -0.16792334616184235,
        "y": -0.02837914228439331,
        "z": 0.0007855091826058924
      },
      "orientation": {
        "w": -0.9099664688110352,
        "x": 0.08597413450479507,
        "y": -0.1537310630083084,
        "z": -0.3754146993160248
      }
    },
    "battery_percent": 91.75321346619326,
    "landed_state": "flying",
    "latency_ms": 467.3613999984809
  },
  "files": {
    "rgb": "data\\maps\\sequence_normal_ops_001_preflight_20260102_220157\\frames\\1767409351207570100.png",
    "depth": "data\\maps\\sequence_normal_ops_001_preflight_20260102_220157\\frames\\1767409351207570100_depth.npy"
  }
}