{
  "frame_id": "1767379770227664200",
  "sequence": 231,
  "timestamp": "2026-01-02T13:49:30.227664",
  "timestamp_ns": 1767379770227664200,
  "camera": {
    "name": "front_center",
    "resolution": [
      1280,
      720
    ],
    "fov_deg": 89.90362548828125,
    "intrinsics": {
      "fx": 641.077420021049,
      "fy": 641.077420021049,
      "cx": 640.0,
      "cy": 360.0
    },
    "pose": {
      "position": {
        "x": 6.584202766418457,
        "y": 3.0146431922912598,
        "z": -19.95900535583496
      },
      "orientation": {
        "w": 0.713430643081665,
        "x": 0.059656865894794464,
        "y": -0.06336899101734161,
        "z": 0.6953000426292419
      }
    }
  },
  "telemetry": {
    "sequence": 232,
    "server_timestamp_ms": 1767379770355.6812,
    "airsim_timestamp_ns": 1767379770355681200,
    "pose": {
      "timestamp_ns": 1767379770355681200,
      "position": {
        "x": 6.577404022216797,
        "y": 2.7647628784179688,
        "z": -19.858938217163086
      },
      "orientation": {
        "w": 0.716238796710968,
        "x": -0.0011695356806740165,
        "y": -0.0009482709574513137,
        "z": 0.6978536248207092
      },
      "linear_velocity": {
        "x": 0.06802430003881454,
        "y": -0.022231418639421463,
        "z": -7.971691957209259e-05
      },
      "angular_velocity": {
        "x": 1.4205406841938384e-05,
        "y": -4.023486781079555e-06,
        "z": -2.3228656331752973e-08
      }
    },
    "imu": {
      "timestamp_ns": 1767379768691307008,
      "linear_acceleration": {
        "x": -1.210719347000122e-07,
        "y": 0.03016154281795025,
        "z": -9.806609153747559
      },
      "angular_velocity": {
        "x": 1.3886146007280331e-05,
        "y": -4.023486781079555e-06,
        "z": -2.4011342247831635e-08
      },
      "orientation": {
        "w": 0.7162388563156128,
        "x": -0.001169516472145915,
        "y": -0.0009482605964876711,
        "z": 0.697853684425354
      }
    },
    "battery_percent": 92.71146318888398,
    "landed_state": "flying",
    "latency_ms": 128.23239999852376
  },
  "files": {
    "rgb": "data\\maps\\sequence_normal_ops_001_preflight_20260102_134851\\frames\\1767379770227664200.png",
    "depth": "data\\maps\\sequence_normal_ops_001_preflight_20260102_134851\\frames\\1767379770227664200_depth.npy"
  }
}