{
  "frame_id": "1767410348286048700",
  "sequence": 1202,
  "timestamp": "2026-01-02T22:19:08.286048",
  "timestamp_ns": 1767410348286048700,
  "camera": {
    "name": "front_center",
    "resolution": [
      1920,
      1080
    ],
    "fov_deg": 89.90362548828125,
    "intrinsics": {
      "fx": 961.6161300315734,
      "fy": 961.6161300315734,
      "cx": 960.0,
      "cy": 540.0
    },
    "pose": {
      "position": {
        "x": 24.327993392944336,
        "y": 19.282421112060547,
        "z": -21.182586669921875
      },
      "orientation": {
        "w": 0.4441799819469452,
        "x": 0.03130241855978966,
        "y": 0.03848431631922722,
        "z": -0.8945631384849548
      }
    }
  },
  "telemetry": {
    "sequence": 1203,
    "server_timestamp_ms": 1767410348378.331,
    "airsim_timestamp_ns": 1767410348378330900,
    "pose": {
      "timestamp_ns": 1767410348378330900,
      "position": {
        "x": 24.56343650817871,
        "y": 19.56302833557129,
        "z": -20.728906631469727
      },
      "orientation": {
        "w": 0.4353567361831665,
        "x": 0.147798553109169,
        "y": 0.09613220393657684,
        "z": -0.8828242421150208
      },
      "linear_velocity": {
        "x": -1.4923272132873535,
        "y": -1.7728978395462036,
        "z": -0.49071836471557617
      },
      "angular_velocity": {
        "x": -0.15918032824993134,
        "y": -0.11151634901762009,
        "z": 0.0004545134142972529
      }
    },
    "imu": {
      "timestamp_ns": 1767410348377846400,
      "linear_acceleration": {
        "x": -0.01197950541973114,
        "y": -0.011801719665527344,
        "z": -8.212746620178223
      },
      "angular_velocity": {
        "x": -0.15918032824993134,
        "y": -0.11151634901762009,
        "z": 0.0004545134142972529
      },
      "orientation": {
        "w": 0.4355625808238983,
        "x": 0.14681605994701385,
        "y": 0.0967031717300415,
        "z": -0.8828243613243103
      }
    },
    "battery_percent": 85.86885197233343,
    "landed_state": "flying",
    "latency_ms": 92.08939999996346
  },
  "files": {
    "rgb": "data\\maps\\sequence_normal_ops_001_preflight_20260102_221811\\frames\\1767410348286048700.png",
    "depth": "data\\maps\\sequence_normal_ops_001_preflight_20260102_221811\\frames\\1767410348286048700_depth.npy"
  }
}