{
  "frame_id": "1767410380473116400",
  "sequence": 1616,
  "timestamp": "2026-01-02T22:19:40.473116",
  "timestamp_ns": 1767410380473116400,
  "camera": {
    "name": "front_center",
    "resolution": [
      1920,
      1080
    ],
    "fov_deg": 89.90362548828125,
    "intrinsics": {
      "fx": 961.6161300315734,
      "fy": 961.6161300315734,
      "cx": 960.0,
      "cy": 540.0
    },
    "pose": {
      "position": {
        "x": 75.07585906982422,
        "y": 73.5472412109375,
        "z": -20.570770263671875
      },
      "orientation": {
        "w": 0.896223247051239,
        "x": -0.040951844304800034,
        "y": 0.0022497030440717936,
        "z": 0.441703200340271
      }
    }
  },
  "telemetry": {
    "sequence": 1617,
    "server_timestamp_ms": 1767410380595.003,
    "airsim_timestamp_ns": 1767410380595003000,
    "pose": {
      "timestamp_ns": 1767410380595003000,
      "position": {
        "x": 74.81523132324219,
        "y": 73.25801849365234,
        "z": -20.136695861816406
      },
      "orientation": {
        "w": 0.8882623314857483,
        "x": -0.09825533628463745,
        "y": 0.11921107023954391,
        "z": 0.4325791001319885
      },
      "linear_velocity": {
        "x": 1.1292930841445923,
        "y": 1.1259883642196655,
        "z": -0.008619753643870354
      },
      "angular_velocity": {
        "x": -0.08822708576917648,
        "y": -0.20061123371124268,
        "z": -0.00025154705508612096
      }
    },
    "imu": {
      "timestamp_ns": 1767410380592461900,
      "linear_acceleration": {
        "x": -0.05326247215270996,
        "y": 0.025040805339813232,
        "z": -8.80219841003418
      },
      "angular_velocity": {
        "x": -0.08822708576917648,
        "y": -0.20061123371124268,
        "z": -0.00025154705508612096
      },
      "orientation": {
        "w": 0.8883301019668579,
        "x": -0.09822414815425873,
        "y": 0.11823610216379166,
        "z": 0.4327145218849182
      }
    },
    "battery_percent": 77.80989713012825,
    "landed_state": "flying",
    "latency_ms": 121.25560000004043
  },
  "files": {
    "rgb": "data\\maps\\sequence_normal_ops_001_preflight_20260102_221811\\frames\\1767410380473116400.png",
    "depth": "data\\maps\\sequence_normal_ops_001_preflight_20260102_221811\\frames\\1767410380473116400_depth.npy"
  }
}