{
  "frame_id": "1767410421442115900",
  "sequence": 1845,
  "timestamp": "2026-01-02T22:20:21.442115",
  "timestamp_ns": 1767410421442115900,
  "camera": {
    "name": "front_center",
    "resolution": [
      1920,
      1080
    ],
    "fov_deg": 89.90362548828125,
    "intrinsics": {
      "fx": 961.6161300315734,
      "fy": 961.6161300315734,
      "cx": 960.0,
      "cy": 540.0
    },
    "pose": {
      "position": {
        "x": 122.06278228759766,
        "y": 122.98480224609375,
        "z": -19.914146423339844
      },
      "orientation": {
        "w": 0.9244267344474792,
        "x": 0.07382745295763016,
        "y": -0.17031507194042206,
        "z": 0.33313292264938354
      }
    }
  },
  "telemetry": {
    "sequence": 1846,
    "server_timestamp_ms": 1767410422505.936,
    "airsim_timestamp_ns": 1767410422505936100,
    "pose": {
      "timestamp_ns": 1767410422505936100,
      "position": {
        "x": 121.63190460205078,
        "y": 122.66232299804688,
        "z": -19.670989990234375
      },
      "orientation": {
        "w": 0.9387990832328796,
        "x": 0.02806342951953411,
        "y": -0.04881100356578827,
        "z": 0.339832603931427
      },
      "linear_velocity": {
        "x": -0.8224180340766907,
        "y": 0.6692100167274475,
        "z": 0.01282916497439146
      },
      "angular_velocity": {
        "x": -0.10658757388591766,
        "y": 0.0005008927546441555,
        "z": -4.201520641800016e-05
      }
    },
    "imu": {
      "timestamp_ns": 1767410422391231700,
      "linear_acceleration": {
        "x": -0.011404544115066528,
        "y": 0.003577902913093567,
        "z": -9.873748779296875
      },
      "angular_velocity": {
        "x": -0.10658757388591766,
        "y": 0.0005008927546441555,
        "z": -4.201520641800016e-05
      },
      "orientation": {
        "w": 0.9387990832328796,
        "x": 0.02806342951953411,
        "y": -0.04881100356578827,
        "z": 0.339832603931427
      }
    },
    "battery_percent": 67.37401101027343,
    "landed_state": "flying",
    "latency_ms": 308.6001000000351
  },
  "files": {
    "rgb": "data\\maps\\sequence_normal_ops_001_preflight_20260102_221811\\frames\\1767410421442115900.png",
    "depth": "data\\maps\\sequence_normal_ops_001_preflight_20260102_221811\\frames\\1767410421442115900_depth.npy"
  }
}