{
  "frame_id": "1767410386270250000",
  "sequence": 1701,
  "timestamp": "2026-01-02T22:19:46.270250",
  "timestamp_ns": 1767410386270250000,
  "camera": {
    "name": "front_center",
    "resolution": [
      1920,
      1080
    ],
    "fov_deg": 89.90362548828125,
    "intrinsics": {
      "fx": 961.6161300315734,
      "fy": 961.6161300315734,
      "cx": 960.0,
      "cy": 540.0
    },
    "pose": {
      "position": {
        "x": 85.04058837890625,
        "y": 83.80548095703125,
        "z": -20.319562911987305
      },
      "orientation": {
        "w": 0.899721086025238,
        "x": -0.04602900147438049,
        "y": -0.01699330285191536,
        "z": 0.4336986243724823
      }
    }
  },
  "telemetry": {
    "sequence": 1703,
    "server_timestamp_ms": 1767410386903.2249,
    "airsim_timestamp_ns": 1767410386903224900,
    "pose": {
      "timestamp_ns": 1767410386903224900,
      "position": {
        "x": 84.7584228515625,
        "y": 83.5170669555664,
        "z": -19.898605346679688
      },
      "orientation": {
        "w": 0.8942419290542603,
        "x": -0.10224425047636032,
        "y": 0.10058924555778503,
        "z": 0.4239802956581116
      },
      "linear_velocity": {
        "x": 0.8955013751983643,
        "y": 0.1615111082792282,
        "z": 0.32018694281578064
      },
      "angular_velocity": {
        "x": 0.03715161979198456,
        "y": -0.20640221238136292,
        "z": 7.945569086587057e-05
      }
    },
    "imu": {
      "timestamp_ns": 1767410386464918500,
      "linear_acceleration": {
        "x": -0.027814626693725586,
        "y": 0.0326075553894043,
        "z": -9.601293563842773
      },
      "angular_velocity": {
        "x": 0.03715161979198456,
        "y": -0.20640221238136292,
        "z": 7.945569086587057e-05
      },
      "orientation": {
        "w": 0.8942786455154419,
        "x": -0.10206350684165955,
        "y": 0.1003355085849762,
        "z": 0.42400652170181274
      }
    },
    "battery_percent": 76.23710125533933,
    "landed_state": "flying",
    "latency_ms": 632.4532999999519
  },
  "files": {
    "rgb": "data\\maps\\sequence_normal_ops_001_preflight_20260102_221811\\frames\\1767410386270250000.png",
    "depth": "data\\maps\\sequence_normal_ops_001_preflight_20260102_221811\\frames\\1767410386270250000_depth.npy"
  }
}