{
  "frame_id": "1767410356114366300",
  "sequence": 1297,
  "timestamp": "2026-01-02T22:19:16.114366",
  "timestamp_ns": 1767410356114366300,
  "camera": {
    "name": "front_center",
    "resolution": [
      1920,
      1080
    ],
    "fov_deg": 89.90362548828125,
    "intrinsics": {
      "fx": 961.6161300315734,
      "fy": 961.6161300315734,
      "cx": 960.0,
      "cy": 540.0
    },
    "pose": {
      "position": {
        "x": 34.919979095458984,
        "y": 30.732948303222656,
        "z": -20.884048461914062
      },
      "orientation": {
        "w": 0.9199116230010986,
        "x": -0.0014874701155349612,
        "y": -0.012210813350975513,
        "z": 0.39193275570869446
      }
    }
  },
  "telemetry": {
    "sequence": 1298,
    "server_timestamp_ms": 1767410356304.1243,
    "airsim_timestamp_ns": 1767410356304124400,
    "pose": {
      "timestamp_ns": 1767410356304124400,
      "position": {
        "x": 34.66593933105469,
        "y": 30.475364685058594,
        "z": -20.479888916015625
      },
      "orientation": {
        "w": 0.9125034213066101,
        "x": -0.05744254216551781,
        "y": 0.11609974503517151,
        "z": 0.38801896572113037
      },
      "linear_velocity": {
        "x": 2.4154393672943115,
        "y": 2.4811723232269287,
        "z": -0.4605153799057007
      },
      "angular_velocity": {
        "x": -0.17191585898399353,
        "y": 1.1861748695373535,
        "z": 0.0018532678950577974
      }
    },
    "imu": {
      "timestamp_ns": 1767410356302400500,
      "linear_acceleration": {
        "x": -0.09265899658203125,
        "y": 0.02334052324295044,
        "z": -16.15475082397461
      },
      "angular_velocity": {
        "x": -0.17191585898399353,
        "y": 1.1861748695373535,
        "z": 0.0018532678950577974
      },
      "orientation": {
        "w": 0.9125034213066101,
        "x": -0.05744254216551781,
        "y": 0.11609974503517151,
        "z": 0.38801896572113037
      }
    },
    "battery_percent": 83.98476596140745,
    "landed_state": "flying",
    "latency_ms": 189.58870000005845
  },
  "files": {
    "rgb": "data\\maps\\sequence_normal_ops_001_preflight_20260102_221811\\frames\\1767410356114366300.png",
    "depth": "data\\maps\\sequence_normal_ops_001_preflight_20260102_221811\\frames\\1767410356114366300_depth.npy"
  }
}