{
  "frame_id": "1767410418427437500",
  "sequence": 1837,
  "timestamp": "2026-01-02T22:20:18.427437",
  "timestamp_ns": 1767410418427437500,
  "camera": {
    "name": "front_center",
    "resolution": [
      1920,
      1080
    ],
    "fov_deg": 89.90362548828125,
    "intrinsics": {
      "fx": 961.6161300315734,
      "fy": 961.6161300315734,
      "cx": 960.0,
      "cy": 540.0
    },
    "pose": {
      "position": {
        "x": 123.73715209960938,
        "y": 124.6707992553711,
        "z": -20.363021850585938
      },
      "orientation": {
        "w": 0.9353543519973755,
        "x": -0.03756841644644737,
        "y": 0.005535039119422436,
        "z": 0.3516677916049957
      }
    }
  },
  "telemetry": {
    "sequence": 1838,
    "server_timestamp_ms": 1767410419273.1606,
    "airsim_timestamp_ns": 1767410419273160600,
    "pose": {
      "timestamp_ns": 1767410419273160600,
      "position": {
        "x": 123.59679412841797,
        "y": 124.50709533691406,
        "z": -19.9006290435791
      },
      "orientation": {
        "w": 0.928338885307312,
        "x": -0.07983595877885818,
        "y": 0.11180954426527023,
        "z": 0.34541529417037964
      },
      "linear_velocity": {
        "x": 0.7541208863258362,
        "y": 0.13358981907367706,
        "z": 0.24981068074703217
      },
      "angular_velocity": {
        "x": 0.009807330556213856,
        "y": -0.18117760121822357,
        "z": 0.00029774417635053396
      }
    },
    "imu": {
      "timestamp_ns": 1767410419091664900,
      "linear_acceleration": {
        "x": -0.032643914222717285,
        "y": 0.02088579535484314,
        "z": -9.609275817871094
      },
      "angular_velocity": {
        "x": 0.009807330556213856,
        "y": -0.18117760121822357,
        "z": 0.00029774417635053396
      },
      "orientation": {
        "w": 0.9286136627197266,
        "x": -0.078919418156147,
        "y": 0.1095736175775528,
        "z": 0.34560391306877136
      }
    },
    "battery_percent": 68.05869636493833,
    "landed_state": "flying",
    "latency_ms": 844.861700000024
  },
  "files": {
    "rgb": "data\\maps\\sequence_normal_ops_001_preflight_20260102_221811\\frames\\1767410418427437500.png",
    "depth": "data\\maps\\sequence_normal_ops_001_preflight_20260102_221811\\frames\\1767410418427437500_depth.npy"
  }
}