{
  "frame_id": "1767410445810377300",
  "sequence": 1882,
  "timestamp": "2026-01-02T22:20:45.810377",
  "timestamp_ns": 1767410445810377300,
  "camera": {
    "name": "front_center",
    "resolution": [
      1920,
      1080
    ],
    "fov_deg": 89.90362548828125,
    "intrinsics": {
      "fx": 961.6161300315734,
      "fy": 961.6161300315734,
      "cx": 960.0,
      "cy": 540.0
    },
    "pose": {
      "position": {
        "x": 146.1796112060547,
        "y": 141.50413513183594,
        "z": -20.067569732666016
      },
      "orientation": {
        "w": 0.9534614086151123,
        "x": 0.04572712257504463,
        "y": -0.08656708151102066,
        "z": 0.2851780652999878
      }
    }
  },
  "telemetry": {
    "sequence": 1883,
    "server_timestamp_ms": 1767410446425.1655,
    "airsim_timestamp_ns": 1767410446425165300,
    "pose": {
      "timestamp_ns": 1767410446425165300,
      "position": {
        "x": 145.7880401611328,
        "y": 141.22967529296875,
        "z": -19.733898162841797
      },
      "orientation": {
        "w": 0.9566036462783813,
        "x": 0.008112714625895023,
        "y": 0.03862519562244415,
        "z": 0.2887069284915924
      },
      "linear_velocity": {
        "x": -0.6785058975219727,
        "y": -1.0839154720306396,
        "z": 0.05255527049303055
      },
      "angular_velocity": {
        "x": 0.12117762118577957,
        "y": -0.17652210593223572,
        "z": 0.0005525749293155968
      }
    },
    "imu": {
      "timestamp_ns": 1767410446390433100,
      "linear_acceleration": {
        "x": -0.0070020779967308044,
        "y": 0.015033647418022156,
        "z": -10.188997268676758
      },
      "angular_velocity": {
        "x": 0.12117762118577957,
        "y": -0.17652210593223572,
        "z": 0.0005525749293155968
      },
      "orientation": {
        "w": 0.9566841721534729,
        "x": 0.010638085193932056,
        "y": 0.03660888969898224,
        "z": 0.2886209785938263
      }
    },
    "battery_percent": 61.26873676897106,
    "landed_state": "flying",
    "latency_ms": 615.297000000055
  },
  "files": {
    "rgb": "data\\maps\\sequence_normal_ops_001_preflight_20260102_221811\\frames\\1767410445810377300.png",
    "depth": "data\\maps\\sequence_normal_ops_001_preflight_20260102_221811\\frames\\1767410445810377300_depth.npy"
  }
}