{
  "frame_id": "1767410303217983400",
  "sequence": 392,
  "timestamp": "2026-01-02T22:18:23.217983",
  "timestamp_ns": 1767410303217983400,
  "camera": {
    "name": "front_center",
    "resolution": [
      1920,
      1080
    ],
    "fov_deg": 89.90362548828125,
    "intrinsics": {
      "fx": 961.6161300315734,
      "fy": 961.6161300315734,
      "cx": 960.0,
      "cy": 540.0
    },
    "pose": {
      "position": {
        "x": 5.997890472412109,
        "y": 1.067873477935791,
        "z": -20.916608810424805
      },
      "orientation": {
        "w": 0.7101984620094299,
        "x": 0.0027219338808208704,
        "y": -0.003283049911260605,
        "z": 0.7039886116981506
      }
    }
  },
  "telemetry": {
    "sequence": 393,
    "server_timestamp_ms": 1767410303315.3362,
    "airsim_timestamp_ns": 1767410303315336200,
    "pose": {
      "timestamp_ns": 1767410303315336200,
      "position": {
        "x": 5.993984222412109,
        "y": 0.6590282320976257,
        "z": -20.50088119506836
      },
      "orientation": {
        "w": 0.704551100730896,
        "x": -0.08919030427932739,
        "y": 0.08944453299045563,
        "z": 0.6983211636543274
      },
      "linear_velocity": {
        "x": 0.015887221321463585,
        "y": 1.8879014253616333,
        "z": -0.9482791423797607
      },
      "angular_velocity": {
        "x": -0.0003078686131630093,
        "y": -0.09202423691749573,
        "z": 0.0007292981608770788
      }
    },
    "imu": {
      "timestamp_ns": 1767410303315227700,
      "linear_acceleration": {
        "x": -0.0294874906539917,
        "y": 0.028169095516204834,
        "z": -4.920013427734375
      },
      "angular_velocity": {
        "x": -0.00039741231012158096,
        "y": -0.09598732739686966,
        "z": 0.0007205165456980467
      },
      "orientation": {
        "w": 0.7045741081237793,
        "x": -0.08899815380573273,
        "y": 0.08924975246191025,
        "z": 0.6983473896980286
      }
    },
    "battery_percent": 97.0437025348138,
    "landed_state": "flying",
    "latency_ms": 96.78499999995438
  },
  "files": {
    "rgb": "data\\maps\\sequence_normal_ops_001_preflight_20260102_221811\\frames\\1767410303217983400.png",
    "depth": "data\\maps\\sequence_normal_ops_001_preflight_20260102_221811\\frames\\1767410303217983400_depth.npy"
  }
}