{
  "frame_id": "1767410367760557700",
  "sequence": 1446,
  "timestamp": "2026-01-02T22:19:27.760557",
  "timestamp_ns": 1767410367760557700,
  "camera": {
    "name": "front_center",
    "resolution": [
      1920,
      1080
    ],
    "fov_deg": 89.90362548828125,
    "intrinsics": {
      "fx": 961.6161300315734,
      "fy": 961.6161300315734,
      "cx": 960.0,
      "cy": 540.0
    },
    "pose": {
      "position": {
        "x": 54.025943756103516,
        "y": 50.48175811767578,
        "z": -20.43315315246582
      },
      "orientation": {
        "w": 0.8990207314491272,
        "x": -0.031922370195388794,
        "y": -0.0323469415307045,
        "z": 0.43554142117500305
      }
    }
  },
  "telemetry": {
    "sequence": 1447,
    "server_timestamp_ms": 1767410367962.9514,
    "airsim_timestamp_ns": 1767410367962951300,
    "pose": {
      "timestamp_ns": 1767410367962951300,
      "position": {
        "x": 53.73921203613281,
        "y": 50.17575454711914,
        "z": -20.02800178527832
      },
      "orientation": {
        "w": 0.8955516219139099,
        "x": -0.08849883079528809,
        "y": 0.0852755457162857,
        "z": 0.4276486039161682
      },
      "linear_velocity": {
        "x": 0.7317816615104675,
        "y": -0.40374621748924255,
        "z": 0.39750242233276367
      },
      "angular_velocity": {
        "x": 0.0905645340681076,
        "y": -0.1861870139837265,
        "z": 0.00021177816961426288
      }
    },
    "imu": {
      "timestamp_ns": 1767410367963552300,
      "linear_acceleration": {
        "x": -0.016696572303771973,
        "y": 0.03842836618423462,
        "z": -10.0960111618042
      },
      "angular_velocity": {
        "x": 0.09115861356258392,
        "y": -0.18585652112960815,
        "z": 0.0002141769218724221
      },
      "orientation": {
        "w": 0.895588219165802,
        "x": -0.08825097233057022,
        "y": 0.08507885783910751,
        "z": 0.42766228318214417
      }
    },
    "battery_percent": 81.02601586874896,
    "landed_state": "flying",
    "latency_ms": 202.65150000000176
  },
  "files": {
    "rgb": "data\\maps\\sequence_normal_ops_001_preflight_20260102_221811\\frames\\1767410367760557700.png",
    "depth": "data\\maps\\sequence_normal_ops_001_preflight_20260102_221811\\frames\\1767410367760557700_depth.npy"
  }
}