{
  "frame_id": "1767410434041650200",
  "sequence": 1863,
  "timestamp": "2026-01-02T22:20:34.041650",
  "timestamp_ns": 1767410434041650200,
  "camera": {
    "name": "front_center",
    "resolution": [
      1920,
      1080
    ],
    "fov_deg": 89.90362548828125,
    "intrinsics": {
      "fx": 961.6161300315734,
      "fy": 961.6161300315734,
      "cx": 960.0,
      "cy": 540.0
    },
    "pose": {
      "position": {
        "x": 135.16256713867188,
        "y": 133.46917724609375,
        "z": -20.423730850219727
      },
      "orientation": {
        "w": 0.9222915172576904,
        "x": 0.002955108415335417,
        "y": -0.05847031623125076,
        "z": 0.38203519582748413
      }
    }
  },
  "telemetry": {
    "sequence": 1864,
    "server_timestamp_ms": 1767410435162.9868,
    "airsim_timestamp_ns": 1767410435162986700,
    "pose": {
      "timestamp_ns": 1767410435162986700,
      "position": {
        "x": 134.84010314941406,
        "y": 133.1384735107422,
        "z": -20.045021057128906
      },
      "orientation": {
        "w": 0.922248363494873,
        "x": -0.04447653889656067,
        "y": 0.06103834509849548,
        "z": 0.37914925813674927
      },
      "linear_velocity": {
        "x": 0.1884390413761139,
        "y": -0.8262209892272949,
        "z": 0.22950880229473114
      },
      "angular_velocity": {
        "x": 0.11839006096124649,
        "y": -0.14655166864395142,
        "z": 0.00029548726161010563
      }
    },
    "imu": {
      "timestamp_ns": 1767410434832096800,
      "linear_acceleration": {
        "x": -0.010241210460662842,
        "y": 0.028517499566078186,
        "z": -10.230242729187012
      },
      "angular_velocity": {
        "x": 0.11839006096124649,
        "y": -0.14655166864395142,
        "z": 0.00029548726161010563
      },
      "orientation": {
        "w": 0.922248363494873,
        "x": -0.04447653889656067,
        "y": 0.06103834509849548,
        "z": 0.37914925813674927
      }
    },
    "battery_percent": 64.13902994268884,
    "landed_state": "flying",
    "latency_ms": 1113.8176999999132
  },
  "files": {
    "rgb": "data\\maps\\sequence_normal_ops_001_preflight_20260102_221811\\frames\\1767410434041650200.png",
    "depth": "data\\maps\\sequence_normal_ops_001_preflight_20260102_221811\\frames\\1767410434041650200_depth.npy"
  }
}