{
  "frame_id": "1767410374474965400",
  "sequence": 1540,
  "timestamp": "2026-01-02T22:19:34.474965",
  "timestamp_ns": 1767410374474965400,
  "camera": {
    "name": "front_center",
    "resolution": [
      1920,
      1080
    ],
    "fov_deg": 89.90362548828125,
    "intrinsics": {
      "fx": 961.6161300315734,
      "fy": 961.6161300315734,
      "cx": 960.0,
      "cy": 540.0
    },
    "pose": {
      "position": {
        "x": 65.572509765625,
        "y": 63.53765106201172,
        "z": -20.478776931762695
      },
      "orientation": {
        "w": 0.8898792862892151,
        "x": -0.036764051765203476,
        "y": -0.02402481436729431,
        "z": 0.4540771543979645
      }
    }
  },
  "telemetry": {
    "sequence": 1541,
    "server_timestamp_ms": 1767410374866.3823,
    "airsim_timestamp_ns": 1767410374866382400,
    "pose": {
      "timestamp_ns": 1767410374866382400,
      "position": {
        "x": 65.30288696289062,
        "y": 63.2276611328125,
        "z": -20.065006256103516
      },
      "orientation": {
        "w": 0.8854021430015564,
        "x": -0.09571849554777145,
        "y": 0.09233327955007553,
        "z": 0.44539380073547363
      },
      "linear_velocity": {
        "x": 0.882023811340332,
        "y": 0.6510022878646851,
        "z": 0.21820470690727234
      },
      "angular_velocity": {
        "x": -0.017402254045009613,
        "y": -0.19601614773273468,
        "z": -0.0002839885128196329
      }
    },
    "imu": {
      "timestamp_ns": 1767410374741131400,
      "linear_acceleration": {
        "x": -0.03540444374084473,
        "y": 0.02762812376022339,
        "z": -9.461050987243652
      },
      "angular_velocity": {
        "x": -0.017402254045009613,
        "y": -0.19601614773273468,
        "z": -0.0002839885128196329
      },
      "orientation": {
        "w": 0.8854759931564331,
        "x": -0.09539898484945297,
        "y": 0.09151240438222885,
        "z": 0.4454849362373352
      }
    },
    "battery_percent": 79.2521356881052,
    "landed_state": "flying",
    "latency_ms": 391.7047999999568
  },
  "files": {
    "rgb": "data\\maps\\sequence_normal_ops_001_preflight_20260102_221811\\frames\\1767410374474965400.png",
    "depth": "data\\maps\\sequence_normal_ops_001_preflight_20260102_221811\\frames\\1767410374474965400_depth.npy"
  }
}