{
  "frame_id": "1767410399192862800",
  "sequence": 1796,
  "timestamp": "2026-01-02T22:19:59.192862",
  "timestamp_ns": 1767410399192862800,
  "camera": {
    "name": "front_center",
    "resolution": [
      1920,
      1080
    ],
    "fov_deg": 89.90362548828125,
    "intrinsics": {
      "fx": 961.6161300315734,
      "fy": 961.6161300315734,
      "cx": 960.0,
      "cy": 540.0
    },
    "pose": {
      "position": {
        "x": 103.1491470336914,
        "y": 103.39075469970703,
        "z": -20.215574264526367
      },
      "orientation": {
        "w": 0.8754640817642212,
        "x": -0.03632209822535515,
        "y": 0.0262265894562006,
        "z": 0.4812021851539612
      }
    }
  },
  "telemetry": {
    "sequence": 1797,
    "server_timestamp_ms": 1767410399656.452,
    "airsim_timestamp_ns": 1767410399656451900,
    "pose": {
      "timestamp_ns": 1767410399656451900,
      "position": {
        "x": 102.98413848876953,
        "y": 103.1574478149414,
        "z": -19.789846420288086
      },
      "orientation": {
        "w": 0.8637460470199585,
        "x": -0.10290109366178513,
        "y": 0.14213475584983826,
        "z": 0.4723895490169525
      },
      "linear_velocity": {
        "x": 1.52680504322052,
        "y": 2.2433557510375977,
        "z": -0.7943644523620605
      },
      "angular_velocity": {
        "x": -0.17605210840702057,
        "y": 0.17981618642807007,
        "z": 0.0019060121849179268
      }
    },
    "imu": {
      "timestamp_ns": 1767410399572176100,
      "linear_acceleration": {
        "x": -0.09119021892547607,
        "y": 0.026735275983810425,
        "z": -9.631828308105469
      },
      "angular_velocity": {
        "x": -0.17605210840702057,
        "y": 0.17981618642807007,
        "z": 0.0019060121849179268
      },
      "orientation": {
        "w": 0.8636780381202698,
        "x": -0.10326024144887924,
        "y": 0.14224910736083984,
        "z": 0.47240114212036133
      }
    },
    "battery_percent": 72.94025484915352,
    "landed_state": "flying",
    "latency_ms": 463.57690000002094
  },
  "files": {
    "rgb": "data\\maps\\sequence_normal_ops_001_preflight_20260102_221811\\frames\\1767410399192862800.png",
    "depth": "data\\maps\\sequence_normal_ops_001_preflight_20260102_221811\\frames\\1767410399192862800_depth.npy"
  }
}