{
  "frame_id": "1767410392188264200",
  "sequence": 1771,
  "timestamp": "2026-01-02T22:19:52.188264",
  "timestamp_ns": 1767410392188264200,
  "camera": {
    "name": "front_center",
    "resolution": [
      1920,
      1080
    ],
    "fov_deg": 89.90362548828125,
    "intrinsics": {
      "fx": 961.6161300315734,
      "fy": 961.6161300315734,
      "cx": 960.0,
      "cy": 540.0
    },
    "pose": {
      "position": {
        "x": 94.41773223876953,
        "y": 93.25008392333984,
        "z": -20.052961349487305
      },
      "orientation": {
        "w": 0.8887043595314026,
        "x": -0.011828483082354069,
        "y": -0.04531900957226753,
        "z": 0.4560820758342743
      }
    }
  },
  "telemetry": {
    "sequence": 1772,
    "server_timestamp_ms": 1767410392562.693,
    "airsim_timestamp_ns": 1767410392562693000,
    "pose": {
      "timestamp_ns": 1767410392562693000,
      "position": {
        "x": 94.1444091796875,
        "y": 92.91256713867188,
        "z": -19.663888931274414
      },
      "orientation": {
        "w": 0.8870166540145874,
        "x": -0.07125794887542725,
        "y": 0.07106789946556091,
        "z": 0.4506362974643707
      },
      "linear_velocity": {
        "x": 0.622181236743927,
        "y": -0.7439581155776978,
        "z": 0.34352681040763855
      },
      "angular_velocity": {
        "x": 0.1063820943236351,
        "y": -0.15697161853313446,
        "z": 0.00028238713275641203
      }
    },
    "imu": {
      "timestamp_ns": 1767410392562893600,
      "linear_acceleration": {
        "x": -0.009843707084655762,
        "y": 0.043586984276771545,
        "z": -10.275151252746582
      },
      "angular_velocity": {
        "x": 0.10675913095474243,
        "y": -0.15664564073085785,
        "z": 0.00028383181779645383
      },
      "orientation": {
        "w": 0.8873193860054016,
        "x": -0.06854541599750519,
        "y": 0.069525808095932,
        "z": 0.4507018029689789
      }
    },
    "battery_percent": 74.8091427891275,
    "landed_state": "flying",
    "latency_ms": 373.84949999989203
  },
  "files": {
    "rgb": "data\\maps\\sequence_normal_ops_001_preflight_20260102_221811\\frames\\1767410392188264200.png",
    "depth": "data\\maps\\sequence_normal_ops_001_preflight_20260102_221811\\frames\\1767410392188264200_depth.npy"
  }
}