{
  "frame_id": "1767410408006836300",
  "sequence": 1821,
  "timestamp": "2026-01-02T22:20:08.006836",
  "timestamp_ns": 1767410408006836300,
  "camera": {
    "name": "front_center",
    "resolution": [
      1920,
      1080
    ],
    "fov_deg": 89.90362548828125,
    "intrinsics": {
      "fx": 961.6161300315734,
      "fy": 961.6161300315734,
      "cx": 960.0,
      "cy": 540.0
    },
    "pose": {
      "position": {
        "x": 114.19039154052734,
        "y": 113.5838394165039,
        "z": -19.83956527709961
      },
      "orientation": {
        "w": 0.8721321225166321,
        "x": 0.08426760882139206,
        "y": -0.08265415579080582,
        "z": 0.47481870651245117
      }
    }
  },
  "telemetry": {
    "sequence": 1822,
    "server_timestamp_ms": 1767410409081.7703,
    "airsim_timestamp_ns": 1767410409081770200,
    "pose": {
      "timestamp_ns": 1767410409081770200,
      "position": {
        "x": 113.94647979736328,
        "y": 113.15928649902344,
        "z": -19.522930145263672
      },
      "orientation": {
        "w": 0.8754594326019287,
        "x": 0.02157040871679783,
        "y": 0.031889043748378754,
        "z": 0.48175570368766785
      },
      "linear_velocity": {
        "x": -0.22001540660858154,
        "y": -1.3541669845581055,
        "z": -0.01766371913254261
      },
      "angular_velocity": {
        "x": 0.054171252995729446,
        "y": -0.05758052319288254,
        "z": 9.807695460040122e-05
      }
    },
    "imu": {
      "timestamp_ns": 1767410408813489900,
      "linear_acceleration": {
        "x": -0.0014649182558059692,
        "y": 0.0333234965801239,
        "z": -9.86233901977539
      },
      "angular_velocity": {
        "x": 0.054171252995729446,
        "y": -0.05758052319288254,
        "z": 9.807695460040122e-05
      },
      "orientation": {
        "w": 0.8754603862762451,
        "x": 0.02168351225554943,
        "y": 0.03185258060693741,
        "z": 0.481751412153244
      }
    },
    "battery_percent": 70.68352421447568,
    "landed_state": "flying",
    "latency_ms": 1040.6384000000344
  },
  "files": {
    "rgb": "data\\maps\\sequence_normal_ops_001_preflight_20260102_221811\\frames\\1767410408006836300.png",
    "depth": "data\\maps\\sequence_normal_ops_001_preflight_20260102_221811\\frames\\1767410408006836300_depth.npy"
  }
}