{
  "frame_id": "1767410361250114100",
  "sequence": 1366,
  "timestamp": "2026-01-02T22:19:21.250114",
  "timestamp_ns": 1767410361250114100,
  "camera": {
    "name": "front_center",
    "resolution": [
      1920,
      1080
    ],
    "fov_deg": 89.90362548828125,
    "intrinsics": {
      "fx": 961.6161300315734,
      "fy": 961.6161300315734,
      "cx": 960.0,
      "cy": 540.0
    },
    "pose": {
      "position": {
        "x": 44.55937957763672,
        "y": 41.06374740600586,
        "z": -20.92413330078125
      },
      "orientation": {
        "w": 0.912283718585968,
        "x": -0.011615635827183723,
        "y": 0.001710654003545642,
        "z": 0.40939050912857056
      }
    }
  },
  "telemetry": {
    "sequence": 1367,
    "server_timestamp_ms": 1767410361497.9697,
    "airsim_timestamp_ns": 1767410361497969700,
    "pose": {
      "timestamp_ns": 1767410361497969700,
      "position": {
        "x": 44.28725051879883,
        "y": 40.77048110961914,
        "z": -20.499940872192383
      },
      "orientation": {
        "w": 0.9042556881904602,
        "x": -0.06495244801044464,
        "y": 0.12077293545007706,
        "z": 0.4043719470500946
      },
      "linear_velocity": {
        "x": 2.3151564598083496,
        "y": 2.4551279544830322,
        "z": -0.577968180179596
      },
      "angular_velocity": {
        "x": -0.11348645389080048,
        "y": 1.0575031042099,
        "z": -0.0002853575861081481
      }
    },
    "imu": {
      "timestamp_ns": 1767410361451854400,
      "linear_acceleration": {
        "x": -0.09363210201263428,
        "y": 0.02278059720993042,
        "z": -15.4867525100708
      },
      "angular_velocity": {
        "x": -0.11348645389080048,
        "y": 1.0575031042099,
        "z": -0.0002853575861081481
      },
      "orientation": {
        "w": 0.9038395881652832,
        "x": -0.06655547767877579,
        "y": 0.12356377393007278,
        "z": 0.40419843792915344
      }
    },
    "battery_percent": 82.64119033966777,
    "landed_state": "flying",
    "latency_ms": 247.31919999999263
  },
  "files": {
    "rgb": "data\\maps\\sequence_normal_ops_001_preflight_20260102_221811\\frames\\1767410361250114100.png",
    "depth": "data\\maps\\sequence_normal_ops_001_preflight_20260102_221811\\frames\\1767410361250114100_depth.npy"
  }
}