{
  "frame_id": "1767414127308965400",
  "sequence": 6,
  "timestamp": "2026-01-02T23:22:07.308965",
  "timestamp_ns": 1767414127308965400,
  "camera": {
    "name": "front_center",
    "resolution": [
      1920,
      1080
    ],
    "fov_deg": 89.90362548828125,
    "intrinsics": {
      "fx": 961.6161300315734,
      "fy": 961.6161300315734,
      "cx": 960.0,
      "cy": 540.0,
      "depth_scale": 1.0,
      "depth_min_m": 0.1,
      "depth_max_m": 100.0,
      "distortion": null
    },
    "pose": {
      "position": {
        "x": 13.57973861694336,
        "y": -4.831927299499512,
        "z": -20.68630599975586
      },
      "orientation": {
        "w": 0.9955597519874573,
        "x": 0.00900339800864458,
        "y": -0.007765479385852814,
        "z": -0.09337784349918365
      }
    }
  },
  "telemetry": {
    "sequence": 7,
    "server_timestamp_ms": 1767414127999.3088,
    "airsim_timestamp_ns": 1767414127999308900,
    "pose": {
      "timestamp_ns": 1767414127999308900,
      "position": {
        "x": 13.160480499267578,
        "y": -4.733648777008057,
        "z": -20.21369171142578
      },
      "orientation": {
        "w": 0.9903464317321777,
        "x": 0.016590924933552742,
        "y": 0.10280992835760117,
        "z": -0.09148117899894714
      },
      "linear_velocity": {
        "x": -0.280752569437027,
        "y": 0.21855027973651886,
        "z": 0.3187282383441925
      },
      "angular_velocity": {
        "x": -0.03841089829802513,
        "y": -0.23795980215072632,
        "z": -0.00010610950266709551
      }
    },
    "imu": {
      "timestamp_ns": 1767414127995987600,
      "linear_acceleration": {
        "x": -0.022968053817749023,
        "y": -0.0008538663387298584,
        "z": -10.223345756530762
      },
      "angular_velocity": {
        "x": -0.03841089829802513,
        "y": -0.23795980215072632,
        "z": -0.00010610950266709551
      },
      "orientation": {
        "w": 0.990384042263031,
        "x": 0.016501331701874733,
        "y": 0.10246177762746811,
        "z": -0.09148135036230087
      }
    },
    "battery_percent": 62.676055633842964,
    "landed_state": "flying",
    "latency_ms": 689.1194999998334
  },
  "files": {
    "rgb": "data\\maps\\sequence_normal_ops_001_preflight_charlie_20260102_232130\\frames\\1767414127308965400.png",
    "depth": "data\\maps\\sequence_normal_ops_001_preflight_charlie_20260102_232130\\frames\\1767414127308965400_depth.npy"
  }
}