{
  "frame_id": "1767414113863418600",
  "sequence": 3,
  "timestamp": "2026-01-02T23:21:53.863418",
  "timestamp_ns": 1767414113863418600,
  "camera": {
    "name": "front_center",
    "resolution": [
      1920,
      1080
    ],
    "fov_deg": 89.90362548828125,
    "intrinsics": {
      "fx": 961.6161300315734,
      "fy": 961.6161300315734,
      "cx": 960.0,
      "cy": 540.0,
      "depth_scale": 1.0,
      "depth_min_m": 0.1,
      "depth_max_m": 100.0,
      "distortion": null
    },
    "pose": {
      "position": {
        "x": -1.9497928619384766,
        "y": -1.6589411497116089,
        "z": -17.251691818237305
      },
      "orientation": {
        "w": 0.7095797061920166,
        "x": 0.09114507585763931,
        "y": -0.09340792894363403,
        "z": 0.6924334764480591
      }
    }
  },
  "telemetry": {
    "sequence": 5,
    "server_timestamp_ms": 1767414114472.2485,
    "airsim_timestamp_ns": 1767414114472248600,
    "pose": {
      "timestamp_ns": 1767414114472248600,
      "position": {
        "x": -1.9622063636779785,
        "y": -2.155168056488037,
        "z": -16.764934539794922
      },
      "orientation": {
        "w": 0.7157013416290283,
        "x": -1.2569473256007768e-05,
        "y": 8.094331860775128e-06,
        "z": 0.698406457901001
      },
      "linear_velocity": {
        "x": -0.006499267648905516,
        "y": 0.12016719579696655,
        "z": 6.264601230621338
      },
      "angular_velocity": {
        "x": 4.47478232672438e-05,
        "y": -0.00019694048387464136,
        "z": 7.772616186230152e-07
      }
    },
    "imu": {
      "timestamp_ns": 1767414114360491900,
      "linear_acceleration": {
        "x": -0.00018887221813201904,
        "y": 0.027935929596424103,
        "z": -6.3035125732421875
      },
      "angular_velocity": {
        "x": 4.47478232672438e-05,
        "y": -0.00019694048387464136,
        "z": 7.772616186230152e-07
      },
      "orientation": {
        "w": 0.7157013416290283,
        "x": -1.2569473256007768e-05,
        "y": 8.094331860775128e-06,
        "z": 0.698406457901001
      }
    },
    "battery_percent": 64.43457346898319,
    "landed_state": "flying",
    "latency_ms": 608.7493000004542
  },
  "files": {
    "rgb": "data\\maps\\sequence_normal_ops_001_preflight_charlie_20260102_232130\\frames\\1767414113863418600.png",
    "depth": "data\\maps\\sequence_normal_ops_001_preflight_charlie_20260102_232130\\frames\\1767414113863418600_depth.npy"
  }
}