{
  "frame_id": "1767412806914846600",
  "sequence": 758,
  "timestamp": "2026-01-02T23:00:06.914846",
  "timestamp_ns": 1767412806914846600,
  "camera": {
    "name": "front_center",
    "resolution": [
      1920,
      1080
    ],
    "fov_deg": 89.90362548828125,
    "intrinsics": {
      "fx": 961.6161300315734,
      "fy": 961.6161300315734,
      "cx": 960.0,
      "cy": 540.0,
      "depth_scale": 1.0,
      "depth_min_m": 0.1,
      "depth_max_m": 100.0,
      "distortion": null
    },
    "pose": {
      "position": {
        "x": 27.421598434448242,
        "y": 22.026126861572266,
        "z": -20.148008346557617
      },
      "orientation": {
        "w": 0.9296431541442871,
        "x": -0.021528540179133415,
        "y": -0.034985095262527466,
        "z": 0.3661641776561737
      }
    }
  },
  "telemetry": {
    "sequence": 760,
    "server_timestamp_ms": 1767412807221.3423,
    "airsim_timestamp_ns": 1767412807221342300,
    "pose": {
      "timestamp_ns": 1767412807221342300,
      "position": {
        "x": 27.095876693725586,
        "y": 21.75163459777832,
        "z": -19.747188568115234
      },
      "orientation": {
        "w": 0.926352858543396,
        "x": -0.06848759949207306,
        "y": 0.08604457229375839,
        "z": 0.36024466156959534
      },
      "linear_velocity": {
        "x": 0.41168615221977234,
        "y": -0.4555145800113678,
        "z": 0.3346099853515625
      },
      "angular_velocity": {
        "x": 0.08725626021623611,
        "y": -0.17965726554393768,
        "z": 0.000149094223161228
      }
    },
    "imu": {
      "timestamp_ns": 1767412807099055100,
      "linear_acceleration": {
        "x": -0.017877817153930664,
        "y": 0.025361433625221252,
        "z": -10.109552383422852
      },
      "angular_velocity": {
        "x": 0.08725626021623611,
        "y": -0.17965726554393768,
        "z": 0.000149094223161228
      },
      "orientation": {
        "w": -0.926384687423706,
        "x": 0.06827116757631302,
        "y": -0.0858432874083519,
        "z": -0.3602520525455475
      }
    },
    "battery_percent": 84.23272634095497,
    "landed_state": "flying",
    "latency_ms": 304.55080000001544
  },
  "files": {
    "rgb": "data\\maps\\sequence_normal_ops_001_preflight_20260102_225901\\frames\\1767412806914846600.png",
    "depth": "data\\maps\\sequence_normal_ops_001_preflight_20260102_225901\\frames\\1767412806914846600_depth.npy"
  }
}