{
  "frame_id": "1767412796001424200",
  "sequence": 660,
  "timestamp": "2026-01-02T22:59:56.001424",
  "timestamp_ns": 1767412796001424200,
  "camera": {
    "name": "front_center",
    "resolution": [
      1920,
      1080
    ],
    "fov_deg": 89.90362548828125,
    "intrinsics": {
      "fx": 961.6161300315734,
      "fy": 961.6161300315734,
      "cx": 960.0,
      "cy": 540.0,
      "depth_scale": 1.0,
      "depth_min_m": 0.1,
      "depth_max_m": 100.0,
      "distortion": null
    },
    "pose": {
      "position": {
        "x": 13.299958229064941,
        "y": 10.07193374633789,
        "z": -20.784332275390625
      },
      "orientation": {
        "w": 0.4663096070289612,
        "x": -0.07868731021881104,
        "y": -0.09294342994689941,
        "z": -0.8761993050575256
      }
    }
  },
  "telemetry": {
    "sequence": 661,
    "server_timestamp_ms": 1767412796290.1797,
    "airsim_timestamp_ns": 1767412796290179800,
    "pose": {
      "timestamp_ns": 1767412796290179800,
      "position": {
        "x": 13.545454978942871,
        "y": 10.496251106262207,
        "z": -20.46860122680664
      },
      "orientation": {
        "w": 0.47445181012153625,
        "x": 0.03635282814502716,
        "y": -0.03128266707062721,
        "z": -0.8789740204811096
      },
      "linear_velocity": {
        "x": 0.3560763895511627,
        "y": 1.4529424905776978,
        "z": -0.020367471501231194
      },
      "angular_velocity": {
        "x": 0.04941558465361595,
        "y": -0.06311880797147751,
        "z": 0.00010179122182307765
      }
    },
    "imu": {
      "timestamp_ns": 1767412796256620000,
      "linear_acceleration": {
        "x": 0.03887242078781128,
        "y": -0.010967090725898743,
        "z": -9.849584579467773
      },
      "angular_velocity": {
        "x": 0.04941558465361595,
        "y": -0.06311880797147751,
        "z": 0.00010179122182307765
      },
      "orientation": {
        "w": -0.4744296073913574,
        "x": -0.03616216033697128,
        "y": 0.03172553330659866,
        "z": 0.8789780735969543
      }
    },
    "battery_percent": 86.81089774130423,
    "landed_state": "flying",
    "latency_ms": 126.96379999988494
  },
  "files": {
    "rgb": "data\\maps\\sequence_normal_ops_001_preflight_20260102_225901\\frames\\1767412796001424200.png",
    "depth": "data\\maps\\sequence_normal_ops_001_preflight_20260102_225901\\frames\\1767412796001424200_depth.npy"
  }
}