{
  "frame_id": "1767409324164369600",
  "sequence": 408,
  "timestamp": "2026-01-02T22:02:04.164369",
  "timestamp_ns": 1767409324164369600,
  "camera": {
    "name": "front_center",
    "resolution": [
      1920,
      1080
    ],
    "fov_deg": 89.90362548828125,
    "intrinsics": {
      "fx": 961.6161300315734,
      "fy": 961.6161300315734,
      "cx": 960.0,
      "cy": 540.0
    },
    "pose": {
      "position": {
        "x": 5.965092182159424,
        "y": -1.7281235456466675,
        "z": -20.507991790771484
      },
      "orientation": {
        "w": 0.7097130417823792,
        "x": 0.06684476882219315,
        "y": -0.07200944423675537,
        "z": 0.6976057887077332
      }
    }
  },
  "telemetry": {
    "sequence": 409,
    "server_timestamp_ms": 1767409324265.4082,
    "airsim_timestamp_ns": 1767409324265408200,
    "pose": {
      "timestamp_ns": 1767409324265408200,
      "position": {
        "x": 5.95472526550293,
        "y": -2.2074546813964844,
        "z": -20.176128387451172
      },
      "orientation": {
        "w": 0.7130404710769653,
        "x": -0.024782925844192505,
        "y": 0.021242743358016014,
        "z": 0.7003626823425293
      },
      "linear_velocity": {
        "x": 0.014352179132401943,
        "y": 0.048536669462919235,
        "z": -3.039870500564575
      },
      "angular_velocity": {
        "x": 0.033455196768045425,
        "y": -0.24275006353855133,
        "z": -0.05009444057941437
      }
    },
    "imu": {
      "timestamp_ns": 1767409324265212000,
      "linear_acceleration": {
        "x": -0.0032409727573394775,
        "y": 0.027716323733329773,
        "z": -3.7115557193756104
      },
      "angular_velocity": {
        "x": 0.033455196768045425,
        "y": -0.24275006353855133,
        "z": -0.05009444057941437
      },
      "orientation": {
        "w": -0.713102400302887,
        "x": 0.024491772055625916,
        "y": -0.021016132086515427,
        "z": -0.7003166675567627
      }
    },
    "battery_percent": 98.33669580214224,
    "landed_state": "flying",
    "latency_ms": 101.37419999955455
  },
  "files": {
    "rgb": "data\\maps\\sequence_patrol_recharge_001_preflight_20260102_220200\\frames\\1767409324164369600.png",
    "depth": "data\\maps\\sequence_patrol_recharge_001_preflight_20260102_220200\\frames\\1767409324164369600_depth.npy"
  }
}