{
  "frame_id": "1767409332113214300",
  "sequence": 518,
  "timestamp": "2026-01-02T22:02:12.113214",
  "timestamp_ns": 1767409332113214300,
  "camera": {
    "name": "front_center",
    "resolution": [
      1920,
      1080
    ],
    "fov_deg": 89.90362548828125,
    "intrinsics": {
      "fx": 961.6161300315734,
      "fy": 961.6161300315734,
      "cx": 960.0,
      "cy": 540.0
    },
    "pose": {
      "position": {
        "x": 21.429136276245117,
        "y": 3.3742175102233887,
        "z": -21.215553283691406
      },
      "orientation": {
        "w": 0.9825068712234497,
        "x": -0.025717005133628845,
        "y": 0.05145440623164177,
        "z": 0.17711950838565826
      }
    }
  },
  "telemetry": {
    "sequence": 520,
    "server_timestamp_ms": 1767409332411.331,
    "airsim_timestamp_ns": 1767409332411331000,
    "pose": {
      "timestamp_ns": 1767409332411331000,
      "position": {
        "x": 21.11687660217285,
        "y": 3.2719035148620605,
        "z": -20.759777069091797
      },
      "orientation": {
        "w": 0.967393696308136,
        "x": -0.04921839013695717,
        "y": 0.1789194494485855,
        "z": 0.17238003015518188
      },
      "linear_velocity": {
        "x": 1.7723438739776611,
        "y": 0.5801935195922852,
        "z": -0.33980533480644226
      },
      "angular_velocity": {
        "x": -0.08702113479375839,
        "y": -0.03629479557275772,
        "z": 0.0003002618614118546
      }
    },
    "imu": {
      "timestamp_ns": 1767409332300991700,
      "linear_acceleration": {
        "x": -0.08604544401168823,
        "y": 0.0064165592193603516,
        "z": -8.546834945678711
      },
      "angular_velocity": {
        "x": -0.08702113479375839,
        "y": -0.03629479557275772,
        "z": 0.0003002618614118546
      },
      "orientation": {
        "w": -0.967393696308136,
        "x": 0.04921839013695717,
        "y": -0.1789194494485855,
        "z": -0.17238003015518188
      }
    },
    "battery_percent": 96.39978365344028,
    "landed_state": "flying",
    "latency_ms": 297.6314000043203
  },
  "files": {
    "rgb": "data\\maps\\sequence_patrol_recharge_001_preflight_20260102_220200\\frames\\1767409332113214300.png",
    "depth": "data\\maps\\sequence_patrol_recharge_001_preflight_20260102_220200\\frames\\1767409332113214300_depth.npy"
  }
}