{
  "frame_id": "1767414081274396000",
  "sequence": 3,
  "timestamp": "2026-01-02T23:21:21.274396",
  "timestamp_ns": 1767414081274396000,
  "camera": {
    "name": "front_center",
    "resolution": [
      1920,
      1080
    ],
    "fov_deg": 89.90362548828125,
    "intrinsics": {
      "fx": 961.6161300315734,
      "fy": 961.6161300315734,
      "cx": 960.0,
      "cy": 540.0,
      "depth_scale": 1.0,
      "depth_min_m": 0.1,
      "depth_max_m": 100.0,
      "distortion": null
    },
    "pose": {
      "position": {
        "x": 75.72955322265625,
        "y": 71.39887237548828,
        "z": -16.025793075561523
      },
      "orientation": {
        "w": 0.906059741973877,
        "x": 0.0843970775604248,
        "y": -0.12864108383655548,
        "z": 0.3941882252693176
      }
    }
  },
  "telemetry": {
    "sequence": 4,
    "server_timestamp_ms": 1767414081467.4124,
    "airsim_timestamp_ns": 1767414081467412100,
    "pose": {
      "timestamp_ns": 1767414081467412100,
      "position": {
        "x": 75.39378356933594,
        "y": 71.01152801513672,
        "z": -15.747904777526855
      },
      "orientation": {
        "w": 0.9150993227958679,
        "x": 0.032223161309957504,
        "y": -0.009276016615331173,
        "z": 0.4018319249153137
      },
      "linear_velocity": {
        "x": 0.07632874697446823,
        "y": -1.0620090961456299,
        "z": 5.0417160987854
      },
      "angular_velocity": {
        "x": 0.17992761731147766,
        "y": -0.09078684449195862,
        "z": 0.0014001233503222466
      }
    },
    "imu": {
      "timestamp_ns": 1767414081464861400,
      "linear_acceleration": {
        "x": -0.010067015886306763,
        "y": 0.017429649829864502,
        "z": -19.832597732543945
      },
      "angular_velocity": {
        "x": 0.17992761731147766,
        "y": -0.09078684449195862,
        "z": 0.0014001233503222466
      },
      "orientation": {
        "w": 0.9150993227958679,
        "x": 0.032223161309957504,
        "y": -0.009276016615331173,
        "z": 0.4018319249153137
      }
    },
    "battery_percent": 75.19529547867268,
    "landed_state": "flying",
    "latency_ms": 193.18890000067768
  },
  "files": {
    "rgb": "data\\maps\\sequence_normal_ops_001_preflight_alpha_20260102_232120\\frames\\1767414081274396000.png",
    "depth": "data\\maps\\sequence_normal_ops_001_preflight_alpha_20260102_232120\\frames\\1767414081274396000_depth.npy"
  }
}