{
  "frame_id": "1767396950939721500",
  "sequence": 762,
  "timestamp": "2026-01-02T18:35:50.939721",
  "timestamp_ns": 1767396950939721500,
  "camera": {
    "name": "front_center",
    "resolution": [
      1920,
      1080
    ],
    "fov_deg": 89.90362548828125,
    "intrinsics": {
      "fx": 961.6161300315734,
      "fy": 961.6161300315734,
      "cx": 960.0,
      "cy": 540.0
    },
    "pose": {
      "position": {
        "x": 17.750864028930664,
        "y": 11.687431335449219,
        "z": -21.103052139282227
      },
      "orientation": {
        "w": 0.9357377886772156,
        "x": -0.02824178710579872,
        "y": -0.022433826699852943,
        "z": 0.35084739327430725
      }
    }
  },
  "telemetry": {
    "sequence": 763,
    "server_timestamp_ms": 1767396951169.3376,
    "airsim_timestamp_ns": 1767396951169337800,
    "pose": {
      "timestamp_ns": 1767396951169337800,
      "position": {
        "x": 17.419832229614258,
        "y": 11.436342239379883,
        "z": -20.693939208984375
      },
      "orientation": {
        "w": 0.930660605430603,
        "x": -0.07379495352506638,
        "y": 0.0998963937163353,
        "z": 0.3441595733165741
      },
      "linear_velocity": {
        "x": 0.4587658643722534,
        "y": -0.3674393892288208,
        "z": 0.3526427149772644
      },
      "angular_velocity": {
        "x": 0.07490655779838562,
        "y": -0.1916303187608719,
        "z": 0.0001353084371658042
      }
    },
    "imu": {
      "timestamp_ns": 1767396951455153664,
      "linear_acceleration": {
        "x": -0.020666182041168213,
        "y": 0.02350880205631256,
        "z": -10.026741981506348
      },
      "angular_velocity": {
        "x": 0.07558733969926834,
        "y": -0.19159089028835297,
        "z": 0.00013783878239337355
      },
      "orientation": {
        "w": 0.9310581684112549,
        "x": -0.07160275429487228,
        "y": 0.09735847264528275,
        "z": 0.34427475929260254
      }
    },
    "battery_percent": 94.8382085698516,
    "landed_state": "flying",
    "latency_ms": 229.40899999957765
  },
  "files": {
    "rgb": "data\\maps\\sequence_normal_ops_001_preflight_20260102_183528\\frames\\1767396950939721500.png",
    "depth": "data\\maps\\sequence_normal_ops_001_preflight_20260102_183528\\frames\\1767396950939721500_depth.npy"
  }
}