{
  "frame_id": "1767396941996766700",
  "sequence": 580,
  "timestamp": "2026-01-02T18:35:41.996766",
  "timestamp_ns": 1767396941996766700,
  "camera": {
    "name": "front_center",
    "resolution": [
      1920,
      1080
    ],
    "fov_deg": 89.90362548828125,
    "intrinsics": {
      "fx": 961.6161300315734,
      "fy": 961.6161300315734,
      "cx": 960.0,
      "cy": 540.0
    },
    "pose": {
      "position": {
        "x": 5.989690780639648,
        "y": 0.7612805962562561,
        "z": -20.283756256103516
      },
      "orientation": {
        "w": 0.7096627950668335,
        "x": -0.013462338596582413,
        "y": 0.01220084261149168,
        "z": 0.7043071985244751
      }
    }
  },
  "telemetry": {
    "sequence": 581,
    "server_timestamp_ms": 1767396942214.4624,
    "airsim_timestamp_ns": 1767396942214462200,
    "pose": {
      "timestamp_ns": 1767396942214462200,
      "position": {
        "x": 5.9859185218811035,
        "y": 0.3714558184146881,
        "z": -19.850141525268555
      },
      "orientation": {
        "w": 0.7019990086555481,
        "x": -0.10527770221233368,
        "y": 0.10472604632377625,
        "z": 0.6965245604515076
      },
      "linear_velocity": {
        "x": 0.03128514438867569,
        "y": 3.0200700759887695,
        "z": -0.7249739170074463
      },
      "angular_velocity": {
        "x": 0.010930120944976807,
        "y": 0.32499173283576965,
        "z": -0.000147100945468992
      }
    },
    "imu": {
      "timestamp_ns": 1767396942499962624,
      "linear_acceleration": {
        "x": -0.052243590354919434,
        "y": 0.028049707412719727,
        "z": -11.005032539367676
      },
      "angular_velocity": {
        "x": 0.010930120944976807,
        "y": 0.32499173283576965,
        "z": -0.000147100945468992
      },
      "orientation": {
        "w": 0.7013767957687378,
        "x": -0.10933864116668701,
        "y": 0.1090913638472557,
        "z": 0.695855438709259
      }
    },
    "battery_percent": 96.89110921074332,
    "landed_state": "flying",
    "latency_ms": 217.55710000434192
  },
  "files": {
    "rgb": "data\\maps\\sequence_normal_ops_001_preflight_20260102_183528\\frames\\1767396941996766700.png",
    "depth": "data\\maps\\sequence_normal_ops_001_preflight_20260102_183528\\frames\\1767396941996766700_depth.npy"
  }
}