{
  "frame_id": "1767396961495976200",
  "sequence": 1039,
  "timestamp": "2026-01-02T18:36:01.495976",
  "timestamp_ns": 1767396961495976200,
  "camera": {
    "name": "front_center",
    "resolution": [
      1920,
      1080
    ],
    "fov_deg": 89.90362548828125,
    "intrinsics": {
      "fx": 961.6161300315734,
      "fy": 961.6161300315734,
      "cx": 960.0,
      "cy": 540.0
    },
    "pose": {
      "position": {
        "x": 36.329681396484375,
        "y": 32.16389465332031,
        "z": -21.185455322265625
      },
      "orientation": {
        "w": 0.9147836565971375,
        "x": -0.0346350371837616,
        "y": 0.023679537698626518,
        "z": 0.40175938606262207
      }
    }
  },
  "telemetry": {
    "sequence": 1040,
    "server_timestamp_ms": 1767396961733.7356,
    "airsim_timestamp_ns": 1767396961733735600,
    "pose": {
      "timestamp_ns": 1767396961733735600,
      "position": {
        "x": 36.06216049194336,
        "y": 31.90117073059082,
        "z": -20.738903045654297
      },
      "orientation": {
        "w": 0.903866708278656,
        "x": -0.08677885681390762,
        "y": 0.14288018643856049,
        "z": 0.3938014805316925
      },
      "linear_velocity": {
        "x": 1.389475703239441,
        "y": 1.1234155893325806,
        "z": -0.17545664310455322
      },
      "angular_velocity": {
        "x": -0.11738038808107376,
        "y": -0.1573237031698227,
        "z": 0.0015322715044021606
      }
    },
    "imu": {
      "timestamp_ns": 1767396962015378944,
      "linear_acceleration": {
        "x": -0.06400978565216064,
        "y": 0.02421095222234726,
        "z": -8.539359092712402
      },
      "angular_velocity": {
        "x": -0.11738038808107376,
        "y": -0.1573237031698227,
        "z": 0.0015322715044021606
      },
      "orientation": {
        "w": 0.9040346145629883,
        "x": -0.08760575205087662,
        "y": 0.1398250013589859,
        "z": 0.3943292498588562
      }
    },
    "battery_percent": 92.10909783913603,
    "landed_state": "flying",
    "latency_ms": 237.4737999998615
  },
  "files": {
    "rgb": "data\\maps\\sequence_normal_ops_001_preflight_20260102_183528\\frames\\1767396961495976200.png",
    "depth": "data\\maps\\sequence_normal_ops_001_preflight_20260102_183528\\frames\\1767396961495976200_depth.npy"
  }
}