{
  "frame_id": "1767396956184756200",
  "sequence": 901,
  "timestamp": "2026-01-02T18:35:56.184756",
  "timestamp_ns": 1767396956184756200,
  "camera": {
    "name": "front_center",
    "resolution": [
      1920,
      1080
    ],
    "fov_deg": 89.90362548828125,
    "intrinsics": {
      "fx": 961.6161300315734,
      "fy": 961.6161300315734,
      "cx": 960.0,
      "cy": 540.0
    },
    "pose": {
      "position": {
        "x": 25.65013885498047,
        "y": 20.960975646972656,
        "z": -20.90803337097168
      },
      "orientation": {
        "w": 0.9018185138702393,
        "x": -0.006739909294992685,
        "y": -0.0010292064398527145,
        "z": 0.43206119537353516
      }
    }
  },
  "telemetry": {
    "sequence": 902,
    "server_timestamp_ms": 1767396956417.5981,
    "airsim_timestamp_ns": 1767396956417598300,
    "pose": {
      "timestamp_ns": 1767396956417598300,
      "position": {
        "x": 25.392929077148438,
        "y": 20.64983558654785,
        "z": -20.48727798461914
      },
      "orientation": {
        "w": 0.8942376971244812,
        "x": -0.06307755410671234,
        "y": 0.11669053882360458,
        "z": 0.4274851381778717
      },
      "linear_velocity": {
        "x": 2.1288633346557617,
        "y": 2.4902961254119873,
        "z": -0.6298572421073914
      },
      "angular_velocity": {
        "x": -0.1345701515674591,
        "y": 0.8907263278961182,
        "z": 0.0008210372179746628
      }
    },
    "imu": {
      "timestamp_ns": 1767396956702265600,
      "linear_acceleration": {
        "x": -0.09424591064453125,
        "y": 0.02519625425338745,
        "z": -14.58688735961914
      },
      "angular_velocity": {
        "x": -0.13790979981422424,
        "y": 0.8727619051933289,
        "z": 0.0008458747179247439
      },
      "orientation": {
        "w": 0.8923569917678833,
        "x": -0.07081691920757294,
        "y": 0.12866871058940887,
        "z": 0.4267650544643402
      }
    },
    "battery_percent": 93.4935757348152,
    "landed_state": "flying",
    "latency_ms": 233.30440000427188
  },
  "files": {
    "rgb": "data\\maps\\sequence_normal_ops_001_preflight_20260102_183528\\frames\\1767396956184756200.png",
    "depth": "data\\maps\\sequence_normal_ops_001_preflight_20260102_183528\\frames\\1767396956184756200_depth.npy"
  }
}