{
  "frame_id": "1767406930119406600",
  "sequence": 3,
  "timestamp": "2026-01-02T21:22:10.119406",
  "timestamp_ns": 1767406930119406600,
  "camera": {
    "name": "front_center",
    "resolution": [
      1920,
      1080
    ],
    "fov_deg": 89.90362548828125,
    "intrinsics": {
      "fx": 961.6161300315734,
      "fy": 961.6161300315734,
      "cx": 960.0,
      "cy": 540.0
    },
    "pose": {
      "position": {
        "x": 14.152921676635742,
        "y": -1.7101975679397583,
        "z": -20.33364486694336
      },
      "orientation": {
        "w": 0.9832463264465332,
        "x": -0.022767622023820877,
        "y": -0.17090937495231628,
        "z": -0.059146296232938766
      }
    }
  },
  "telemetry": {
    "sequence": 4,
    "server_timestamp_ms": 1767406932291.1584,
    "airsim_timestamp_ns": 1767406932291158600,
    "pose": {
      "timestamp_ns": 1767406932291158600,
      "position": {
        "x": 13.63436222076416,
        "y": -1.6389663219451904,
        "z": -20.076698303222656
      },
      "orientation": {
        "w": 0.9971426725387573,
        "x": -0.014852701686322689,
        "y": -0.041107822209596634,
        "z": -0.06161206215620041
      },
      "linear_velocity": {
        "x": -1.0950759649276733,
        "y": 0.1005759909749031,
        "z": -0.09640292078256607
      },
      "angular_velocity": {
        "x": 0.001071387086994946,
        "y": -0.1378675103187561,
        "z": -7.037117757136002e-05
      }
    },
    "imu": {
      "timestamp_ns": 1767406932289513000,
      "linear_acceleration": {
        "x": -0.009230190888047218,
        "y": -0.0003555603325366974,
        "z": -9.823088645935059
      },
      "angular_velocity": {
        "x": 0.001071387086994946,
        "y": -0.1378675103187561,
        "z": -7.037117757136002e-05
      },
      "orientation": {
        "w": 0.9970957040786743,
        "x": -0.014917443506419659,
        "y": -0.04223204031586647,
        "z": -0.061595674604177475
      }
    },
    "battery_percent": 88.71175967655275,
    "landed_state": "flying",
    "latency_ms": 2170.8136000015656
  },
  "files": {
    "rgb": "data\\maps\\sequence_normal_ops_001_preflight_charlie_20260102_212111\\frames\\1767406930119406600.png",
    "depth": "data\\maps\\sequence_normal_ops_001_preflight_charlie_20260102_212111\\frames\\1767406930119406600_depth.npy"
  }
}