{
  "frame_id": "1767406917208643700",
  "sequence": 1,
  "timestamp": "2026-01-02T21:21:57.208643",
  "timestamp_ns": 1767406917208643700,
  "camera": {
    "name": "front_center",
    "resolution": [
      1920,
      1080
    ],
    "fov_deg": 89.90362548828125,
    "intrinsics": {
      "fx": 961.6161300315734,
      "fy": 961.6161300315734,
      "cx": 960.0,
      "cy": 540.0
    },
    "pose": {
      "position": {
        "x": -0.009696943685412407,
        "y": 0.20439167320728302,
        "z": -20.074758529663086
      },
      "orientation": {
        "w": 0.7114694118499756,
        "x": 0.01708276942372322,
        "y": -0.0188271664083004,
        "z": 0.7022570967674255
      }
    }
  },
  "telemetry": {
    "sequence": 2,
    "server_timestamp_ms": 1767406917430.5803,
    "airsim_timestamp_ns": 1767406917430580500,
    "pose": {
      "timestamp_ns": 1767406917430580500,
      "position": {
        "x": -0.016122721135616302,
        "y": -0.22164252400398254,
        "z": -19.67669677734375
      },
      "orientation": {
        "w": 0.7078401446342468,
        "x": -0.07472632080316544,
        "y": 0.07419929653406143,
        "z": 0.6984789371490479
      },
      "linear_velocity": {
        "x": 0.032583773136138916,
        "y": 2.50370192527771,
        "z": -2.077172040939331
      },
      "angular_velocity": {
        "x": 0.002902678679674864,
        "y": 0.6615999341011047,
        "z": -0.00015649131091777235
      }
    },
    "imu": {
      "timestamp_ns": 1767406917429880200,
      "linear_acceleration": {
        "x": -0.047119081020355225,
        "y": 0.028038501739501953,
        "z": -4.669083118438721
      },
      "angular_velocity": {
        "x": 0.002902678679674864,
        "y": 0.6615999341011047,
        "z": -0.00015649131091777235
      },
      "orientation": {
        "w": 0.7068374156951904,
        "x": -0.08362949639558792,
        "y": 0.083315908908844,
        "z": 0.6974564790725708
      }
    },
    "battery_percent": 90.96352505482363,
    "landed_state": "flying",
    "latency_ms": 221.6945999971358
  },
  "files": {
    "rgb": "data\\maps\\sequence_normal_ops_001_preflight_charlie_20260102_212111\\frames\\1767406917208643700.png",
    "depth": "data\\maps\\sequence_normal_ops_001_preflight_charlie_20260102_212111\\frames\\1767406917208643700_depth.npy"
  }
}