{
  "frame_id": "1767407043304091500",
  "sequence": 7,
  "timestamp": "2026-01-02T21:24:03.304091",
  "timestamp_ns": 1767407043304091500,
  "camera": {
    "name": "front_center",
    "resolution": [
      1920,
      1080
    ],
    "fov_deg": 89.90362548828125,
    "intrinsics": {
      "fx": 961.6161300315734,
      "fy": 961.6161300315734,
      "cx": 960.0,
      "cy": 540.0
    },
    "pose": {
      "position": {
        "x": 68.02179718017578,
        "y": -8.81875991821289,
        "z": -19.834957122802734
      },
      "orientation": {
        "w": 0.9886350631713867,
        "x": -0.020282287150621414,
        "y": -0.1348291039466858,
        "z": -0.0633278638124466
      }
    }
  },
  "telemetry": {
    "sequence": 8,
    "server_timestamp_ms": 1767407043806.9866,
    "airsim_timestamp_ns": 1767407043806986500,
    "pose": {
      "timestamp_ns": 1767407043805985900,
      "position": {
        "x": 67.52379608154297,
        "y": -8.746254920959473,
        "z": -19.54045295715332
      },
      "orientation": {
        "w": 0.9977759122848511,
        "x": -0.011842824518680573,
        "y": -0.00463284645229578,
        "z": -0.06543345749378204
      },
      "linear_velocity": {
        "x": -1.3942166566848755,
        "y": 0.2722685933113098,
        "z": -0.036332935094833374
      },
      "angular_velocity": {
        "x": -0.03017904981970787,
        "y": -0.26096829771995544,
        "z": -0.00027597000007517636
      }
    },
    "imu": {
      "timestamp_ns": 1767407043804236200,
      "linear_acceleration": {
        "x": -0.023761389777064323,
        "y": -0.0007012998685240746,
        "z": -10.214113235473633
      },
      "angular_velocity": {
        "x": -0.03017904981970787,
        "y": -0.26096829771995544,
        "z": -0.00027597000007517636
      },
      "orientation": {
        "w": -0.9977515339851379,
        "x": 0.012421546503901482,
        "y": 0.007772137876600027,
        "z": 0.06540065258741379
      }
    },
    "battery_percent": 70.82157627710828,
    "landed_state": "flying",
    "latency_ms": 502.7518999995664
  },
  "files": {
    "rgb": "data\\maps\\sequence_normal_ops_001_preflight_charlie_20260102_212111\\frames\\1767407043304091500.png",
    "depth": "data\\maps\\sequence_normal_ops_001_preflight_charlie_20260102_212111\\frames\\1767407043304091500_depth.npy"
  }
}