{
  "frame_id": "1767407050436308800",
  "sequence": 9,
  "timestamp": "2026-01-02T21:24:10.436308",
  "timestamp_ns": 1767407050436308800,
  "camera": {
    "name": "front_center",
    "resolution": [
      1920,
      1080
    ],
    "fov_deg": 89.90362548828125,
    "intrinsics": {
      "fx": 961.6161300315734,
      "fy": 961.6161300315734,
      "cx": 960.0,
      "cy": 540.0
    },
    "pose": {
      "position": {
        "x": 54.12111282348633,
        "y": -7.155934810638428,
        "z": -20.72747039794922
      },
      "orientation": {
        "w": 0.0615263357758522,
        "x": -0.03888449817895889,
        "y": 0.005228603724390268,
        "z": 0.9973340034484863
      }
    }
  },
  "telemetry": {
    "sequence": 10,
    "server_timestamp_ms": 1767407050681.4104,
    "airsim_timestamp_ns": 1767407050681410300,
    "pose": {
      "timestamp_ns": 1767407050681410300,
      "position": {
        "x": 54.489891052246094,
        "y": -7.199134826660156,
        "z": -20.277875900268555
      },
      "orientation": {
        "w": 0.0603175014257431,
        "x": -0.16873005032539368,
        "y": 0.013214671052992344,
        "z": 0.9837262630462646
      },
      "linear_velocity": {
        "x": -3.4021079540252686,
        "y": 0.41298845410346985,
        "z": -0.7424282431602478
      },
      "angular_velocity": {
        "x": 0.05171704292297363,
        "y": 1.1428571939468384,
        "z": -0.0007521508960053325
      }
    },
    "imu": {
      "timestamp_ns": 1767407050679120100,
      "linear_acceleration": {
        "x": 0.05255842208862305,
        "y": -0.0015453100204467773,
        "z": -16.03293228149414
      },
      "angular_velocity": {
        "x": 0.05171704292297363,
        "y": 1.1428571939468384,
        "z": -0.0007521508960053325
      },
      "orientation": {
        "w": 0.06030869483947754,
        "x": -0.17042869329452515,
        "y": 0.013395086862146854,
        "z": 0.9834315180778503
      }
    },
    "battery_percent": 69.45783982004431,
    "landed_state": "flying",
    "latency_ms": 242.9619999966235
  },
  "files": {
    "rgb": "data\\maps\\sequence_normal_ops_001_preflight_charlie_20260102_212111\\frames\\1767407050436308800.png",
    "depth": "data\\maps\\sequence_normal_ops_001_preflight_charlie_20260102_212111\\frames\\1767407050436308800_depth.npy"
  }
}