{
  "frame_id": "1767406941096804000",
  "sequence": 5,
  "timestamp": "2026-01-02T21:22:21.096804",
  "timestamp_ns": 1767406941096804000,
  "camera": {
    "name": "front_center",
    "resolution": [
      1920,
      1080
    ],
    "fov_deg": 89.90362548828125,
    "intrinsics": {
      "fx": 961.6161300315734,
      "fy": 961.6161300315734,
      "cx": 960.0,
      "cy": 540.0
    },
    "pose": {
      "position": {
        "x": 39.730194091796875,
        "y": -5.246101379394531,
        "z": -20.925119400024414
      },
      "orientation": {
        "w": 0.9975852370262146,
        "x": 0.003776219207793474,
        "y": 0.021501976996660233,
        "z": -0.06593256443738937
      }
    }
  },
  "telemetry": {
    "sequence": 6,
    "server_timestamp_ms": 1767406941364.7373,
    "airsim_timestamp_ns": 1767406941364737400,
    "pose": {
      "timestamp_ns": 1767406941364737400,
      "position": {
        "x": 39.34654998779297,
        "y": -5.197196006774902,
        "z": -20.48874282836914
      },
      "orientation": {
        "w": 0.9862442016601562,
        "x": 0.012349840253591537,
        "y": 0.15152902901172638,
        "z": -0.06487561017274857
      },
      "linear_velocity": {
        "x": 3.012469530105591,
        "y": -0.39143070578575134,
        "z": -0.769501805305481
      },
      "angular_velocity": {
        "x": 0.057452648878097534,
        "y": 0.9068272113800049,
        "z": -0.0009581957710906863
      }
    },
    "imu": {
      "timestamp_ns": 1767406941362849700,
      "linear_acceleration": {
        "x": -0.1916777491569519,
        "y": -0.0034693479537963867,
        "z": -13.578638076782227
      },
      "angular_velocity": {
        "x": 0.057452648878097534,
        "y": 0.9068272113800049,
        "z": -0.0009581957710906863
      },
      "orientation": {
        "w": 0.9832772612571716,
        "x": 0.014545531943440437,
        "y": 0.16956987977027893,
        "z": -0.06480975449085236
      }
    },
    "battery_percent": 86.97772688378959,
    "landed_state": "flying",
    "latency_ms": 268.40240000456106
  },
  "files": {
    "rgb": "data\\maps\\sequence_normal_ops_001_preflight_charlie_20260102_212111\\frames\\1767406941096804000.png",
    "depth": "data\\maps\\sequence_normal_ops_001_preflight_charlie_20260102_212111\\frames\\1767406941096804000_depth.npy"
  }
}