{
  "frame_id": "1767407807674272200",
  "sequence": 415,
  "timestamp": "2026-01-02T21:36:47.674272",
  "timestamp_ns": 1767407807674272200,
  "camera": {
    "name": "front_center",
    "resolution": [
      1920,
      1080
    ],
    "fov_deg": 89.90362548828125,
    "intrinsics": {
      "fx": 961.6161300315734,
      "fy": 961.6161300315734,
      "cx": 960.0,
      "cy": 540.0
    },
    "pose": {
      "position": {
        "x": 21.326021194458008,
        "y": 19.8808650970459,
        "z": -19.836322784423828
      },
      "orientation": {
        "w": 0.9243114590644836,
        "x": 0.1015535444021225,
        "y": -0.11296872794628143,
        "z": 0.3501046299934387
      }
    }
  },
  "telemetry": {
    "sequence": 416,
    "server_timestamp_ms": 1767407808720.6238,
    "airsim_timestamp_ns": 1767407808720623700,
    "pose": {
      "timestamp_ns": 1767407808720623700,
      "position": {
        "x": 20.97267723083496,
        "y": 19.5159854888916,
        "z": -19.54994773864746
      },
      "orientation": {
        "w": 0.9311492443084717,
        "x": 0.05498691648244858,
        "y": 0.008644595742225647,
        "z": 0.3603648245334625
      },
      "linear_velocity": {
        "x": -0.9876137971878052,
        "y": -0.9587150812149048,
        "z": -0.044126205146312714
      },
      "angular_velocity": {
        "x": 0.02060050703585148,
        "y": -0.104955293238163,
        "z": 0.0001612933265278116
      }
    },
    "imu": {
      "timestamp_ns": 1767407808520343900,
      "linear_acceleration": {
        "x": -0.0031727105379104614,
        "y": 0.012986600399017334,
        "z": -9.83163070678711
      },
      "angular_velocity": {
        "x": 0.02060050703585148,
        "y": -0.104955293238163,
        "z": 0.0001612933265278116
      },
      "orientation": {
        "w": 0.9311488270759583,
        "x": 0.055072929710149765,
        "y": 0.008508920669555664,
        "z": 0.36035609245300293
      }
    },
    "battery_percent": 86.74096181257559,
    "landed_state": "flying",
    "latency_ms": 1040.0777999966522
  },
  "files": {
    "rgb": "data\\maps\\sequence_normal_ops_001_preflight_alpha_20260102_213517\\frames\\1767407807674272200.png",
    "depth": "data\\maps\\sequence_normal_ops_001_preflight_alpha_20260102_213517\\frames\\1767407807674272200_depth.npy"
  }
}