{
  "frame_id": "1767407783467981000",
  "sequence": 365,
  "timestamp": "2026-01-02T21:36:23.467981",
  "timestamp_ns": 1767407783467981000,
  "camera": {
    "name": "front_center",
    "resolution": [
      1920,
      1080
    ],
    "fov_deg": 89.90362548828125,
    "intrinsics": {
      "fx": 961.6161300315734,
      "fy": 961.6161300315734,
      "cx": 960.0,
      "cy": 540.0
    },
    "pose": {
      "position": {
        "x": -0.19110426306724548,
        "y": 3.247983932495117,
        "z": -19.985301971435547
      },
      "orientation": {
        "w": 0.707419216632843,
        "x": 0.06870701909065247,
        "y": -0.0721748024225235,
        "z": 0.6997343301773071
      }
    }
  },
  "telemetry": {
    "sequence": 366,
    "server_timestamp_ms": 1767407783889.1172,
    "airsim_timestamp_ns": 1767407783889117300,
    "pose": {
      "timestamp_ns": 1767407783889117300,
      "position": {
        "x": -0.19778861105442047,
        "y": 2.767645835876465,
        "z": -19.654802322387695
      },
      "orientation": {
        "w": 0.7107878923416138,
        "x": -0.023214442655444145,
        "y": 0.020779401063919067,
        "z": 0.7027161121368408
      },
      "linear_velocity": {
        "x": 0.011390775442123413,
        "y": 0.42880189418792725,
        "z": 0.1428280472755432
      },
      "angular_velocity": {
        "x": -0.00015568509115837514,
        "y": -0.08544456958770752,
        "z": 2.295673539265408e-06
      }
    },
    "imu": {
      "timestamp_ns": 1767407783671383000,
      "linear_acceleration": {
        "x": -0.0038165152072906494,
        "y": 0.028409570455551147,
        "z": -10.012190818786621
      },
      "angular_velocity": {
        "x": -0.00015568509115837514,
        "y": -0.08544456958770752,
        "z": 2.295673539265408e-06
      },
      "orientation": {
        "w": 0.7107958197593689,
        "x": -0.022943047806620598,
        "y": 0.020503835752606392,
        "z": 0.7027250528335571
      }
    },
    "battery_percent": 90.81743105014662,
    "landed_state": "flying",
    "latency_ms": 421.3266000006115
  },
  "files": {
    "rgb": "data\\maps\\sequence_normal_ops_001_preflight_alpha_20260102_213517\\frames\\1767407783467981000.png",
    "depth": "data\\maps\\sequence_normal_ops_001_preflight_alpha_20260102_213517\\frames\\1767407783467981000_depth.npy"
  }
}