{
  "frame_id": "1767407817758317400",
  "sequence": 441,
  "timestamp": "2026-01-02T21:36:57.758317",
  "timestamp_ns": 1767407817758317400,
  "camera": {
    "name": "front_center",
    "resolution": [
      1920,
      1080
    ],
    "fov_deg": 89.90362548828125,
    "intrinsics": {
      "fx": 961.6161300315734,
      "fy": 961.6161300315734,
      "cx": 960.0,
      "cy": 540.0
    },
    "pose": {
      "position": {
        "x": 31.97515106201172,
        "y": 31.4473876953125,
        "z": -19.986974716186523
      },
      "orientation": {
        "w": 0.9324250221252441,
        "x": 0.009625704027712345,
        "y": -0.05605553835630417,
        "z": 0.3568595349788666
      }
    }
  },
  "telemetry": {
    "sequence": 442,
    "server_timestamp_ms": 1767407818761.6377,
    "airsim_timestamp_ns": 1767407818761637700,
    "pose": {
      "timestamp_ns": 1767407818761637700,
      "position": {
        "x": 31.634674072265625,
        "y": 31.15379524230957,
        "z": -19.61565399169922
      },
      "orientation": {
        "w": 0.9317647218704224,
        "x": -0.03703616186976433,
        "y": 0.0661299079656601,
        "z": 0.35506296157836914
      },
      "linear_velocity": {
        "x": -0.00953204371035099,
        "y": -1.036289930343628,
        "z": 0.23962849378585815
      },
      "angular_velocity": {
        "x": 0.13718819618225098,
        "y": -0.16822190582752228,
        "z": 0.0004355277051217854
      }
    },
    "imu": {
      "timestamp_ns": 1767407818582372500,
      "linear_acceleration": {
        "x": -0.008896589279174805,
        "y": 0.026966392993927002,
        "z": -10.328123092651367
      },
      "angular_velocity": {
        "x": 0.13739918172359467,
        "y": -0.1680854707956314,
        "z": 0.0004369753005448729
      },
      "orientation": {
        "w": 0.9318838715553284,
        "x": -0.03563116490840912,
        "y": 0.06531752645969391,
        "z": 0.35504448413848877
      }
    },
    "battery_percent": 84.9756934831492,
    "landed_state": "flying",
    "latency_ms": 1003.628899998148
  },
  "files": {
    "rgb": "data\\maps\\sequence_normal_ops_001_preflight_alpha_20260102_213517\\frames\\1767407817758317400.png",
    "depth": "data\\maps\\sequence_normal_ops_001_preflight_alpha_20260102_213517\\frames\\1767407817758317400_depth.npy"
  }
}