{
  "frame_id": "1767407796834857000",
  "sequence": 393,
  "timestamp": "2026-01-02T21:36:36.834857",
  "timestamp_ns": 1767407796834857000,
  "camera": {
    "name": "front_center",
    "resolution": [
      1920,
      1080
    ],
    "fov_deg": 89.90362548828125,
    "intrinsics": {
      "fx": 961.6161300315734,
      "fy": 961.6161300315734,
      "cx": 960.0,
      "cy": 540.0
    },
    "pose": {
      "position": {
        "x": 11.663187026977539,
        "y": 10.389749526977539,
        "z": -19.8867130279541
      },
      "orientation": {
        "w": 0.9473168849945068,
        "x": 0.06423214823007584,
        "y": -0.09318187087774277,
        "z": 0.29963669180870056
      }
    }
  },
  "telemetry": {
    "sequence": 394,
    "server_timestamp_ms": 1767407797644.267,
    "airsim_timestamp_ns": 1767407797644266900,
    "pose": {
      "timestamp_ns": 1767407797644266900,
      "position": {
        "x": 11.27981948852539,
        "y": 10.090081214904785,
        "z": -19.5654239654541
      },
      "orientation": {
        "w": 0.9513751268386841,
        "x": 0.02457219921052456,
        "y": 0.03126497566699982,
        "z": 0.3054572343826294
      },
      "linear_velocity": {
        "x": -0.8127954006195068,
        "y": -1.2248438596725464,
        "z": 0.0016854382120072842
      },
      "angular_velocity": {
        "x": 0.1163991168141365,
        "y": -0.17031456530094147,
        "z": 0.0005808189744129777
      }
    },
    "imu": {
      "timestamp_ns": 1767407797336238700,
      "linear_acceleration": {
        "x": -0.005579193122684956,
        "y": 0.016454696655273438,
        "z": -10.133112907409668
      },
      "angular_velocity": {
        "x": 0.1163991168141365,
        "y": -0.17031456530094147,
        "z": 0.0005808189744129777
      },
      "orientation": {
        "w": 0.9513880610466003,
        "x": 0.02555418759584427,
        "y": 0.030505329370498657,
        "z": 0.30541324615478516
      }
    },
    "battery_percent": 88.69310198668263,
    "landed_state": "flying",
    "latency_ms": 534.5327999966685
  },
  "files": {
    "rgb": "data\\maps\\sequence_normal_ops_001_preflight_alpha_20260102_213517\\frames\\1767407796834857000.png",
    "depth": "data\\maps\\sequence_normal_ops_001_preflight_alpha_20260102_213517\\frames\\1767407796834857000_depth.npy"
  }
}