{
  "frame_id": "1767408406947990500",
  "sequence": 761,
  "timestamp": "2026-01-02T21:46:46.947990",
  "timestamp_ns": 1767408406947990500,
  "camera": {
    "name": "front_center",
    "resolution": [
      1920,
      1080
    ],
    "fov_deg": 89.90362548828125,
    "intrinsics": {
      "fx": 961.6161300315734,
      "fy": 961.6161300315734,
      "cx": 960.0,
      "cy": 540.0
    },
    "pose": {
      "position": {
        "x": 36.497100830078125,
        "y": 9.325019836425781,
        "z": -20.952985763549805
      },
      "orientation": {
        "w": 0.9834352135658264,
        "x": -0.004072333686053753,
        "y": 0.01690351590514183,
        "z": 0.1804242581129074
      }
    }
  },
  "telemetry": {
    "sequence": 762,
    "server_timestamp_ms": 1767408407044.606,
    "airsim_timestamp_ns": 1767408407044605900,
    "pose": {
      "timestamp_ns": 1767408407044605900,
      "position": {
        "x": 36.1317253112793,
        "y": 9.187154769897461,
        "z": -20.51997947692871
      },
      "orientation": {
        "w": 0.9728153944015503,
        "x": -0.027587585151195526,
        "y": 0.1451229602098465,
        "z": 0.17834916710853577
      },
      "linear_velocity": {
        "x": 2.8755741119384766,
        "y": 1.1023205518722534,
        "z": -0.7213708162307739
      },
      "angular_velocity": {
        "x": -0.0681413859128952,
        "y": 0.6058055758476257,
        "z": -2.8517541068140417e-05
      }
    },
    "imu": {
      "timestamp_ns": 1767408407042830700,
      "linear_acceleration": {
        "x": -0.13783317804336548,
        "y": 0.00577467679977417,
        "z": -11.488585472106934
      },
      "angular_velocity": {
        "x": -0.0681413859128952,
        "y": 0.6058055758476257,
        "z": -2.8517541068140417e-05
      },
      "orientation": {
        "w": -0.97224360704422,
        "x": 0.02865208312869072,
        "y": -0.14876402914524078,
        "z": -0.17829957604408264
      }
    },
    "battery_percent": 94.31853389268569,
    "landed_state": "flying",
    "latency_ms": 94.86499999911757
  },
  "files": {
    "rgb": "data\\maps\\sequence_patrol_recharge_001_preflight_20260102_214637\\frames\\1767408406947990500.png",
    "depth": "data\\maps\\sequence_patrol_recharge_001_preflight_20260102_214637\\frames\\1767408406947990500_depth.npy"
  }
}