{
  "frame_id": "1767408397801807600",
  "sequence": 600,
  "timestamp": "2026-01-02T21:46:37.801807",
  "timestamp_ns": 1767408397801807600,
  "camera": {
    "name": "front_center",
    "resolution": [
      1920,
      1080
    ],
    "fov_deg": 89.90362548828125,
    "intrinsics": {
      "fx": 961.6161300315734,
      "fy": 961.6161300315734,
      "cx": 960.0,
      "cy": 540.0
    },
    "pose": {
      "position": {
        "x": 22.84067153930664,
        "y": 4.224519729614258,
        "z": -21.223331451416016
      },
      "orientation": {
        "w": 0.9707702994346619,
        "x": 0.0367753766477108,
        "y": -0.15655100345611572,
        "z": 0.17816965281963348
      }
    }
  },
  "telemetry": {
    "sequence": 601,
    "server_timestamp_ms": 1767408397911.3765,
    "airsim_timestamp_ns": 1767408397911376400,
    "pose": {
      "timestamp_ns": 1767408397911376400,
      "position": {
        "x": 22.35903549194336,
        "y": 4.03566312789917,
        "z": -20.95433235168457
      },
      "orientation": {
        "w": 0.9828991889953613,
        "x": 0.013204950839281082,
        "y": -0.02850073203444481,
        "z": 0.18144553899765015
      },
      "linear_velocity": {
        "x": 2.808354377746582,
        "y": 1.1351503133773804,
        "z": 0.31066226959228516
      },
      "angular_velocity": {
        "x": -0.18814070522785187,
        "y": 2.721608877182007,
        "z": -0.0069907126016914845
      }
    },
    "imu": {
      "timestamp_ns": 1767408397910265500,
      "linear_acceleration": {
        "x": -0.06997416913509369,
        "y": 0.009074786677956581,
        "z": -10.246788024902344
      },
      "angular_velocity": {
        "x": -0.18814070522785187,
        "y": 2.721608877182007,
        "z": -0.0069907126016914845
      },
      "orientation": {
        "w": -0.9832814335823059,
        "x": -0.008559520356357098,
        "y": 0.010748419910669327,
        "z": -0.181573286652565
      }
    },
    "battery_percent": 96.36302409139823,
    "landed_state": "flying",
    "latency_ms": 109.80399999971269
  },
  "files": {
    "rgb": "data\\maps\\sequence_patrol_recharge_001_preflight_20260102_214637\\frames\\1767408397801807600.png",
    "depth": "data\\maps\\sequence_patrol_recharge_001_preflight_20260102_214637\\frames\\1767408397801807600_depth.npy"
  }
}