{
  "frame_id": "1767408411896724200",
  "sequence": 918,
  "timestamp": "2026-01-02T21:46:51.896724",
  "timestamp_ns": 1767408411896724200,
  "camera": {
    "name": "front_center",
    "resolution": [
      1920,
      1080
    ],
    "fov_deg": 89.90362548828125,
    "intrinsics": {
      "fx": 961.6161300315734,
      "fy": 961.6161300315734,
      "cx": 960.0,
      "cy": 540.0
    },
    "pose": {
      "position": {
        "x": 50.15887451171875,
        "y": 14.456048965454102,
        "z": -20.924697875976562
      },
      "orientation": {
        "w": 0.9838442802429199,
        "x": -0.0028915635775774717,
        "y": 0.016323503106832504,
        "z": 0.17825725674629211
      }
    }
  },
  "telemetry": {
    "sequence": 919,
    "server_timestamp_ms": 1767408411993.917,
    "airsim_timestamp_ns": 1767408411993917000,
    "pose": {
      "timestamp_ns": 1767408411993917000,
      "position": {
        "x": 49.79256057739258,
        "y": 14.318744659423828,
        "z": -20.4923038482666
      },
      "orientation": {
        "w": 0.9732967019081116,
        "x": -0.026134068146348,
        "y": 0.14460130035877228,
        "z": 0.17635482549667358
      },
      "linear_velocity": {
        "x": 2.9468038082122803,
        "y": 1.035098671913147,
        "z": -0.7184046506881714
      },
      "angular_velocity": {
        "x": -0.0032271472737193108,
        "y": 0.6261218786239624,
        "z": 0.003456314792856574
      }
    },
    "imu": {
      "timestamp_ns": 1767408411991518900,
      "linear_acceleration": {
        "x": -0.14046695828437805,
        "y": 0.004184633493423462,
        "z": -11.570621490478516
      },
      "angular_velocity": {
        "x": -0.0032271472737193108,
        "y": 0.6261218786239624,
        "z": 0.003456314792856574
      },
      "orientation": {
        "w": -0.9732967019081116,
        "x": 0.026134068146348,
        "y": -0.14460130035877228,
        "z": -0.17635482549667358
      }
    },
    "battery_percent": 93.02916912861247,
    "landed_state": "flying",
    "latency_ms": 95.2636000001803
  },
  "files": {
    "rgb": "data\\maps\\sequence_patrol_recharge_001_preflight_20260102_214637\\frames\\1767408411896724200.png",
    "depth": "data\\maps\\sequence_patrol_recharge_001_preflight_20260102_214637\\frames\\1767408411896724200_depth.npy"
  }
}