{
  "frame_id": "1767410391062908300",
  "sequence": 1766,
  "timestamp": "2026-01-02T22:19:51.062908",
  "timestamp_ns": 1767410391062908300,
  "camera": {
    "name": "front_center",
    "resolution": [
      1920,
      1080
    ],
    "fov_deg": 89.90362548828125,
    "intrinsics": {
      "fx": 961.6161300315734,
      "fy": 961.6161300315734,
      "cx": 960.0,
      "cy": 540.0
    },
    "pose": {
      "position": {
        "x": 93.02613830566406,
        "y": 92.36112213134766,
        "z": -20.06656837463379
      },
      "orientation": {
        "w": 0.8940690159797668,
        "x": -0.028719473630189896,
        "y": 0.03257952630519867,
        "z": 0.4458187520503998
      }
    }
  },
  "telemetry": {
    "sequence": 1767,
    "server_timestamp_ms": 1767410391635.3845,
    "airsim_timestamp_ns": 1767410391635384500,
    "pose": {
      "timestamp_ns": 1767410391635384500,
      "position": {
        "x": 92.85309600830078,
        "y": 92.1401138305664,
        "z": -19.64078140258789
      },
      "orientation": {
        "w": 0.8809658288955688,
        "x": -0.09208773821592331,
        "y": 0.15286700427532196,
        "z": 0.43823590874671936
      },
      "linear_velocity": {
        "x": 1.8485444784164429,
        "y": 2.1964938640594482,
        "z": -0.8656160831451416
      },
      "angular_velocity": {
        "x": -0.21033015847206116,
        "y": 0.32601261138916016,
        "z": 0.002301095286384225
      }
    },
    "imu": {
      "timestamp_ns": 1767410391397753300,
      "linear_acceleration": {
        "x": -0.10064327716827393,
        "y": 0.027964413166046143,
        "z": -10.48161506652832
      },
      "angular_velocity": {
        "x": -0.21033015847206116,
        "y": 0.32601261138916016,
        "z": 0.002301095286384225
      },
      "orientation": {
        "w": 0.8808590173721313,
        "x": -0.0925835594534874,
        "y": 0.15316711366176605,
        "z": 0.4382413625717163
      }
    },
    "battery_percent": 75.00605847205271,
    "landed_state": "flying",
    "latency_ms": 572.1201000000065
  },
  "files": {
    "rgb": "data\\maps\\sequence_normal_ops_001_preflight_20260102_221810\\frames\\1767410391062908300.png",
    "depth": "data\\maps\\sequence_normal_ops_001_preflight_20260102_221810\\frames\\1767410391062908300_depth.npy"
  }
}