{
  "frame_id": "1767410380174567100",
  "sequence": 1610,
  "timestamp": "2026-01-02T22:19:40.174567",
  "timestamp_ns": 1767410380174567100,
  "camera": {
    "name": "front_center",
    "resolution": [
      1920,
      1080
    ],
    "fov_deg": 89.90362548828125,
    "intrinsics": {
      "fx": 961.6161300315734,
      "fy": 961.6161300315734,
      "cx": 960.0,
      "cy": 540.0
    },
    "pose": {
      "position": {
        "x": 74.60877227783203,
        "y": 73.03085327148438,
        "z": -20.486595153808594
      },
      "orientation": {
        "w": 0.8992804884910583,
        "x": -0.03179679811000824,
        "y": 0.03365354239940643,
        "z": 0.4349149465560913
      }
    }
  },
  "telemetry": {
    "sequence": 1611,
    "server_timestamp_ms": 1767410380272.4683,
    "airsim_timestamp_ns": 1767410380272468100,
    "pose": {
      "timestamp_ns": 1767410380272468100,
      "position": {
        "x": 74.37149047851562,
        "y": 72.75091552734375,
        "z": -20.03346061706543
      },
      "orientation": {
        "w": 0.8871943354606628,
        "x": -0.08829256147146225,
        "y": 0.15074528753757477,
        "z": 0.4270438551902771
      },
      "linear_velocity": {
        "x": 1.5746045112609863,
        "y": 1.9118342399597168,
        "z": -0.609670102596283
      },
      "angular_velocity": {
        "x": -0.17379693686962128,
        "y": -0.05064758285880089,
        "z": 0.00041421756031922996
      }
    },
    "imu": {
      "timestamp_ns": 1767410380271179600,
      "linear_acceleration": {
        "x": -0.09127020835876465,
        "y": 0.02257753163576126,
        "z": -8.392111778259277
      },
      "angular_velocity": {
        "x": -0.17379693686962128,
        "y": -0.05064758285880089,
        "z": 0.00041421756031922996
      },
      "orientation": {
        "w": 0.8871230483055115,
        "x": -0.08932290971279144,
        "y": 0.1499108523130417,
        "z": 0.4272712767124176
      }
    },
    "battery_percent": 77.88753220762875,
    "landed_state": "flying",
    "latency_ms": 97.88619999994808
  },
  "files": {
    "rgb": "data\\maps\\sequence_normal_ops_001_preflight_20260102_221810\\frames\\1767410380174567100.png",
    "depth": "data\\maps\\sequence_normal_ops_001_preflight_20260102_221810\\frames\\1767410380174567100_depth.npy"
  }
}