{
  "frame_id": "1767410435180540800",
  "sequence": 1867,
  "timestamp": "2026-01-02T22:20:35.180540",
  "timestamp_ns": 1767410435180540800,
  "camera": {
    "name": "front_center",
    "resolution": [
      1920,
      1080
    ],
    "fov_deg": 89.90362548828125,
    "intrinsics": {
      "fx": 961.6161300315734,
      "fy": 961.6161300315734,
      "cx": 960.0,
      "cy": 540.0
    },
    "pose": {
      "position": {
        "x": 135.0507049560547,
        "y": 132.53958129882812,
        "z": -20.284963607788086
      },
      "orientation": {
        "w": 0.9214189052581787,
        "x": 0.0713125541806221,
        "y": -0.08913286030292511,
        "z": 0.37142571806907654
      }
    }
  },
  "telemetry": {
    "sequence": 1868,
    "server_timestamp_ms": 1767410435754.3904,
    "airsim_timestamp_ns": 1767410435754390500,
    "pose": {
      "timestamp_ns": 1767410435754390500,
      "position": {
        "x": 134.71701049804688,
        "y": 132.18446350097656,
        "z": -19.96474838256836
      },
      "orientation": {
        "w": 0.9251701831817627,
        "x": 0.022221682593226433,
        "y": 0.03189898654818535,
        "z": 0.3775562644004822
      },
      "linear_velocity": {
        "x": -0.5022721290588379,
        "y": -1.2547839879989624,
        "z": -0.014189445413649082
      },
      "angular_velocity": {
        "x": 0.09368284046649933,
        "y": -0.10866036266088486,
        "z": 0.0003159938787575811
      }
    },
    "imu": {
      "timestamp_ns": 1767410435693301100,
      "linear_acceleration": {
        "x": -0.0034982115030288696,
        "y": 0.02377060055732727,
        "z": -9.97535514831543
      },
      "angular_velocity": {
        "x": 0.09368284046649933,
        "y": -0.10866036266088486,
        "z": 0.0003159938787575811
      },
      "orientation": {
        "w": 0.9251866340637207,
        "x": 0.024164043366909027,
        "y": 0.03092477098107338,
        "z": 0.377477765083313
      }
    },
    "battery_percent": 64.01152246975562,
    "landed_state": "flying",
    "latency_ms": 572.805199999948
  },
  "files": {
    "rgb": "data\\maps\\sequence_normal_ops_001_preflight_20260102_221810\\frames\\1767410435180540800.png",
    "depth": "data\\maps\\sequence_normal_ops_001_preflight_20260102_221810\\frames\\1767410435180540800_depth.npy"
  }
}