{
  "frame_id": "1767410334534593300",
  "sequence": 956,
  "timestamp": "2026-01-02T22:18:54.534593",
  "timestamp_ns": 1767410334534593300,
  "camera": {
    "name": "front_center",
    "resolution": [
      1920,
      1080
    ],
    "fov_deg": 89.90362548828125,
    "intrinsics": {
      "fx": 961.6161300315734,
      "fy": 961.6161300315734,
      "cx": 960.0,
      "cy": 540.0
    },
    "pose": {
      "position": {
        "x": 42.24270248413086,
        "y": 42.58523941040039,
        "z": -21.212175369262695
      },
      "orientation": {
        "w": 0.9156157374382019,
        "x": -0.03664005175232887,
        "y": 0.008648513816297054,
        "z": 0.40028810501098633
      }
    }
  },
  "telemetry": {
    "sequence": 957,
    "server_timestamp_ms": 1767410334641.4834,
    "airsim_timestamp_ns": 1767410334641483200,
    "pose": {
      "timestamp_ns": 1767410334641483200,
      "position": {
        "x": 41.96167755126953,
        "y": 42.319419860839844,
        "z": -20.775869369506836
      },
      "orientation": {
        "w": 0.906653642654419,
        "x": -0.08857467025518417,
        "y": 0.12808635830879211,
        "z": 0.392081081867218
      },
      "linear_velocity": {
        "x": 1.1829638481140137,
        "y": 0.7854270935058594,
        "z": 0.034903258085250854
      },
      "angular_velocity": {
        "x": -0.07476427406072617,
        "y": -0.18121308088302612,
        "z": 0.0005931074847467244
      }
    },
    "imu": {
      "timestamp_ns": 1767410334640295500,
      "linear_acceleration": {
        "x": -0.04997706413269043,
        "y": 0.024985678493976593,
        "z": -8.926779747009277
      },
      "angular_velocity": {
        "x": -0.07476427406072617,
        "y": -0.18121308088302612,
        "z": 0.0005931074847467244
      },
      "orientation": {
        "w": 0.9066780209541321,
        "x": -0.08857040107250214,
        "y": 0.12779580056667328,
        "z": 0.3921203911304474
      }
    },
    "battery_percent": 89.37476785160005,
    "landed_state": "flying",
    "latency_ms": 105.6601000000228
  },
  "files": {
    "rgb": "data\\maps\\sequence_normal_ops_001_preflight_20260102_221810\\frames\\1767410334534593300.png",
    "depth": "data\\maps\\sequence_normal_ops_001_preflight_20260102_221810\\frames\\1767410334534593300_depth.npy"
  }
}