{
  "frame_id": "1767410366647829100",
  "sequence": 1432,
  "timestamp": "2026-01-02T22:19:26.647829",
  "timestamp_ns": 1767410366647829100,
  "camera": {
    "name": "front_center",
    "resolution": [
      1920,
      1080
    ],
    "fov_deg": 89.90362548828125,
    "intrinsics": {
      "fx": 961.6161300315734,
      "fy": 961.6161300315734,
      "cx": 960.0,
      "cy": 540.0
    },
    "pose": {
      "position": {
        "x": 52.47524642944336,
        "y": 49.235008239746094,
        "z": -20.230087280273438
      },
      "orientation": {
        "w": 0.9047678709030151,
        "x": -0.002207712270319462,
        "y": -0.028527742251753807,
        "z": 0.42494285106658936
      }
    }
  },
  "telemetry": {
    "sequence": 1434,
    "server_timestamp_ms": 1767410366930.5198,
    "airsim_timestamp_ns": 1767410366930519700,
    "pose": {
      "timestamp_ns": 1767410366930519700,
      "position": {
        "x": 52.19454574584961,
        "y": 48.914798736572266,
        "z": -19.831750869750977
      },
      "orientation": {
        "w": 0.9007510542869568,
        "x": -0.05765499919652939,
        "y": 0.08981221914291382,
        "z": 0.4210192561149597
      },
      "linear_velocity": {
        "x": 2.2697041034698486,
        "y": 2.781649351119995,
        "z": -0.36309823393821716
      },
      "angular_velocity": {
        "x": -0.10239634662866592,
        "y": 1.426253318786621,
        "z": -6.897370622027665e-05
      }
    },
    "imu": {
      "timestamp_ns": 1767410366838739500,
      "linear_acceleration": {
        "x": -0.08392047882080078,
        "y": 0.020571917295455933,
        "z": -15.779109954833984
      },
      "angular_velocity": {
        "x": -0.10239634662866592,
        "y": 1.426253318786621,
        "z": -6.897370622027665e-05
      },
      "orientation": {
        "w": 0.8998567461967468,
        "x": -0.06203755363821983,
        "y": 0.09781478345394135,
        "z": 0.4205252230167389
      }
    },
    "battery_percent": 81.27278927298987,
    "landed_state": "flying",
    "latency_ms": 282.33639999996285
  },
  "files": {
    "rgb": "data\\maps\\sequence_normal_ops_001_preflight_20260102_221810\\frames\\1767410366647829100.png",
    "depth": "data\\maps\\sequence_normal_ops_001_preflight_20260102_221810\\frames\\1767410366647829100_depth.npy"
  }
}