{
  "frame_id": "1767410406923758000",
  "sequence": 1817,
  "timestamp": "2026-01-02T22:20:06.923758",
  "timestamp_ns": 1767410406923758000,
  "camera": {
    "name": "front_center",
    "resolution": [
      1920,
      1080
    ],
    "fov_deg": 89.90362548828125,
    "intrinsics": {
      "fx": 961.6161300315734,
      "fy": 961.6161300315734,
      "cx": 960.0,
      "cy": 540.0
    },
    "pose": {
      "position": {
        "x": 113.92539978027344,
        "y": 115.04268646240234,
        "z": -19.959129333496094
      },
      "orientation": {
        "w": 0.8714885115623474,
        "x": 0.016003979369997978,
        "y": -0.06970899552106857,
        "z": 0.48517242074012756
      }
    }
  },
  "telemetry": {
    "sequence": 1819,
    "server_timestamp_ms": 1767410407619.7788,
    "airsim_timestamp_ns": 1767410407619778900,
    "pose": {
      "timestamp_ns": 1767410407619778900,
      "position": {
        "x": 113.67041778564453,
        "y": 114.6607894897461,
        "z": -19.599773406982422
      },
      "orientation": {
        "w": 0.8731316924095154,
        "x": -0.0474606454372406,
        "y": 0.044639457017183304,
        "z": 0.483110636472702
      },
      "linear_velocity": {
        "x": 0.5437110662460327,
        "y": -0.6952435970306396,
        "z": 0.20002953708171844
      },
      "angular_velocity": {
        "x": 0.08925424516201019,
        "y": -0.10165239125490189,
        "z": 0.000171685591340065
      }
    },
    "imu": {
      "timestamp_ns": 1767410407529284000,
      "linear_acceleration": {
        "x": -0.006665050983428955,
        "y": 0.04247938096523285,
        "z": -10.176939010620117
      },
      "angular_velocity": {
        "x": 0.08925424516201019,
        "y": -0.10165239125490189,
        "z": 0.000171685591340065
      },
      "orientation": {
        "w": 0.8731706738471985,
        "x": -0.0468885563313961,
        "y": 0.04443178325891495,
        "z": 0.48311513662338257
      }
    },
    "battery_percent": 70.99902995225249,
    "landed_state": "flying",
    "latency_ms": 691.4146000000301
  },
  "files": {
    "rgb": "data\\maps\\sequence_normal_ops_001_preflight_20260102_221810\\frames\\1767410406923758000.png",
    "depth": "data\\maps\\sequence_normal_ops_001_preflight_20260102_221810\\frames\\1767410406923758000_depth.npy"
  }
}