{
  "frame_id": "1767410329030743500",
  "sequence": 823,
  "timestamp": "2026-01-02T22:18:49.030743",
  "timestamp_ns": 1767410329030743500,
  "camera": {
    "name": "front_center",
    "resolution": [
      1920,
      1080
    ],
    "fov_deg": 89.90362548828125,
    "intrinsics": {
      "fx": 961.6161300315734,
      "fy": 961.6161300315734,
      "cx": 960.0,
      "cy": 540.0
    },
    "pose": {
      "position": {
        "x": 31.676097869873047,
        "y": 31.96957015991211,
        "z": -21.172874450683594
      },
      "orientation": {
        "w": 0.9197471141815186,
        "x": -0.031962331384420395,
        "y": 0.032722052186727524,
        "z": 0.3898370862007141
      }
    }
  },
  "telemetry": {
    "sequence": 824,
    "server_timestamp_ms": 1767410329136.5193,
    "airsim_timestamp_ns": 1767410329136519100,
    "pose": {
      "timestamp_ns": 1767410329136519100,
      "position": {
        "x": 31.40962791442871,
        "y": 31.715105056762695,
        "z": -20.720943450927734
      },
      "orientation": {
        "w": 0.9076074361801147,
        "x": -0.08257284015417099,
        "y": 0.1524931937456131,
        "z": 0.382330060005188
      },
      "linear_velocity": {
        "x": 1.625457525253296,
        "y": 1.4283710718154907,
        "z": -0.4361066222190857
      },
      "angular_velocity": {
        "x": -0.15213562548160553,
        "y": -0.08149109780788422,
        "z": 0.0016807862557470798
      }
    },
    "imu": {
      "timestamp_ns": 1767410329135119600,
      "linear_acceleration": {
        "x": -0.08194935321807861,
        "y": 0.021938398480415344,
        "z": -8.39289665222168
      },
      "angular_velocity": {
        "x": -0.15213562548160553,
        "y": -0.08149109780788422,
        "z": 0.0016807862557470798
      },
      "orientation": {
        "w": 0.9075972437858582,
        "x": -0.0832289531826973,
        "y": 0.15172581374645233,
        "z": 0.3825172483921051
      }
    },
    "battery_percent": 90.78517412582146,
    "landed_state": "flying",
    "latency_ms": 106.25879999997778
  },
  "files": {
    "rgb": "data\\maps\\sequence_normal_ops_001_preflight_20260102_221810\\frames\\1767410329030743500.png",
    "depth": "data\\maps\\sequence_normal_ops_001_preflight_20260102_221810\\frames\\1767410329030743500_depth.npy"
  }
}