{
  "frame_id": "1767410373989754800",
  "sequence": 1532,
  "timestamp": "2026-01-02T22:19:33.989754",
  "timestamp_ns": 1767410373989754800,
  "camera": {
    "name": "front_center",
    "resolution": [
      1920,
      1080
    ],
    "fov_deg": 89.90362548828125,
    "intrinsics": {
      "fx": 961.6161300315734,
      "fy": 961.6161300315734,
      "cx": 960.0,
      "cy": 540.0
    },
    "pose": {
      "position": {
        "x": 64.8574447631836,
        "y": 62.72472381591797,
        "z": -20.42070960998535
      },
      "orientation": {
        "w": 0.8945198059082031,
        "x": -0.03225613385438919,
        "y": 0.03218676894903183,
        "z": 0.444699764251709
      }
    }
  },
  "telemetry": {
    "sequence": 1533,
    "server_timestamp_ms": 1767410374171.6775,
    "airsim_timestamp_ns": 1767410374171677800,
    "pose": {
      "timestamp_ns": 1767410374171677800,
      "position": {
        "x": 64.6253890991211,
        "y": 62.43928909301758,
        "z": -19.96829605102539
      },
      "orientation": {
        "w": 0.8826658129692078,
        "x": -0.0900251492857933,
        "y": 0.14866967499256134,
        "z": 0.4366850256919861
      },
      "linear_velocity": {
        "x": 1.5358103513717651,
        "y": 2.055161476135254,
        "z": -0.6650119423866272
      },
      "angular_velocity": {
        "x": -0.17366302013397217,
        "y": -0.022143825888633728,
        "z": 4.8887963203014806e-05
      }
    },
    "imu": {
      "timestamp_ns": 1767410374170963600,
      "linear_acceleration": {
        "x": -0.09402644634246826,
        "y": 0.021680600941181183,
        "z": -8.517032623291016
      },
      "angular_velocity": {
        "x": -0.17366302013397217,
        "y": -0.022143825888633728,
        "z": 4.8887963203014806e-05
      },
      "orientation": {
        "w": 0.8825832009315491,
        "x": -0.09090974181890488,
        "y": 0.1481453776359558,
        "z": 0.4368470013141632
      }
    },
    "battery_percent": 79.40966321027844,
    "landed_state": "flying",
    "latency_ms": 181.5927999999758
  },
  "files": {
    "rgb": "data\\maps\\sequence_normal_ops_001_preflight_20260102_221810\\frames\\1767410373989754800.png",
    "depth": "data\\maps\\sequence_normal_ops_001_preflight_20260102_221810\\frames\\1767410373989754800_depth.npy"
  }
}