{
  "frame_id": "1767410385419565400",
  "sequence": 1688,
  "timestamp": "2026-01-02T22:19:45.419565",
  "timestamp_ns": 1767410385419565400,
  "camera": {
    "name": "front_center",
    "resolution": [
      1920,
      1080
    ],
    "fov_deg": 89.90362548828125,
    "intrinsics": {
      "fx": 961.6161300315734,
      "fy": 961.6161300315734,
      "cx": 960.0,
      "cy": 540.0
    },
    "pose": {
      "position": {
        "x": 83.78073120117188,
        "y": 82.66029357910156,
        "z": -20.064022064208984
      },
      "orientation": {
        "w": 0.9074809551239014,
        "x": -0.00807342492043972,
        "y": 0.0004935595788992941,
        "z": 0.4200153350830078
      }
    }
  },
  "telemetry": {
    "sequence": 1689,
    "server_timestamp_ms": 1767410385599.0825,
    "airsim_timestamp_ns": 1767410385599082600,
    "pose": {
      "timestamp_ns": 1767410385599082600,
      "position": {
        "x": 83.51595306396484,
        "y": 82.35763549804688,
        "z": -19.64177703857422
      },
      "orientation": {
        "w": 0.899652898311615,
        "x": -0.06282736361026764,
        "y": 0.1189393699169159,
        "z": 0.4153682589530945
      },
      "linear_velocity": {
        "x": 2.20460844039917,
        "y": 2.614210605621338,
        "z": -0.5255918502807617
      },
      "angular_velocity": {
        "x": -0.20089349150657654,
        "y": 1.050294041633606,
        "z": 0.0017822550144046545
      }
    },
    "imu": {
      "timestamp_ns": 1767410385596562400,
      "linear_acceleration": {
        "x": -0.09305989742279053,
        "y": 0.025466740131378174,
        "z": -15.822932243347168
      },
      "angular_velocity": {
        "x": -0.20089349150657654,
        "y": 1.050294041633606,
        "z": 0.0017822550144046545
      },
      "orientation": {
        "w": 0.8996529579162598,
        "x": -0.06282736361026764,
        "y": 0.11893937736749649,
        "z": 0.41536828875541687
      }
    },
    "battery_percent": 76.53000911093876,
    "landed_state": "flying",
    "latency_ms": 179.21109999997498
  },
  "files": {
    "rgb": "data\\maps\\sequence_normal_ops_001_preflight_20260102_221810\\frames\\1767410385419565400.png",
    "depth": "data\\maps\\sequence_normal_ops_001_preflight_20260102_221810\\frames\\1767410385419565400_depth.npy"
  }
}