{
  "frame_id": "1767410400360495200",
  "sequence": 1802,
  "timestamp": "2026-01-02T22:20:00.360495",
  "timestamp_ns": 1767410400360495200,
  "camera": {
    "name": "front_center",
    "resolution": [
      1920,
      1080
    ],
    "fov_deg": 89.90362548828125,
    "intrinsics": {
      "fx": 961.6161300315734,
      "fy": 961.6161300315734,
      "cx": 960.0,
      "cy": 540.0
    },
    "pose": {
      "position": {
        "x": 104.43801879882812,
        "y": 104.37481689453125,
        "z": -20.14480972290039
      },
      "orientation": {
        "w": 0.8703308701515198,
        "x": -0.003117695450782776,
        "y": -0.0584416463971138,
        "z": 0.48897749185562134
      }
    }
  },
  "telemetry": {
    "sequence": 1803,
    "server_timestamp_ms": 1767410400774.5205,
    "airsim_timestamp_ns": 1767410400774520400,
    "pose": {
      "timestamp_ns": 1767410400774520400,
      "position": {
        "x": 104.18537139892578,
        "y": 104.00800323486328,
        "z": -19.768489837646484
      },
      "orientation": {
        "w": 0.8705132603645325,
        "x": -0.06691539287567139,
        "y": 0.05565930902957916,
        "z": 0.48438727855682373
      },
      "linear_velocity": {
        "x": 0.7084289789199829,
        "y": -0.6425048112869263,
        "z": 0.2889624238014221
      },
      "angular_velocity": {
        "x": 0.09718601405620575,
        "y": -0.12950503826141357,
        "z": 0.00023874819453340024
      }
    },
    "imu": {
      "timestamp_ns": 1767410400772681600,
      "linear_acceleration": {
        "x": -0.008562266826629639,
        "y": 0.04678022861480713,
        "z": -10.233281135559082
      },
      "angular_velocity": {
        "x": 0.09718601405620575,
        "y": -0.12950503826141357,
        "z": 0.00023874819453340024
      },
      "orientation": {
        "w": 0.8707147836685181,
        "x": -0.06470955163240433,
        "y": 0.05464068800210953,
        "z": 0.48444077372550964
      }
    },
    "battery_percent": 72.7011275695624,
    "landed_state": "flying",
    "latency_ms": 414.0245999999479
  },
  "files": {
    "rgb": "data\\maps\\sequence_normal_ops_001_preflight_20260102_221810\\frames\\1767410400360495200.png",
    "depth": "data\\maps\\sequence_normal_ops_001_preflight_20260102_221810\\frames\\1767410400360495200_depth.npy"
  }
}