{
  "frame_id": "1767410318961174400",
  "sequence": 613,
  "timestamp": "2026-01-02T22:18:38.961174",
  "timestamp_ns": 1767410318961174400,
  "camera": {
    "name": "front_center",
    "resolution": [
      1920,
      1080
    ],
    "fov_deg": 89.90362548828125,
    "intrinsics": {
      "fx": 961.6161300315734,
      "fy": 961.6161300315734,
      "cx": 960.0,
      "cy": 540.0
    },
    "pose": {
      "position": {
        "x": 9.483980178833008,
        "y": 9.643370628356934,
        "z": -20.73216438293457
      },
      "orientation": {
        "w": 0.9214036464691162,
        "x": 0.04827744513750076,
        "y": -0.12418027967214584,
        "z": 0.3650531768798828
      }
    }
  },
  "telemetry": {
    "sequence": 614,
    "server_timestamp_ms": 1767410319058.4636,
    "airsim_timestamp_ns": 1767410319058463500,
    "pose": {
      "timestamp_ns": 1767410319058463500,
      "position": {
        "x": 9.151057243347168,
        "y": 9.331160545349121,
        "z": -20.434083938598633
      },
      "orientation": {
        "w": 0.9296668767929077,
        "x": -0.005357390269637108,
        "y": 0.011195643804967403,
        "z": 0.36819207668304443
      },
      "linear_velocity": {
        "x": 2.750972032546997,
        "y": 2.5742595195770264,
        "z": 0.0750303640961647
      },
      "angular_velocity": {
        "x": -0.014117369428277016,
        "y": 3.158031463623047,
        "z": -0.00015959524898789823
      }
    },
    "imu": {
      "timestamp_ns": 1767410319056812100,
      "linear_acceleration": {
        "x": -0.09515124559402466,
        "y": 0.013636291958391666,
        "z": -8.964227676391602
      },
      "angular_velocity": {
        "x": -0.014117369428277016,
        "y": 3.158031463623047,
        "z": -0.00015959524898789823
      },
      "orientation": {
        "w": 0.9296668767929077,
        "x": -0.005357390269637108,
        "y": 0.011195643804967403,
        "z": 0.36819207668304443
      }
    },
    "battery_percent": 93.47635187385247,
    "landed_state": "flying",
    "latency_ms": 96.90109999996821
  },
  "files": {
    "rgb": "data\\maps\\sequence_normal_ops_001_preflight_20260102_221810\\frames\\1767410318961174400.png",
    "depth": "data\\maps\\sequence_normal_ops_001_preflight_20260102_221810\\frames\\1767410318961174400_depth.npy"
  }
}