{
  "frame_id": "1767410311697611700",
  "sequence": 483,
  "timestamp": "2026-01-02T22:18:31.697611",
  "timestamp_ns": 1767410311697611700,
  "camera": {
    "name": "front_center",
    "resolution": [
      1920,
      1080
    ],
    "fov_deg": 89.90362548828125,
    "intrinsics": {
      "fx": 961.6161300315734,
      "fy": 961.6161300315734,
      "cx": 960.0,
      "cy": 540.0
    },
    "pose": {
      "position": {
        "x": 0.7510198950767517,
        "y": 0.2362949401140213,
        "z": -20.787052154541016
      },
      "orientation": {
        "w": 0.1607418656349182,
        "x": -0.11188032478094101,
        "y": -0.026348816230893135,
        "z": -0.980280876159668
      }
    }
  },
  "telemetry": {
    "sequence": 484,
    "server_timestamp_ms": 1767410311798.784,
    "airsim_timestamp_ns": 1767410311798784000,
    "pose": {
      "timestamp_ns": 1767410311798784000,
      "position": {
        "x": 1.2136422395706177,
        "y": 0.3983704745769501,
        "z": -20.47127914428711
      },
      "orientation": {
        "w": 0.16280591487884521,
        "x": 0.017029158771038055,
        "y": -0.005142374895513058,
        "z": -0.9864977598190308
      },
      "linear_velocity": {
        "x": -3.6260159015655518,
        "y": -1.001818060874939,
        "z": 0.05942302569746971
      },
      "angular_velocity": {
        "x": 0.026240691542625427,
        "y": 3.100166082382202,
        "z": -0.008807673119008541
      }
    },
    "imu": {
      "timestamp_ns": 1767410311796479500,
      "linear_acceleration": {
        "x": 0.08553051948547363,
        "y": -0.0024008452892303467,
        "z": -11.255341529846191
      },
      "angular_velocity": {
        "x": 0.026240691542625427,
        "y": 3.100166082382202,
        "z": -0.008807673119008541
      },
      "orientation": {
        "w": -0.16281862556934357,
        "x": -0.03665187954902649,
        "y": 0.0022071392741054296,
        "z": 0.9859725832939148
      }
    },
    "battery_percent": 95.19703172518936,
    "landed_state": "flying",
    "latency_ms": 100.45769999999266
  },
  "files": {
    "rgb": "data\\maps\\sequence_normal_ops_001_preflight_20260102_221810\\frames\\1767410311697611700.png",
    "depth": "data\\maps\\sequence_normal_ops_001_preflight_20260102_221810\\frames\\1767410311697611700_depth.npy"
  }
}