{
  "frame_id": "1767410446226711500",
  "sequence": 1885,
  "timestamp": "2026-01-02T22:20:46.226711",
  "timestamp_ns": 1767410446226711500,
  "camera": {
    "name": "front_center",
    "resolution": [
      1920,
      1080
    ],
    "fov_deg": 89.90362548828125,
    "intrinsics": {
      "fx": 961.6161300315734,
      "fy": 961.6161300315734,
      "cx": 960.0,
      "cy": 540.0
    },
    "pose": {
      "position": {
        "x": 145.45977783203125,
        "y": 140.77890014648438,
        "z": -20.026884078979492
      },
      "orientation": {
        "w": 0.9469850659370422,
        "x": 0.08954346179962158,
        "y": -0.1360515058040619,
        "z": 0.2769317924976349
      }
    }
  },
  "telemetry": {
    "sequence": 1886,
    "server_timestamp_ms": 1767410447535.9746,
    "airsim_timestamp_ns": 1767410447535974500,
    "pose": {
      "timestamp_ns": 1767410447535974500,
      "position": {
        "x": 145.04441833496094,
        "y": 140.4735107421875,
        "z": -19.754480361938477
      },
      "orientation": {
        "w": 0.9566417932510376,
        "x": 0.052630551159381866,
        "y": -0.011281213723123074,
        "z": 0.28625035285949707
      },
      "linear_velocity": {
        "x": -1.0358966588974,
        "y": -0.5483561754226685,
        "z": -0.04943822696805
      },
      "angular_velocity": {
        "x": -0.00355346268042922,
        "y": -0.10439828783273697,
        "z": 0.00012625701492652297
      }
    },
    "imu": {
      "timestamp_ns": 1767410447222078200,
      "linear_acceleration": {
        "x": -0.004726380109786987,
        "y": 0.007018931210041046,
        "z": -9.805173873901367
      },
      "angular_velocity": {
        "x": -0.00355346268042922,
        "y": -0.10439828783273697,
        "z": 0.00012625701492652297
      },
      "orientation": {
        "w": 0.9566230177879333,
        "x": 0.053068794310092926,
        "y": -0.012806259095668793,
        "z": 0.28616800904273987
      }
    },
    "battery_percent": 61.02944335900791,
    "landed_state": "flying",
    "latency_ms": 1309.188699999936
  },
  "files": {
    "rgb": "data\\maps\\sequence_normal_ops_001_preflight_20260102_221810\\frames\\1767410446226711500.png",
    "depth": "data\\maps\\sequence_normal_ops_001_preflight_20260102_221810\\frames\\1767410446226711500_depth.npy"
  }
}