{
  "frame_id": "1767410468470257900",
  "sequence": 1918,
  "timestamp": "2026-01-02T22:21:08.470257",
  "timestamp_ns": 1767410468470257900,
  "camera": {
    "name": "front_center",
    "resolution": [
      1920,
      1080
    ],
    "fov_deg": 89.90362548828125,
    "intrinsics": {
      "fx": 961.6161300315734,
      "fy": 961.6161300315734,
      "cx": 960.0,
      "cy": 540.0
    },
    "pose": {
      "position": {
        "x": 168.6739044189453,
        "y": 159.7626495361328,
        "z": -20.095212936401367
      },
      "orientation": {
        "w": 0.9516288638114929,
        "x": -0.021081408485770226,
        "y": -0.028679801151156425,
        "z": 0.3051811456680298
      }
    }
  },
  "telemetry": {
    "sequence": 1919,
    "server_timestamp_ms": 1767410468997.4104,
    "airsim_timestamp_ns": 1767410468997410400,
    "pose": {
      "timestamp_ns": 1767410468997410400,
      "position": {
        "x": 168.32464599609375,
        "y": 159.4027099609375,
        "z": -19.631921768188477
      },
      "orientation": {
        "w": 0.9494447112083435,
        "x": -0.0447692945599556,
        "y": 0.08142706751823425,
        "z": 0.29986682534217834
      },
      "linear_velocity": {
        "x": -0.1162622794508934,
        "y": -0.9138527512550354,
        "z": 0.3089773952960968
      },
      "angular_velocity": {
        "x": 0.13833390176296234,
        "y": -0.20604103803634644,
        "z": 0.00046260494855232537
      }
    },
    "imu": {
      "timestamp_ns": 1767410468997045800,
      "linear_acceleration": {
        "x": -0.012327611446380615,
        "y": 0.019626736640930176,
        "z": -10.361579895019531
      },
      "angular_velocity": {
        "x": 0.13833390176296234,
        "y": -0.20604103803634644,
        "z": 0.00046260494855232537
      },
      "orientation": {
        "w": 0.94974684715271,
        "x": -0.04218140244483948,
        "y": 0.07933767139911652,
        "z": 0.2998453676700592
      }
    },
    "battery_percent": 55.708930531982574,
    "landed_state": "flying",
    "latency_ms": 486.52709999998933
  },
  "files": {
    "rgb": "data\\maps\\sequence_normal_ops_001_preflight_20260102_221810\\frames\\1767410468470257900.png",
    "depth": "data\\maps\\sequence_normal_ops_001_preflight_20260102_221810\\frames\\1767410468470257900_depth.npy"
  }
}