{
  "frame_id": "1767410422913645600",
  "sequence": 1848,
  "timestamp": "2026-01-02T22:20:22.913645",
  "timestamp_ns": 1767410422913645600,
  "camera": {
    "name": "front_center",
    "resolution": [
      1920,
      1080
    ],
    "fov_deg": 89.90362548828125,
    "intrinsics": {
      "fx": 961.6161300315734,
      "fy": 961.6161300315734,
      "cx": 960.0,
      "cy": 540.0
    },
    "pose": {
      "position": {
        "x": 121.71205139160156,
        "y": 124.16798400878906,
        "z": -19.94039535522461
      },
      "orientation": {
        "w": 0.9273166060447693,
        "x": 0.010096662677824497,
        "y": -0.15985238552093506,
        "z": 0.3382737934589386
      }
    }
  },
  "telemetry": {
    "sequence": 1849,
    "server_timestamp_ms": 1767410423710.4065,
    "airsim_timestamp_ns": 1767410423710406700,
    "pose": {
      "timestamp_ns": 1767410423710406700,
      "position": {
        "x": 121.29879760742188,
        "y": 123.86182403564453,
        "z": -19.6656494140625
      },
      "orientation": {
        "w": 0.9402482509613037,
        "x": -0.03414330631494522,
        "y": -0.03744571655988693,
        "z": 0.33669769763946533
      },
      "linear_velocity": {
        "x": 0.33939599990844727,
        "y": 0.9529120326042175,
        "z": -0.0010987489949911833
      },
      "angular_velocity": {
        "x": -0.04187050834298134,
        "y": 0.08755089342594147,
        "z": 0.00010825927165569738
      }
    },
    "imu": {
      "timestamp_ns": 1767410423660874800,
      "linear_acceleration": {
        "x": -0.03504953533411026,
        "y": 0.005120635032653809,
        "z": -9.853209495544434
      },
      "angular_velocity": {
        "x": -0.04187050834298134,
        "y": 0.08755089342594147,
        "z": 0.00010825927165569738
      },
      "orientation": {
        "w": 0.9402509927749634,
        "x": -0.03424890339374542,
        "y": -0.03734140843153,
        "z": 0.33669087290763855
      }
    },
    "battery_percent": 67.12376755211822,
    "landed_state": "flying",
    "latency_ms": 778.9515999999139
  },
  "files": {
    "rgb": "data\\maps\\sequence_normal_ops_001_preflight_20260102_221810\\frames\\1767410422913645600.png",
    "depth": "data\\maps\\sequence_normal_ops_001_preflight_20260102_221810\\frames\\1767410422913645600_depth.npy"
  }
}