{
  "frame_id": "1767410323729199800",
  "sequence": 713,
  "timestamp": "2026-01-02T22:18:43.729199",
  "timestamp_ns": 1767410323729199800,
  "camera": {
    "name": "front_center",
    "resolution": [
      1920,
      1080
    ],
    "fov_deg": 89.90362548828125,
    "intrinsics": {
      "fx": 961.6161300315734,
      "fy": 961.6161300315734,
      "cx": 960.0,
      "cy": 540.0
    },
    "pose": {
      "position": {
        "x": 20.010679244995117,
        "y": 20.287841796875,
        "z": -20.767478942871094
      },
      "orientation": {
        "w": 0.9175415635108948,
        "x": 0.03309595584869385,
        "y": -0.09008334577083588,
        "z": 0.3858848810195923
      }
    }
  },
  "telemetry": {
    "sequence": 714,
    "server_timestamp_ms": 1767410323835.714,
    "airsim_timestamp_ns": 1767410323835714100,
    "pose": {
      "timestamp_ns": 1767410323835208100,
      "position": {
        "x": 19.674060821533203,
        "y": 19.948638916015625,
        "z": -20.433368682861328
      },
      "orientation": {
        "w": 0.9214500784873962,
        "x": -0.017555270344018936,
        "y": 0.03045053221285343,
        "z": 0.38690346479415894
      },
      "linear_velocity": {
        "x": 2.67244815826416,
        "y": 2.620339870452881,
        "z": 0.04571118205785751
      },
      "angular_velocity": {
        "x": 0.013109548017382622,
        "y": 2.744152545928955,
        "z": -0.000755738525185734
      }
    },
    "imu": {
      "timestamp_ns": 1767410323833506400,
      "linear_acceleration": {
        "x": -0.06485995650291443,
        "y": 0.015030167996883392,
        "z": -12.394338607788086
      },
      "angular_velocity": {
        "x": 0.013109548017382622,
        "y": 2.744152545928955,
        "z": -0.000755738525185734
      },
      "orientation": {
        "w": 0.9209558367729187,
        "x": -0.022611547261476517,
        "y": 0.04305757209658623,
        "z": 0.38662007451057434
      }
    },
    "battery_percent": 92.19911927214866,
    "landed_state": "flying",
    "latency_ms": 105.45730000001186
  },
  "files": {
    "rgb": "data\\maps\\sequence_normal_ops_001_preflight_20260102_221810\\frames\\1767410323729199800.png",
    "depth": "data\\maps\\sequence_normal_ops_001_preflight_20260102_221810\\frames\\1767410323729199800_depth.npy"
  }
}