{
  "frame_id": "1767410458765672000",
  "sequence": 1904,
  "timestamp": "2026-01-02T22:20:58.765672",
  "timestamp_ns": 1767410458765672000,
  "camera": {
    "name": "front_center",
    "resolution": [
      1920,
      1080
    ],
    "fov_deg": 89.90362548828125,
    "intrinsics": {
      "fx": 961.6161300315734,
      "fy": 961.6161300315734,
      "cx": 960.0,
      "cy": 540.0
    },
    "pose": {
      "position": {
        "x": 157.41177368164062,
        "y": 150.25315856933594,
        "z": -19.85109519958496
      },
      "orientation": {
        "w": 0.9350077509880066,
        "x": 0.06308786571025848,
        "y": -0.08551212400197983,
        "z": 0.3383313715457916
      }
    }
  },
  "telemetry": {
    "sequence": 1905,
    "server_timestamp_ms": 1767410459415.3596,
    "airsim_timestamp_ns": 1767410459415359700,
    "pose": {
      "timestamp_ns": 1767410459415359700,
      "position": {
        "x": 157.0560302734375,
        "y": 149.92738342285156,
        "z": -19.52349281311035
      },
      "orientation": {
        "w": 0.9381701946258545,
        "x": 0.01838703081011772,
        "y": 0.0372624434530735,
        "z": 0.3436715304851532
      },
      "linear_velocity": {
        "x": -0.6147354245185852,
        "y": -1.3407227993011475,
        "z": 0.006612698081880808
      },
      "angular_velocity": {
        "x": 0.12181096524000168,
        "y": -0.14486052095890045,
        "z": 0.0005074445507489145
      }
    },
    "imu": {
      "timestamp_ns": 1767410459384178400,
      "linear_acceleration": {
        "x": -0.004616841673851013,
        "y": 0.02211013436317444,
        "z": -10.104609489440918
      },
      "angular_velocity": {
        "x": 0.12143321335315704,
        "y": -0.14472045004367828,
        "z": 0.0005064534489065409
      },
      "orientation": {
        "w": 0.9382182955741882,
        "x": 0.021384358406066895,
        "y": 0.03556413576006889,
        "z": 0.34354671835899353
      }
    },
    "battery_percent": 58.049447409040546,
    "landed_state": "flying",
    "latency_ms": 611.3643999999567
  },
  "files": {
    "rgb": "data\\maps\\sequence_normal_ops_001_preflight_20260102_221810\\frames\\1767410458765672000.png",
    "depth": "data\\maps\\sequence_normal_ops_001_preflight_20260102_221810\\frames\\1767410458765672000_depth.npy"
  }
}