{
  "frame_id": "1767410419666676200",
  "sequence": 1840,
  "timestamp": "2026-01-02T22:20:19.666676",
  "timestamp_ns": 1767410419666676200,
  "camera": {
    "name": "front_center",
    "resolution": [
      1920,
      1080
    ],
    "fov_deg": 89.90362548828125,
    "intrinsics": {
      "fx": 961.6161300315734,
      "fy": 961.6161300315734,
      "cx": 960.0,
      "cy": 540.0
    },
    "pose": {
      "position": {
        "x": 124.05760955810547,
        "y": 123.96526336669922,
        "z": -19.97438621520996
      },
      "orientation": {
        "w": 0.9345926642417908,
        "x": 0.054322924464941025,
        "y": -0.0823497474193573,
        "z": 0.3417661190032959
      }
    }
  },
  "telemetry": {
    "sequence": 1841,
    "server_timestamp_ms": 1767410420466.599,
    "airsim_timestamp_ns": 1767410420466599200,
    "pose": {
      "timestamp_ns": 1767410420466599200,
      "position": {
        "x": 123.7035140991211,
        "y": 123.64380645751953,
        "z": -19.640798568725586
      },
      "orientation": {
        "w": 0.9373459219932556,
        "x": 0.009248754009604454,
        "y": 0.04034359008073807,
        "z": 0.34593281149864197
      },
      "linear_velocity": {
        "x": -0.4906958341598511,
        "y": -1.258238434791565,
        "z": 0.04646584391593933
      },
      "angular_velocity": {
        "x": 0.1249338909983635,
        "y": -0.14682629704475403,
        "z": 0.000484262069221586
      }
    },
    "imu": {
      "timestamp_ns": 1767410420224079500,
      "linear_acceleration": {
        "x": -0.005163311958312988,
        "y": 0.02254176139831543,
        "z": -10.154285430908203
      },
      "angular_velocity": {
        "x": 0.1249338909983635,
        "y": -0.14682629704475403,
        "z": 0.000484262069221586
      },
      "orientation": {
        "w": 0.9373459815979004,
        "x": 0.009248754940927029,
        "y": 0.040343593806028366,
        "z": 0.34593284130096436
      }
    },
    "battery_percent": 67.80703642547266,
    "landed_state": "flying",
    "latency_ms": 767.3423999999613
  },
  "files": {
    "rgb": "data\\maps\\sequence_normal_ops_001_preflight_20260102_221810\\frames\\1767410419666676200.png",
    "depth": "data\\maps\\sequence_normal_ops_001_preflight_20260102_221810\\frames\\1767410419666676200_depth.npy"
  }
}