{
  "frame_id": "1767413471409826800",
  "sequence": 206,
  "timestamp": "2026-01-02T23:11:11.409826",
  "timestamp_ns": 1767413471409826800,
  "camera": {
    "name": "front_center",
    "resolution": [
      1920,
      1080
    ],
    "fov_deg": 89.90362548828125,
    "intrinsics": {
      "fx": 961.6161300315734,
      "fy": 961.6161300315734,
      "cx": 960.0,
      "cy": 540.0,
      "depth_scale": 1.0,
      "depth_min_m": 0.1,
      "depth_max_m": 100.0,
      "distortion": null
    },
    "pose": {
      "position": {
        "x": 235.60804748535156,
        "y": 194.55648803710938,
        "z": -3.2796823978424072
      },
      "orientation": {
        "w": 0.05585562437772751,
        "x": -0.1303187906742096,
        "y": -0.007353934459388256,
        "z": -0.9898702502250671
      }
    }
  },
  "telemetry": {
    "sequence": 207,
    "server_timestamp_ms": 1767413471928.0227,
    "airsim_timestamp_ns": 1767413471928022500,
    "pose": {
      "timestamp_ns": 1767413471928022500,
      "position": {
        "x": 236.10487365722656,
        "y": 194.61273193359375,
        "z": -2.979682207107544
      },
      "orientation": {
        "w": 0.05633765086531639,
        "x": 9.633443909251582e-08,
        "y": -3.9882803548607626e-07,
        "z": -0.9984117746353149
      },
      "linear_velocity": {
        "x": 0.6532629728317261,
        "y": 0.1276630461215973,
        "z": 8.052275657653809
      },
      "angular_velocity": {
        "x": 1.1223023399509202e-08,
        "y": -8.883072943888237e-09,
        "z": -5.279845310957043e-11
      }
    },
    "imu": {
      "timestamp_ns": 1767413471926058000,
      "linear_acceleration": {
        "x": 0.04576847329735756,
        "y": -0.0002080751582980156,
        "z": -9.724725723266602
      },
      "angular_velocity": {
        "x": 1.1223023399509202e-08,
        "y": -8.883072943888237e-09,
        "z": -5.279845310957043e-11
      },
      "orientation": {
        "w": -0.05633765459060669,
        "x": 4.025559052767136e-10,
        "y": 4.575257707417624e-12,
        "z": 0.9984118342399597
      }
    },
    "battery_percent": 84.06307869481519,
    "landed_state": "flying",
    "latency_ms": 517.5684999999248
  },
  "files": {
    "rgb": "data\\maps\\sequence_normal_ops_001_preflight_charlie_20260102_231049\\frames\\1767413471409826800.png",
    "depth": "data\\maps\\sequence_normal_ops_001_preflight_charlie_20260102_231049\\frames\\1767413471409826800_depth.npy"
  }
}