{
  "frame_id": "1767409793217217000",
  "sequence": 1595,
  "timestamp": "2026-01-02T22:09:53.217217",
  "timestamp_ns": 1767409793217217000,
  "camera": {
    "name": "front_center",
    "resolution": [
      1920,
      1080
    ],
    "fov_deg": 89.90362548828125,
    "intrinsics": {
      "fx": 961.6161300315734,
      "fy": 961.6161300315734,
      "cx": 960.0,
      "cy": 540.0
    },
    "pose": {
      "position": {
        "x": 123.32901763916016,
        "y": 124.29592895507812,
        "z": -20.489545822143555
      },
      "orientation": {
        "w": 0.9063200950622559,
        "x": -0.03823082521557808,
        "y": -0.018997346982359886,
        "z": 0.420430064201355
      }
    }
  },
  "telemetry": {
    "sequence": 1597,
    "server_timestamp_ms": 1767409793479.263,
    "airsim_timestamp_ns": 1767409793479262800,
    "pose": {
      "timestamp_ns": 1767409793479262800,
      "position": {
        "x": 123.03937530517578,
        "y": 124.00880432128906,
        "z": -20.07281494140625
      },
      "orientation": {
        "w": 0.9010460376739502,
        "x": -0.09278088808059692,
        "y": 0.09946368634700775,
        "z": 0.41184309124946594
      },
      "linear_velocity": {
        "x": 0.7660303711891174,
        "y": -0.28102996945381165,
        "z": 0.3991393446922302
      },
      "angular_velocity": {
        "x": 0.07300598919391632,
        "y": -0.20145151019096375,
        "z": 0.00011975310917478055
      }
    },
    "imu": {
      "timestamp_ns": 1767409793405363800,
      "linear_acceleration": {
        "x": -0.01994156837463379,
        "y": 0.035762935876846313,
        "z": -9.944079399108887
      },
      "angular_velocity": {
        "x": 0.07368950545787811,
        "y": -0.20119920372962952,
        "z": 0.00012256414629518986
      },
      "orientation": {
        "w": 0.9012055993080139,
        "x": -0.09189166128635406,
        "y": 0.09855219721794128,
        "z": 0.4119124710559845
      }
    },
    "battery_percent": 78.34613033654472,
    "landed_state": "flying",
    "latency_ms": 261.1999999999739
  },
  "files": {
    "rgb": "data\\maps\\sequence_normal_ops_001_preflight_20260102_220826\\frames\\1767409793217217000.png",
    "depth": "data\\maps\\sequence_normal_ops_001_preflight_20260102_220826\\frames\\1767409793217217000_depth.npy"
  }
}