{
  "frame_id": "1767409799277569300",
  "sequence": 1704,
  "timestamp": "2026-01-02T22:09:59.277569",
  "timestamp_ns": 1767409799277569300,
  "camera": {
    "name": "front_center",
    "resolution": [
      1920,
      1080
    ],
    "fov_deg": 89.90362548828125,
    "intrinsics": {
      "fx": 961.6161300315734,
      "fy": 961.6161300315734,
      "cx": 960.0,
      "cy": 540.0
    },
    "pose": {
      "position": {
        "x": 133.68020629882812,
        "y": 132.6259307861328,
        "z": -20.55605697631836
      },
      "orientation": {
        "w": 0.9277499914169312,
        "x": -0.006431940011680126,
        "y": 0.013245617039501667,
        "z": 0.3729116916656494
      }
    }
  },
  "telemetry": {
    "sequence": 1705,
    "server_timestamp_ms": 1767409799440.6743,
    "airsim_timestamp_ns": 1767409799440674200,
    "pose": {
      "timestamp_ns": 1767409799440674200,
      "position": {
        "x": 133.42601013183594,
        "y": 132.3816375732422,
        "z": -20.133270263671875
      },
      "orientation": {
        "w": 0.9173277616500854,
        "x": -0.05761903151869774,
        "y": 0.13881081342697144,
        "z": 0.3686751127243042
      },
      "linear_velocity": {
        "x": 2.481106996536255,
        "y": 2.2299411296844482,
        "z": -0.697269082069397
      },
      "angular_velocity": {
        "x": -0.11736089736223221,
        "y": 0.8358544111251831,
        "z": -0.0004622657143045217
      }
    },
    "imu": {
      "timestamp_ns": 1767409799438920700,
      "linear_acceleration": {
        "x": -0.11416995525360107,
        "y": 0.020393073558807373,
        "z": -13.59899616241455
      },
      "angular_velocity": {
        "x": -0.11736089736223221,
        "y": 0.8358544111251831,
        "z": -0.0004622657143045217
      },
      "orientation": {
        "w": 0.9173278212547302,
        "x": -0.05761903524398804,
        "y": 0.13881081342697144,
        "z": 0.3686751425266266
      }
    },
    "battery_percent": 76.80671754044391,
    "landed_state": "flying",
    "latency_ms": 163.04149999996298
  },
  "files": {
    "rgb": "data\\maps\\sequence_normal_ops_001_preflight_20260102_220826\\frames\\1767409799277569300.png",
    "depth": "data\\maps\\sequence_normal_ops_001_preflight_20260102_220826\\frames\\1767409799277569300_depth.npy"
  }
}