{
  "frame_id": "1767409787152385200",
  "sequence": 1500,
  "timestamp": "2026-01-02T22:09:47.152385",
  "timestamp_ns": 1767409787152385200,
  "camera": {
    "name": "front_center",
    "resolution": [
      1920,
      1080
    ],
    "fov_deg": 89.90362548828125,
    "intrinsics": {
      "fx": 961.6161300315734,
      "fy": 961.6161300315734,
      "cx": 960.0,
      "cy": 540.0
    },
    "pose": {
      "position": {
        "x": 112.81787872314453,
        "y": 113.59754180908203,
        "z": -19.966379165649414
      },
      "orientation": {
        "w": 0.9142720103263855,
        "x": -0.009057005867362022,
        "y": -0.019119279459118843,
        "z": 0.40454795956611633
      }
    }
  },
  "telemetry": {
    "sequence": 1501,
    "server_timestamp_ms": 1767409787312.3765,
    "airsim_timestamp_ns": 1767409787312376500,
    "pose": {
      "timestamp_ns": 1767409787312376500,
      "position": {
        "x": 112.52780151367188,
        "y": 113.29803466796875,
        "z": -19.558767318725586
      },
      "orientation": {
        "w": 0.9089458584785461,
        "x": -0.061783626675605774,
        "y": 0.10038073360919952,
        "z": 0.3999048173427582
      },
      "linear_velocity": {
        "x": 2.3308374881744385,
        "y": 2.459967851638794,
        "z": -0.4563862681388855
      },
      "angular_velocity": {
        "x": 0.04441801458597183,
        "y": 1.2376072406768799,
        "z": 0.0012546308571472764
      }
    },
    "imu": {
      "timestamp_ns": 1767409787311658400,
      "linear_acceleration": {
        "x": -0.08708786964416504,
        "y": 0.014093458652496338,
        "z": -15.263337135314941
      },
      "angular_velocity": {
        "x": 0.04441801458597183,
        "y": 1.2376072406768799,
        "z": 0.0012546308571472764
      },
      "orientation": {
        "w": 0.9081634283065796,
        "x": -0.06444627046585083,
        "y": 0.10765622556209564,
        "z": 0.39936956763267517
      }
    },
    "battery_percent": 79.9058329147135,
    "landed_state": "flying",
    "latency_ms": 159.29450000004408
  },
  "files": {
    "rgb": "data\\maps\\sequence_normal_ops_001_preflight_20260102_220826\\frames\\1767409787152385200.png",
    "depth": "data\\maps\\sequence_normal_ops_001_preflight_20260102_220826\\frames\\1767409787152385200_depth.npy"
  }
}