{
  "frame_id": "1767409746455689100",
  "sequence": 834,
  "timestamp": "2026-01-02T22:09:06.455689",
  "timestamp_ns": 1767409746455689100,
  "camera": {
    "name": "front_center",
    "resolution": [
      1920,
      1080
    ],
    "fov_deg": 89.90362548828125,
    "intrinsics": {
      "fx": 961.6161300315734,
      "fy": 961.6161300315734,
      "cx": 960.0,
      "cy": 540.0
    },
    "pose": {
      "position": {
        "x": 46.30320358276367,
        "y": 42.86915588378906,
        "z": -21.18937873840332
      },
      "orientation": {
        "w": 0.8956995606422424,
        "x": -0.032823290675878525,
        "y": -0.014819220639765263,
        "z": 0.44319894909858704
      }
    }
  },
  "telemetry": {
    "sequence": 836,
    "server_timestamp_ms": 1767409746677.2017,
    "airsim_timestamp_ns": 1767409746677201600,
    "pose": {
      "timestamp_ns": 1767409746677201600,
      "position": {
        "x": 46.03396987915039,
        "y": 42.56610107421875,
        "z": -20.770246505737305
      },
      "orientation": {
        "w": 0.8899710178375244,
        "x": -0.09039155393838882,
        "y": 0.10221981257200241,
        "z": 0.4351230263710022
      },
      "linear_velocity": {
        "x": 0.9534241557121277,
        "y": 0.5531319379806519,
        "z": 0.20225948095321655
      },
      "angular_velocity": {
        "x": -0.026527617126703262,
        "y": -0.19359281659126282,
        "z": 2.524560477468185e-05
      }
    },
    "imu": {
      "timestamp_ns": 1767409746642323600,
      "linear_acceleration": {
        "x": -0.035288453102111816,
        "y": 0.029555484652519226,
        "z": -9.399175643920898
      },
      "angular_velocity": {
        "x": -0.026527617126703262,
        "y": -0.19359281659126282,
        "z": 2.524560477468185e-05
      },
      "orientation": {
        "w": 0.8899969458580017,
        "x": -0.0903015062212944,
        "y": 0.10194484889507294,
        "z": 0.4351533353328705
      }
    },
    "battery_percent": 90.2071439387179,
    "landed_state": "flying",
    "latency_ms": 220.427299999983
  },
  "files": {
    "rgb": "data\\maps\\sequence_normal_ops_001_preflight_20260102_220826\\frames\\1767409746455689100.png",
    "depth": "data\\maps\\sequence_normal_ops_001_preflight_20260102_220826\\frames\\1767409746455689100_depth.npy"
  }
}