{
  "frame_id": "1767409879804762900",
  "sequence": 2421,
  "timestamp": "2026-01-02T22:11:19.804762",
  "timestamp_ns": 1767409879804762900,
  "camera": {
    "name": "front_center",
    "resolution": [
      1920,
      1080
    ],
    "fov_deg": 89.90362548828125,
    "intrinsics": {
      "fx": 961.6161300315734,
      "fy": 961.6161300315734,
      "cx": 960.0,
      "cy": 540.0
    },
    "pose": {
      "position": {
        "x": 214.4170684814453,
        "y": 186.4923095703125,
        "z": -20.315988540649414
      },
      "orientation": {
        "w": 0.49986013770103455,
        "x": 0.0037400778383016586,
        "y": 0.03315473347902298,
        "z": -0.8654632568359375
      }
    }
  },
  "telemetry": {
    "sequence": 2422,
    "server_timestamp_ms": 1767409880194.938,
    "airsim_timestamp_ns": 1767409880194937900,
    "pose": {
      "timestamp_ns": 1767409880194937900,
      "position": {
        "x": 214.63101196289062,
        "y": 186.81727600097656,
        "z": -19.881675720214844
      },
      "orientation": {
        "w": 0.4912562072277069,
        "x": 0.11667370051145554,
        "y": 0.09811592847108841,
        "z": -0.8575708866119385
      },
      "linear_velocity": {
        "x": -1.11255943775177,
        "y": -1.4526829719543457,
        "z": -0.09836356341838837
      },
      "angular_velocity": {
        "x": -0.1001833900809288,
        "y": -0.21509765088558197,
        "z": 0.00010127639689017087
      }
    },
    "imu": {
      "timestamp_ns": 1767409880192994100,
      "linear_acceleration": {
        "x": -0.009601026773452759,
        "y": -0.013222932815551758,
        "z": -8.580140113830566
      },
      "angular_velocity": {
        "x": -0.1001833900809288,
        "y": -0.21509765088558197,
        "z": 0.00010127639689017087
      },
      "orientation": {
        "w": 0.4912562370300293,
        "x": 0.11667370796203613,
        "y": 0.098115935921669,
        "z": -0.8575709462165833
      }
    },
    "battery_percent": 56.709254579054104,
    "landed_state": "flying",
    "latency_ms": 389.93290000001934
  },
  "files": {
    "rgb": "data\\maps\\sequence_normal_ops_001_preflight_20260102_220826\\frames\\1767409879804762900.png",
    "depth": "data\\maps\\sequence_normal_ops_001_preflight_20260102_220826\\frames\\1767409879804762900_depth.npy"
  }
}