{
  "frame_id": "1767409844395054900",
  "sequence": 2308,
  "timestamp": "2026-01-02T22:10:44.395054",
  "timestamp_ns": 1767409844395054900,
  "camera": {
    "name": "front_center",
    "resolution": [
      1920,
      1080
    ],
    "fov_deg": 89.90362548828125,
    "intrinsics": {
      "fx": 961.6161300315734,
      "fy": 961.6161300315734,
      "cx": 960.0,
      "cy": 540.0
    },
    "pose": {
      "position": {
        "x": 212.87391662597656,
        "y": 195.38343811035156,
        "z": -20.141721725463867
      },
      "orientation": {
        "w": 0.9223373532295227,
        "x": -0.028011802583932877,
        "y": -0.02696172147989273,
        "z": 0.3844245374202728
      }
    }
  },
  "telemetry": {
    "sequence": 2309,
    "server_timestamp_ms": 1767409844787.8962,
    "airsim_timestamp_ns": 1767409844787896100,
    "pose": {
      "timestamp_ns": 1767409844787896100,
      "position": {
        "x": 212.55911254882812,
        "y": 195.10836791992188,
        "z": -19.735231399536133
      },
      "orientation": {
        "w": 0.917965829372406,
        "x": -0.0779496282339096,
        "y": 0.09365811944007874,
        "z": 0.3774794638156891
      },
      "linear_velocity": {
        "x": 0.5871300101280212,
        "y": -0.21942687034606934,
        "z": 0.33146896958351135
      },
      "angular_velocity": {
        "x": 0.05900925397872925,
        "y": -0.18186859786510468,
        "z": 5.735740342061035e-05
      }
    },
    "imu": {
      "timestamp_ns": 1767409844785692700,
      "linear_acceleration": {
        "x": -0.021766364574432373,
        "y": 0.026661615818738937,
        "z": -9.958186149597168
      },
      "angular_velocity": {
        "x": 0.05900925397872925,
        "y": -0.18186859786510468,
        "z": 5.735740342061035e-05
      },
      "orientation": {
        "w": 0.9181893467903137,
        "x": -0.07668178528547287,
        "y": 0.09212502837181091,
        "z": 0.3775727450847626
      }
    },
    "battery_percent": 65.35696030782611,
    "landed_state": "flying",
    "latency_ms": 392.28789999998526
  },
  "files": {
    "rgb": "data\\maps\\sequence_normal_ops_001_preflight_20260102_220826\\frames\\1767409844395054900.png",
    "depth": "data\\maps\\sequence_normal_ops_001_preflight_20260102_220826\\frames\\1767409844395054900_depth.npy"
  }
}