{
  "frame_id": "1767409863046136600",
  "sequence": 2372,
  "timestamp": "2026-01-02T22:11:03.046136",
  "timestamp_ns": 1767409863046136600,
  "camera": {
    "name": "front_center",
    "resolution": [
      1920,
      1080
    ],
    "fov_deg": 89.90362548828125,
    "intrinsics": {
      "fx": 961.6161300315734,
      "fy": 961.6161300315734,
      "cx": 960.0,
      "cy": 540.0
    },
    "pose": {
      "position": {
        "x": 235.17791748046875,
        "y": 212.1328887939453,
        "z": -19.860593795776367
      },
      "orientation": {
        "w": 0.9262744784355164,
        "x": 0.05667157098650932,
        "y": -0.08044377714395523,
        "z": 0.3637755811214447
      }
    }
  },
  "telemetry": {
    "sequence": 2373,
    "server_timestamp_ms": 1767409863709.5398,
    "airsim_timestamp_ns": 1767409863709539900,
    "pose": {
      "timestamp_ns": 1767409863709539900,
      "position": {
        "x": 234.83993530273438,
        "y": 211.79489135742188,
        "z": -19.52663803100586
      },
      "orientation": {
        "w": 0.9288501143455505,
        "x": 0.00870449747890234,
        "y": 0.04114751145243645,
        "z": 0.36806055903434753
      },
      "linear_velocity": {
        "x": -0.42893660068511963,
        "y": -1.3364239931106567,
        "z": 0.029696810990571976
      },
      "angular_velocity": {
        "x": 0.12265926599502563,
        "y": -0.13106876611709595,
        "z": 0.00043958250898867846
      }
    },
    "imu": {
      "timestamp_ns": 1767409863562389900,
      "linear_acceleration": {
        "x": -0.004299744963645935,
        "y": 0.0258043110370636,
        "z": -10.113804817199707
      },
      "angular_velocity": {
        "x": 0.12265926599502563,
        "y": -0.13106876611709595,
        "z": 0.00043958250898867846
      },
      "orientation": {
        "w": 0.9289203882217407,
        "x": 0.011655938811600208,
        "y": 0.03976710885763168,
        "z": 0.3679533004760742
      }
    },
    "battery_percent": 60.6917647676898,
    "landed_state": "flying",
    "latency_ms": 663.3215999999607
  },
  "files": {
    "rgb": "data\\maps\\sequence_normal_ops_001_preflight_20260102_220826\\frames\\1767409863046136600.png",
    "depth": "data\\maps\\sequence_normal_ops_001_preflight_20260102_220826\\frames\\1767409863046136600_depth.npy"
  }
}