{
  "frame_id": "1767409727490944100",
  "sequence": 551,
  "timestamp": "2026-01-02T22:08:47.490944",
  "timestamp_ns": 1767409727490944100,
  "camera": {
    "name": "front_center",
    "resolution": [
      1920,
      1080
    ],
    "fov_deg": 89.90362548828125,
    "intrinsics": {
      "fx": 961.6161300315734,
      "fy": 961.6161300315734,
      "cx": 960.0,
      "cy": 540.0
    },
    "pose": {
      "position": {
        "x": 16.056182861328125,
        "y": 10.684928894042969,
        "z": -20.915119171142578
      },
      "orientation": {
        "w": 0.9297788739204407,
        "x": -0.004052839707583189,
        "y": -0.009822149761021137,
        "z": 0.36796510219573975
      }
    }
  },
  "telemetry": {
    "sequence": 553,
    "server_timestamp_ms": 1767409727749.4807,
    "airsim_timestamp_ns": 1767409727749480700,
    "pose": {
      "timestamp_ns": 1767409727749480700,
      "position": {
        "x": 15.75179672241211,
        "y": 10.407686233520508,
        "z": -20.502222061157227
      },
      "orientation": {
        "w": 0.9231065511703491,
        "x": -0.052047248929739,
        "y": 0.11162237823009491,
        "z": 0.3642880916595459
      },
      "linear_velocity": {
        "x": 2.5513076782226562,
        "y": 2.23984694480896,
        "z": -0.46287068724632263
      },
      "angular_velocity": {
        "x": -0.06859804689884186,
        "y": 1.1767023801803589,
        "z": -0.00010460111661814153
      }
    },
    "imu": {
      "timestamp_ns": 1767409727679805300,
      "linear_acceleration": {
        "x": -0.09454071521759033,
        "y": 0.018481731414794922,
        "z": -15.755391120910645
      },
      "angular_velocity": {
        "x": -0.06859804689884186,
        "y": 1.1767023801803589,
        "z": -0.00010460111661814153
      },
      "orientation": {
        "w": 0.9224522709846497,
        "x": -0.054342906922101974,
        "y": 0.11669380962848663,
        "z": 0.3640210032463074
      }
    },
    "battery_percent": 94.97454317735576,
    "landed_state": "flying",
    "latency_ms": 258.3851999999922
  },
  "files": {
    "rgb": "data\\maps\\sequence_normal_ops_001_preflight_20260102_220826\\frames\\1767409727490944100.png",
    "depth": "data\\maps\\sequence_normal_ops_001_preflight_20260102_220826\\frames\\1767409727490944100_depth.npy"
  }
}