{
  "frame_id": "1767409753158033200",
  "sequence": 932,
  "timestamp": "2026-01-02T22:09:13.158033",
  "timestamp_ns": 1767409753158033200,
  "camera": {
    "name": "front_center",
    "resolution": [
      1920,
      1080
    ],
    "fov_deg": 89.90362548828125,
    "intrinsics": {
      "fx": 961.6161300315734,
      "fy": 961.6161300315734,
      "cx": 960.0,
      "cy": 540.0
    },
    "pose": {
      "position": {
        "x": 55.79995346069336,
        "y": 53.04814910888672,
        "z": -21.22512435913086
      },
      "orientation": {
        "w": 0.8941345810890198,
        "x": -0.03611244633793831,
        "y": -0.001960083143785596,
        "z": 0.4463355839252472
      }
    }
  },
  "telemetry": {
    "sequence": 933,
    "server_timestamp_ms": 1767409753339.8591,
    "airsim_timestamp_ns": 1767409753339859300,
    "pose": {
      "timestamp_ns": 1767409753339859300,
      "position": {
        "x": 55.54114532470703,
        "y": 52.75091552734375,
        "z": -20.795387268066406
      },
      "orientation": {
        "w": 0.8867409825325012,
        "x": -0.09406197816133499,
        "y": 0.11476466804742813,
        "z": 0.4378034770488739
      },
      "linear_velocity": {
        "x": 1.0989208221435547,
        "y": 0.9163329005241394,
        "z": 0.0599224716424942
      },
      "angular_velocity": {
        "x": -0.0692419782280922,
        "y": -0.19809821248054504,
        "z": 0.00016741878062020987
      }
    },
    "imu": {
      "timestamp_ns": 1767409753338479800,
      "linear_acceleration": {
        "x": -0.04622983932495117,
        "y": 0.02806536853313446,
        "z": -8.980224609375
      },
      "angular_velocity": {
        "x": -0.0692419782280922,
        "y": -0.19809821248054504,
        "z": 0.00016741878062020987
      },
      "orientation": {
        "w": 0.8867650628089905,
        "x": -0.094024658203125,
        "y": 0.11445595324039459,
        "z": 0.4378436207771301
      }
    },
    "battery_percent": 88.54373095392859,
    "landed_state": "flying",
    "latency_ms": 181.69299999999566
  },
  "files": {
    "rgb": "data\\maps\\sequence_normal_ops_001_preflight_20260102_220826\\frames\\1767409753158033200.png",
    "depth": "data\\maps\\sequence_normal_ops_001_preflight_20260102_220826\\frames\\1767409753158033200_depth.npy"
  }
}