{
  "frame_id": "1767409809828978700",
  "sequence": 1880,
  "timestamp": "2026-01-02T22:10:09.828978",
  "timestamp_ns": 1767409809828978700,
  "camera": {
    "name": "front_center",
    "resolution": [
      1920,
      1080
    ],
    "fov_deg": 89.90362548828125,
    "intrinsics": {
      "fx": 961.6161300315734,
      "fy": 961.6161300315734,
      "cx": 960.0,
      "cy": 540.0
    },
    "pose": {
      "position": {
        "x": 155.17784118652344,
        "y": 149.6815643310547,
        "z": -20.879390716552734
      },
      "orientation": {
        "w": 0.9375656843185425,
        "x": 0.005113867577165365,
        "y": -0.03237162530422211,
        "z": 0.34626075625419617
      }
    }
  },
  "telemetry": {
    "sequence": 1881,
    "server_timestamp_ms": 1767409809990.9434,
    "airsim_timestamp_ns": 1767409809990943400,
    "pose": {
      "timestamp_ns": 1767409809990943400,
      "position": {
        "x": 154.8883514404297,
        "y": 149.43881225585938,
        "z": -20.491268157958984
      },
      "orientation": {
        "w": 0.9325239658355713,
        "x": -0.044839873909950256,
        "y": 0.10214298218488693,
        "z": 0.3434460759162903
      },
      "linear_velocity": {
        "x": 2.7659788131713867,
        "y": 2.2297701835632324,
        "z": -0.3162316083908081
      },
      "angular_velocity": {
        "x": -0.06825544685125351,
        "y": 1.5981428623199463,
        "z": -0.0009128876845352352
      }
    },
    "imu": {
      "timestamp_ns": 1767409809990880100,
      "linear_acceleration": {
        "x": -0.08827149868011475,
        "y": 0.01677769422531128,
        "z": -15.580613136291504
      },
      "angular_velocity": {
        "x": -0.06825544685125351,
        "y": 1.5981428623199463,
        "z": -0.0009128876845352352
      },
      "orientation": {
        "w": 0.9325240254402161,
        "x": -0.044839873909950256,
        "y": 0.10214298218488693,
        "z": 0.3434460759162903
      }
    },
    "battery_percent": 74.10379123210187,
    "landed_state": "flying",
    "latency_ms": 163.13120000000936
  },
  "files": {
    "rgb": "data\\maps\\sequence_normal_ops_001_preflight_20260102_220826\\frames\\1767409809828978700.png",
    "depth": "data\\maps\\sequence_normal_ops_001_preflight_20260102_220826\\frames\\1767409809828978700_depth.npy"
  }
}