{
  "frame_id": "1767409765878985100",
  "sequence": 1142,
  "timestamp": "2026-01-02T22:09:25.878985",
  "timestamp_ns": 1767409765878985100,
  "camera": {
    "name": "front_center",
    "resolution": [
      1920,
      1080
    ],
    "fov_deg": 89.90362548828125,
    "intrinsics": {
      "fx": 961.6161300315734,
      "fy": 961.6161300315734,
      "cx": 960.0,
      "cy": 540.0
    },
    "pose": {
      "position": {
        "x": 75.16629791259766,
        "y": 73.60173034667969,
        "z": -21.23541831970215
      },
      "orientation": {
        "w": 0.895317018032074,
        "x": -0.03618476167321205,
        "y": -0.0009551674593240023,
        "z": 0.4439563453197479
      }
    }
  },
  "telemetry": {
    "sequence": 1143,
    "server_timestamp_ms": 1767409766049.3882,
    "airsim_timestamp_ns": 1767409766049388300,
    "pose": {
      "timestamp_ns": 1767409766049388300,
      "position": {
        "x": 74.90657043457031,
        "y": 73.3062973022461,
        "z": -20.80500030517578
      },
      "orientation": {
        "w": 0.887782096862793,
        "x": -0.09382312744855881,
        "y": 0.11591532081365585,
        "z": 0.4354351758956909
      },
      "linear_velocity": {
        "x": 1.1023669242858887,
        "y": 0.9004713892936707,
        "z": 0.06096108257770538
      },
      "angular_velocity": {
        "x": -0.06857842952013016,
        "y": -0.19698947668075562,
        "z": 0.00019461993360891938
      }
    },
    "imu": {
      "timestamp_ns": 1767409766047084700,
      "linear_acceleration": {
        "x": -0.04616522789001465,
        "y": 0.02802574634552002,
        "z": -8.984522819519043
      },
      "angular_velocity": {
        "x": -0.06857842952013016,
        "y": -0.19698947668075562,
        "z": 0.00019461993360891938
      },
      "orientation": {
        "w": 0.8878541588783264,
        "x": -0.09371723979711533,
        "y": 0.1149957925081253,
        "z": 0.4355549216270447
      }
    },
    "battery_percent": 85.36404176688754,
    "landed_state": "flying",
    "latency_ms": 169.9897999999962
  },
  "files": {
    "rgb": "data\\maps\\sequence_normal_ops_001_preflight_20260102_220826\\frames\\1767409765878985100.png",
    "depth": "data\\maps\\sequence_normal_ops_001_preflight_20260102_220826\\frames\\1767409765878985100_depth.npy"
  }
}