{
  "frame_id": "1767409740170407300",
  "sequence": 737,
  "timestamp": "2026-01-02T22:09:00.170407",
  "timestamp_ns": 1767409740170407300,
  "camera": {
    "name": "front_center",
    "resolution": [
      1920,
      1080
    ],
    "fov_deg": 89.90362548828125,
    "intrinsics": {
      "fx": 961.6161300315734,
      "fy": 961.6161300315734,
      "cx": 960.0,
      "cy": 540.0
    },
    "pose": {
      "position": {
        "x": 36.89373016357422,
        "y": 32.57048034667969,
        "z": -21.15036964416504
      },
      "orientation": {
        "w": 0.9042409658432007,
        "x": -0.02348925918340683,
        "y": -0.024939898401498795,
        "z": 0.42564594745635986
      }
    }
  },
  "telemetry": {
    "sequence": 738,
    "server_timestamp_ms": 1767409740334.058,
    "airsim_timestamp_ns": 1767409740334057900,
    "pose": {
      "timestamp_ns": 1767409740334057900,
      "position": {
        "x": 36.60849380493164,
        "y": 32.266910552978516,
        "z": -20.74234390258789
      },
      "orientation": {
        "w": 0.8997604250907898,
        "x": -0.07884625345468521,
        "y": 0.09330060333013535,
        "z": 0.418938547372818
      },
      "linear_velocity": {
        "x": 0.7660672664642334,
        "y": 0.021865403279662132,
        "z": 0.3049956262111664
      },
      "angular_velocity": {
        "x": 0.022730646654963493,
        "y": -0.18038968741893768,
        "z": 0.000171297462657094
      }
    },
    "imu": {
      "timestamp_ns": 1767409740333861500,
      "linear_acceleration": {
        "x": -0.023663759231567383,
        "y": 0.03140704706311226,
        "z": -9.829743385314941
      },
      "angular_velocity": {
        "x": 0.02342214435338974,
        "y": -0.18020287156105042,
        "z": 0.00017044860578607768
      },
      "orientation": {
        "w": 0.8997872471809387,
        "x": -0.07870690524578094,
        "y": 0.09307990223169327,
        "z": 0.4189561903476715
      }
    },
    "battery_percent": 91.79621260565669,
    "landed_state": "flying",
    "latency_ms": 163.36100000000897
  },
  "files": {
    "rgb": "data\\maps\\sequence_normal_ops_001_preflight_20260102_220826\\frames\\1767409740170407300.png",
    "depth": "data\\maps\\sequence_normal_ops_001_preflight_20260102_220826\\frames\\1767409740170407300_depth.npy"
  }
}