{
  "frame_id": "1767409873038451300",
  "sequence": 2396,
  "timestamp": "2026-01-02T22:11:13.038451",
  "timestamp_ns": 1767409873038451300,
  "camera": {
    "name": "front_center",
    "resolution": [
      1920,
      1080
    ],
    "fov_deg": 89.90362548828125,
    "intrinsics": {
      "fx": 961.6161300315734,
      "fy": 961.6161300315734,
      "cx": 960.0,
      "cy": 540.0
    },
    "pose": {
      "position": {
        "x": 222.62083435058594,
        "y": 197.9996795654297,
        "z": -20.268016815185547
      },
      "orientation": {
        "w": 0.43748241662979126,
        "x": -0.017104636877775192,
        "y": 0.03945200890302658,
        "z": -0.8981982469558716
      }
    }
  },
  "telemetry": {
    "sequence": 2397,
    "server_timestamp_ms": 1767409873417.662,
    "airsim_timestamp_ns": 1767409873417662100,
    "pose": {
      "timestamp_ns": 1767409873417662100,
      "position": {
        "x": 222.8700714111328,
        "y": 198.27967834472656,
        "z": -19.84156608581543
      },
      "orientation": {
        "w": 0.4288702607154846,
        "x": 0.09767824411392212,
        "y": 0.0950726717710495,
        "z": -0.8930231928825378
      },
      "linear_velocity": {
        "x": -0.9199580550193787,
        "y": -0.48354607820510864,
        "z": 0.25197502970695496
      },
      "angular_velocity": {
        "x": -0.0020455075427889824,
        "y": -0.1896897256374359,
        "z": -0.0002507563622202724
      }
    },
    "imu": {
      "timestamp_ns": 1767409873416396600,
      "linear_acceleration": {
        "x": -0.004654839634895325,
        "y": -0.008836507797241211,
        "z": -9.525857925415039
      },
      "angular_velocity": {
        "x": -0.0020455075427889824,
        "y": -0.1896897256374359,
        "z": -0.0002507563622202724
      },
      "orientation": {
        "w": 0.428870290517807,
        "x": 0.09767825156450272,
        "y": 0.0950726792216301,
        "z": -0.8930232524871826
      }
    },
    "battery_percent": 58.438263307258275,
    "landed_state": "flying",
    "latency_ms": 378.7368999999785
  },
  "files": {
    "rgb": "data\\maps\\sequence_normal_ops_001_preflight_20260102_220826\\frames\\1767409873038451300.png",
    "depth": "data\\maps\\sequence_normal_ops_001_preflight_20260102_220826\\frames\\1767409873038451300_depth.npy"
  }
}