{
  "frame_id": "1767409781613092700",
  "sequence": 1402,
  "timestamp": "2026-01-02T22:09:41.613092",
  "timestamp_ns": 1767409781613092700,
  "camera": {
    "name": "front_center",
    "resolution": [
      1920,
      1080
    ],
    "fov_deg": 89.90362548828125,
    "intrinsics": {
      "fx": 961.6161300315734,
      "fy": 961.6161300315734,
      "cx": 960.0,
      "cy": 540.0
    },
    "pose": {
      "position": {
        "x": 102.87457275390625,
        "y": 103.0401840209961,
        "z": -20.863040924072266
      },
      "orientation": {
        "w": 0.9125104546546936,
        "x": 0.0018005521269515157,
        "y": -0.030381232500076294,
        "z": 0.4079195559024811
      }
    }
  },
  "telemetry": {
    "sequence": 1404,
    "server_timestamp_ms": 1767409781773.9531,
    "airsim_timestamp_ns": 1767409781773953200,
    "pose": {
      "timestamp_ns": 1767409781773953200,
      "position": {
        "x": 102.61165618896484,
        "y": 102.75765991210938,
        "z": -20.47110366821289
      },
      "orientation": {
        "w": 0.9077894687652588,
        "x": -0.05512888729572296,
        "y": 0.09778282046318054,
        "z": 0.4041256606578827
      },
      "linear_velocity": {
        "x": 2.4290215969085693,
        "y": 2.5512921810150146,
        "z": -0.3334410488605499
      },
      "angular_velocity": {
        "x": -0.004642237909138203,
        "y": 1.4940482378005981,
        "z": -0.0013520672218874097
      }
    },
    "imu": {
      "timestamp_ns": 1767409781772354600,
      "linear_acceleration": {
        "x": -0.08009505271911621,
        "y": 0.017691850662231445,
        "z": -15.602442741394043
      },
      "angular_velocity": {
        "x": -0.004642237909138203,
        "y": 1.4940482378005981,
        "z": -0.0013520672218874097
      },
      "orientation": {
        "w": 0.9075658321380615,
        "x": -0.0560452863574028,
        "y": 0.09984734654426575,
        "z": 0.4039972126483917
      }
    },
    "battery_percent": 81.34785955794464,
    "landed_state": "flying",
    "latency_ms": 160.05160000003116
  },
  "files": {
    "rgb": "data\\maps\\sequence_normal_ops_001_preflight_20260102_220826\\frames\\1767409781613092700.png",
    "depth": "data\\maps\\sequence_normal_ops_001_preflight_20260102_220826\\frames\\1767409781613092700_depth.npy"
  }
}