{
  "frame_id": "1767409733822218500",
  "sequence": 632,
  "timestamp": "2026-01-02T22:08:53.822218",
  "timestamp_ns": 1767409733822218500,
  "camera": {
    "name": "front_center",
    "resolution": [
      1920,
      1080
    ],
    "fov_deg": 89.90362548828125,
    "intrinsics": {
      "fx": 961.6161300315734,
      "fy": 961.6161300315734,
      "cx": 960.0,
      "cy": 540.0
    },
    "pose": {
      "position": {
        "x": 26.295040130615234,
        "y": 21.630054473876953,
        "z": -21.192859649658203
      },
      "orientation": {
        "w": 0.8995628356933594,
        "x": -0.051524002104997635,
        "y": 0.03411475569009781,
        "z": 0.43239814043045044
      }
    }
  },
  "telemetry": {
    "sequence": 633,
    "server_timestamp_ms": 1767409733915.338,
    "airsim_timestamp_ns": 1767409733915337600,
    "pose": {
      "timestamp_ns": 1767409733915337600,
      "position": {
        "x": 26.049278259277344,
        "y": 21.36739158630371,
        "z": -20.733938217163086
      },
      "orientation": {
        "w": 0.8874140977859497,
        "x": -0.10752248764038086,
        "y": 0.15123941004276276,
        "z": 0.42197367548942566
      },
      "linear_velocity": {
        "x": 1.5199339389801025,
        "y": 1.42061185836792,
        "z": -0.43743064999580383
      },
      "angular_velocity": {
        "x": -0.12379030138254166,
        "y": -0.1284169703722,
        "z": 0.0001888810220407322
      }
    },
    "imu": {
      "timestamp_ns": 1767409733913615600,
      "linear_acceleration": {
        "x": -0.0732412338256836,
        "y": 0.026862703263759613,
        "z": -8.097466468811035
      },
      "angular_velocity": {
        "x": -0.12379030138254166,
        "y": -0.1284169703722,
        "z": 0.0001888810220407322
      },
      "orientation": {
        "w": 0.8874226808547974,
        "x": -0.10760626196861267,
        "y": 0.1509944647550583,
        "z": 0.4220220446586609
      }
    },
    "battery_percent": 93.40636155612572,
    "landed_state": "flying",
    "latency_ms": 93.5769000000164
  },
  "files": {
    "rgb": "data\\maps\\sequence_normal_ops_001_preflight_20260102_220826\\frames\\1767409733822218500.png",
    "depth": "data\\maps\\sequence_normal_ops_001_preflight_20260102_220826\\frames\\1767409733822218500_depth.npy"
  }
}