{
  "frame_id": "1767409771420501000",
  "sequence": 1232,
  "timestamp": "2026-01-02T22:09:31.420501",
  "timestamp_ns": 1767409771420501000,
  "camera": {
    "name": "front_center",
    "resolution": [
      1920,
      1080
    ],
    "fov_deg": 89.90362548828125,
    "intrinsics": {
      "fx": 961.6161300315734,
      "fy": 961.6161300315734,
      "cx": 960.0,
      "cy": 540.0
    },
    "pose": {
      "position": {
        "x": 83.68073272705078,
        "y": 82.6623306274414,
        "z": -20.81972312927246
      },
      "orientation": {
        "w": 0.9025371670722961,
        "x": 0.010475406423211098,
        "y": -0.0681970939040184,
        "z": 0.4250483214855194
      }
    }
  },
  "telemetry": {
    "sequence": 1233,
    "server_timestamp_ms": 1767409771510.0,
    "airsim_timestamp_ns": 1767409771509999800,
    "pose": {
      "timestamp_ns": 1767409771509999800,
      "position": {
        "x": 83.39974212646484,
        "y": 82.34362030029297,
        "z": -20.45914077758789
      },
      "orientation": {
        "w": 0.9032143354415894,
        "x": -0.047484878450632095,
        "y": 0.06111513450741768,
        "z": 0.422154039144516
      },
      "linear_velocity": {
        "x": 2.4363927841186523,
        "y": 2.648275852203369,
        "z": -0.1387503296136856
      },
      "angular_velocity": {
        "x": 0.5022584199905396,
        "y": 2.4120032787323,
        "z": 0.0037180036306381226
      }
    },
    "imu": {
      "timestamp_ns": 1767409771508454400,
      "linear_acceleration": {
        "x": -0.054470956325531006,
        "y": -0.0005818335339426994,
        "z": -13.47262954711914
      },
      "angular_velocity": {
        "x": 0.5022584199905396,
        "y": 2.4120032787323,
        "z": 0.0037180036306381226
      },
      "orientation": {
        "w": 0.9032143354415894,
        "x": -0.047484878450632095,
        "y": 0.06111513450741768,
        "z": 0.422154039144516
      }
    },
    "battery_percent": 83.99531278161032,
    "landed_state": "flying",
    "latency_ms": 88.99750000000495
  },
  "files": {
    "rgb": "data\\maps\\sequence_normal_ops_001_preflight_20260102_220826\\frames\\1767409771420501000.png",
    "depth": "data\\maps\\sequence_normal_ops_001_preflight_20260102_220826\\frames\\1767409771420501000_depth.npy"
  }
}