{
  "frame_id": "1767409823127286900",
  "sequence": 2089,
  "timestamp": "2026-01-02T22:10:23.127286",
  "timestamp_ns": 1767409823127286900,
  "camera": {
    "name": "front_center",
    "resolution": [
      1920,
      1080
    ],
    "fov_deg": 89.90362548828125,
    "intrinsics": {
      "fx": 961.6161300315734,
      "fy": 961.6161300315734,
      "cx": 960.0,
      "cy": 540.0
    },
    "pose": {
      "position": {
        "x": 179.39488220214844,
        "y": 168.89036560058594,
        "z": -21.201828002929688
      },
      "orientation": {
        "w": 0.9252358078956604,
        "x": -0.03948231413960457,
        "y": -0.005362031050026417,
        "z": 0.3772944509983063
      }
    }
  },
  "telemetry": {
    "sequence": 2090,
    "server_timestamp_ms": 1767409823388.3538,
    "airsim_timestamp_ns": 1767409823388353800,
    "pose": {
      "timestamp_ns": 1767409823388353800,
      "position": {
        "x": 179.0883331298828,
        "y": 168.6361541748047,
        "z": -20.775917053222656
      },
      "orientation": {
        "w": 0.9180201888084412,
        "x": -0.08839134871959686,
        "y": 0.11545135080814362,
        "z": 0.3689131736755371
      },
      "linear_velocity": {
        "x": 0.9041551351547241,
        "y": 0.3400903344154358,
        "z": 0.22296878695487976
      },
      "angular_velocity": {
        "x": -0.01039080135524273,
        "y": -0.1876014769077301,
        "z": -7.710168574703857e-05
      }
    },
    "imu": {
      "timestamp_ns": 1767409823363881800,
      "linear_acceleration": {
        "x": -0.036866188049316406,
        "y": 0.023162417113780975,
        "z": -9.42793083190918
      },
      "angular_velocity": {
        "x": -0.01039080135524273,
        "y": -0.1876014769077301,
        "z": -7.710168574703857e-05
      },
      "orientation": {
        "w": 0.9181433916091919,
        "x": -0.08804311603307724,
        "y": 0.1143888607621193,
        "z": 0.3690207302570343
      }
    },
    "battery_percent": 70.71670595063688,
    "landed_state": "flying",
    "latency_ms": 261.29869999999755
  },
  "files": {
    "rgb": "data\\maps\\sequence_normal_ops_001_preflight_20260102_220826\\frames\\1767409823127286900.png",
    "depth": "data\\maps\\sequence_normal_ops_001_preflight_20260102_220826\\frames\\1767409823127286900_depth.npy"
  }
}