{
  "frame_id": "1767409804349424100",
  "sequence": 1791,
  "timestamp": "2026-01-02T22:10:04.349424",
  "timestamp_ns": 1767409804349424100,
  "camera": {
    "name": "front_center",
    "resolution": [
      1920,
      1080
    ],
    "fov_deg": 89.90362548828125,
    "intrinsics": {
      "fx": 961.6161300315734,
      "fy": 961.6161300315734,
      "cx": 960.0,
      "cy": 540.0
    },
    "pose": {
      "position": {
        "x": 144.38540649414062,
        "y": 141.13607788085938,
        "z": -20.912012100219727
      },
      "orientation": {
        "w": 0.9413743615150452,
        "x": -0.005175504367798567,
        "y": -0.013637411408126354,
        "z": 0.33704832196235657
      }
    }
  },
  "telemetry": {
    "sequence": 1792,
    "server_timestamp_ms": 1767409804684.0986,
    "airsim_timestamp_ns": 1767409804684098800,
    "pose": {
      "timestamp_ns": 1767409804684098800,
      "position": {
        "x": 144.0601043701172,
        "y": 140.87904357910156,
        "z": -20.501996994018555
      },
      "orientation": {
        "w": 0.935100793838501,
        "x": -0.049124859273433685,
        "y": 0.10935326665639877,
        "z": 0.3334892690181732
      },
      "linear_velocity": {
        "x": 2.764798879623413,
        "y": 2.127197265625,
        "z": -0.35473009943962097
      },
      "angular_velocity": {
        "x": -0.040501683950424194,
        "y": 1.4235398769378662,
        "z": -0.0009866106556728482
      }
    },
    "imu": {
      "timestamp_ns": 1767409804520994700,
      "linear_acceleration": {
        "x": -0.09347164630889893,
        "y": 0.015042990446090698,
        "z": -15.66317367553711
      },
      "angular_velocity": {
        "x": -0.040501683950424194,
        "y": 1.4235398769378662,
        "z": -0.0009866106556728482
      },
      "orientation": {
        "w": 0.9351008534431458,
        "x": -0.049124862998723984,
        "y": 0.10935327410697937,
        "z": 0.3334892988204956
      }
    },
    "battery_percent": 75.45244983057495,
    "landed_state": "flying",
    "latency_ms": 333.70680000001585
  },
  "files": {
    "rgb": "data\\maps\\sequence_normal_ops_001_preflight_20260102_220826\\frames\\1767409804349424100.png",
    "depth": "data\\maps\\sequence_normal_ops_001_preflight_20260102_220826\\frames\\1767409804349424100_depth.npy"
  }
}