{
  "frame_id": "1767409836905623500",
  "sequence": 2264,
  "timestamp": "2026-01-02T22:10:36.905623",
  "timestamp_ns": 1767409836905623500,
  "camera": {
    "name": "front_center",
    "resolution": [
      1920,
      1080
    ],
    "fov_deg": 89.90362548828125,
    "intrinsics": {
      "fx": 961.6161300315734,
      "fy": 961.6161300315734,
      "cx": 960.0,
      "cy": 540.0
    },
    "pose": {
      "position": {
        "x": 201.7678985595703,
        "y": 186.5003204345703,
        "z": -20.203628540039062
      },
      "orientation": {
        "w": 0.9265233874320984,
        "x": -0.027863463386893272,
        "y": -0.01961328834295273,
        "z": 0.3746909499168396
      }
    }
  },
  "telemetry": {
    "sequence": 2266,
    "server_timestamp_ms": 1767409837238.7676,
    "airsim_timestamp_ns": 1767409837238767500,
    "pose": {
      "timestamp_ns": 1767409837238767500,
      "position": {
        "x": 201.4527130126953,
        "y": 186.23394775390625,
        "z": -19.791683197021484
      },
      "orientation": {
        "w": 0.9211569428443909,
        "x": -0.07653207331895828,
        "y": 0.1014900803565979,
        "z": 0.3678485155105591
      },
      "linear_velocity": {
        "x": 0.6327335834503174,
        "y": -0.15617339313030243,
        "z": 0.3298240602016449
      },
      "angular_velocity": {
        "x": 0.0441264845430851,
        "y": -0.18748661875724792,
        "z": 0.0001050748978741467
      }
    },
    "imu": {
      "timestamp_ns": 1767409837122494900,
      "linear_acceleration": {
        "x": -0.02403503656387329,
        "y": 0.025743752717971802,
        "z": -9.874140739440918
      },
      "angular_velocity": {
        "x": 0.0441264845430851,
        "y": -0.18748661875724792,
        "z": 0.0001050748978741467
      },
      "orientation": {
        "w": 0.9211903810501099,
        "x": -0.07636822015047073,
        "y": 0.10125526040792465,
        "z": 0.3678635358810425
      }
    },
    "battery_percent": 67.25470641209385,
    "landed_state": "flying",
    "latency_ms": 332.50199999997676
  },
  "files": {
    "rgb": "data\\maps\\sequence_normal_ops_001_preflight_20260102_220826\\frames\\1767409836905623500.png",
    "depth": "data\\maps\\sequence_normal_ops_001_preflight_20260102_220826\\frames\\1767409836905623500_depth.npy"
  }
}