{
  "frame_id": "1767409861548376600",
  "sequence": 2366,
  "timestamp": "2026-01-02T22:11:01.548376",
  "timestamp_ns": 1767409861548376600,
  "camera": {
    "name": "front_center",
    "resolution": [
      1920,
      1080
    ],
    "fov_deg": 89.90362548828125,
    "intrinsics": {
      "fx": 961.6161300315734,
      "fy": 961.6161300315734,
      "cx": 960.0,
      "cy": 540.0
    },
    "pose": {
      "position": {
        "x": 234.4925994873047,
        "y": 212.69557189941406,
        "z": -20.260957717895508
      },
      "orientation": {
        "w": 0.9275152087211609,
        "x": -0.0388086661696434,
        "y": 0.02185637690126896,
        "z": 0.3711223304271698
      }
    }
  },
  "telemetry": {
    "sequence": 2367,
    "server_timestamp_ms": 1767409861942.616,
    "airsim_timestamp_ns": 1767409861942616100,
    "pose": {
      "timestamp_ns": 1767409861942616100,
      "position": {
        "x": 234.20423889160156,
        "y": 212.45419311523438,
        "z": -19.815324783325195
      },
      "orientation": {
        "w": 0.9167273044586182,
        "x": -0.08691783994436264,
        "y": 0.14273442327976227,
        "z": 0.36288177967071533
      },
      "linear_velocity": {
        "x": 1.394429087638855,
        "y": 1.1144304275512695,
        "z": -0.2036176174879074
      },
      "angular_velocity": {
        "x": -0.1213754341006279,
        "y": -0.14004309475421906,
        "z": 0.0003755141806323081
      }
    },
    "imu": {
      "timestamp_ns": 1767409861942108100,
      "linear_acceleration": {
        "x": -0.06803727149963379,
        "y": 0.01959066092967987,
        "z": -8.561140060424805
      },
      "angular_velocity": {
        "x": -0.1213754341006279,
        "y": -0.14004309475421906,
        "z": 0.0003755141806323081
      },
      "orientation": {
        "w": 0.9167916178703308,
        "x": -0.08739481121301651,
        "y": 0.1414540708065033,
        "z": 0.3631061911582947
      }
    },
    "battery_percent": 61.06046719385523,
    "landed_state": "flying",
    "latency_ms": 395.1422000000093
  },
  "files": {
    "rgb": "data\\maps\\sequence_normal_ops_001_preflight_20260102_220826\\frames\\1767409861548376600.png",
    "depth": "data\\maps\\sequence_normal_ops_001_preflight_20260102_220826\\frames\\1767409861548376600_depth.npy"
  }
}