{
  "frame_id": "1767409720392785900",
  "sequence": 465,
  "timestamp": "2026-01-02T22:08:40.392785",
  "timestamp_ns": 1767409720392785900,
  "camera": {
    "name": "front_center",
    "resolution": [
      1920,
      1080
    ],
    "fov_deg": 89.90362548828125,
    "intrinsics": {
      "fx": 961.6161300315734,
      "fy": 961.6161300315734,
      "cx": 960.0,
      "cy": 540.0
    },
    "pose": {
      "position": {
        "x": 5.985033988952637,
        "y": 0.006397601682692766,
        "z": -20.021610260009766
      },
      "orientation": {
        "w": 0.7027830481529236,
        "x": 0.08142836391925812,
        "y": -0.0858398973941803,
        "z": 0.7014961838722229
      }
    }
  },
  "telemetry": {
    "sequence": 466,
    "server_timestamp_ms": 1767409720488.8394,
    "airsim_timestamp_ns": 1767409720488839300,
    "pose": {
      "timestamp_ns": 1767409720488839300,
      "position": {
        "x": 5.98212194442749,
        "y": -0.4415890872478485,
        "z": -19.71133041381836
      },
      "orientation": {
        "w": 0.7077167630195618,
        "x": -0.024287482723593712,
        "y": 0.020703209564089775,
        "z": 0.7057751417160034
      },
      "linear_velocity": {
        "x": 0.017365509644150734,
        "y": 3.7019128799438477,
        "z": -0.1405964195728302
      },
      "angular_velocity": {
        "x": 0.06526897847652435,
        "y": 3.3392159938812256,
        "z": -0.00028482911875471473
      }
    },
    "imu": {
      "timestamp_ns": 1767409720486585900,
      "linear_acceleration": {
        "x": -0.02377326786518097,
        "y": 0.0270833820104599,
        "z": -6.483648777008057
      },
      "angular_velocity": {
        "x": 0.06526897847652435,
        "y": 3.3392159938812256,
        "z": -0.00028482911875471473
      },
      "orientation": {
        "w": 0.7077167630195618,
        "x": -0.024287482723593712,
        "y": 0.020703209564089775,
        "z": 0.7057751417160034
      }
    },
    "battery_percent": 96.74383416396773,
    "landed_state": "flying",
    "latency_ms": 95.44200000001979
  },
  "files": {
    "rgb": "data\\maps\\sequence_normal_ops_001_preflight_20260102_220826\\frames\\1767409720392785900.png",
    "depth": "data\\maps\\sequence_normal_ops_001_preflight_20260102_220826\\frames\\1767409720392785900_depth.npy"
  }
}