{
  "frame_id": "1767409829815983200",
  "sequence": 2171,
  "timestamp": "2026-01-02T22:10:29.815983",
  "timestamp_ns": 1767409829815983200,
  "camera": {
    "name": "front_center",
    "resolution": [
      1920,
      1080
    ],
    "fov_deg": 89.90362548828125,
    "intrinsics": {
      "fx": 961.6161300315734,
      "fy": 961.6161300315734,
      "cx": 960.0,
      "cy": 540.0
    },
    "pose": {
      "position": {
        "x": 190.3203887939453,
        "y": 177.57559204101562,
        "z": -21.2496395111084
      },
      "orientation": {
        "w": 0.9265892505645752,
        "x": -0.04112246632575989,
        "y": 0.01368381641805172,
        "z": 0.37356939911842346
      }
    }
  },
  "telemetry": {
    "sequence": 2172,
    "server_timestamp_ms": 1767409830018.472,
    "airsim_timestamp_ns": 1767409830018472000,
    "pose": {
      "timestamp_ns": 1767409830018472000,
      "position": {
        "x": 190.02610778808594,
        "y": 177.33168029785156,
        "z": -20.809295654296875
      },
      "orientation": {
        "w": 0.9168760180473328,
        "x": -0.08953124284744263,
        "y": 0.13451091945171356,
        "z": 0.36500588059425354
      },
      "linear_velocity": {
        "x": 1.1846413612365723,
        "y": 0.7059885263442993,
        "z": 0.036905866116285324
      },
      "angular_velocity": {
        "x": -0.06669869273900986,
        "y": -0.17706725001335144,
        "z": 0.00020422441593836993
      }
    },
    "imu": {
      "timestamp_ns": 1767409830016228000,
      "linear_acceleration": {
        "x": -0.051100969314575195,
        "y": 0.022262930870056152,
        "z": -8.9110107421875
      },
      "angular_velocity": {
        "x": -0.06669869273900986,
        "y": -0.17706725001335144,
        "z": 0.00020422441593836993
      },
      "orientation": {
        "w": 0.9169802665710449,
        "x": -0.08952318876981735,
        "y": 0.13339127600193024,
        "z": 0.36515697836875916
      }
    },
    "battery_percent": 69.06482330884675,
    "landed_state": "flying",
    "latency_ms": 201.83500000001686
  },
  "files": {
    "rgb": "data\\maps\\sequence_normal_ops_001_preflight_20260102_220826\\frames\\1767409829815983200.png",
    "depth": "data\\maps\\sequence_normal_ops_001_preflight_20260102_220826\\frames\\1767409829815983200_depth.npy"
  }
}