{
  "frame_id": "1767409776537791200",
  "sequence": 1321,
  "timestamp": "2026-01-02T22:09:36.537791",
  "timestamp_ns": 1767409776537791200,
  "camera": {
    "name": "front_center",
    "resolution": [
      1920,
      1080
    ],
    "fov_deg": 89.90362548828125,
    "intrinsics": {
      "fx": 961.6161300315734,
      "fy": 961.6161300315734,
      "cx": 960.0,
      "cy": 540.0
    },
    "pose": {
      "position": {
        "x": 93.62055206298828,
        "y": 93.1852035522461,
        "z": -21.002857208251953
      },
      "orientation": {
        "w": 0.9138630628585815,
        "x": -0.020795991644263268,
        "y": 0.018695950508117676,
        "z": 0.40505844354629517
      }
    }
  },
  "telemetry": {
    "sequence": 1322,
    "server_timestamp_ms": 1767409776753.9043,
    "airsim_timestamp_ns": 1767409776753904400,
    "pose": {
      "timestamp_ns": 1767409776753904400,
      "position": {
        "x": 93.35578155517578,
        "y": 92.90773010253906,
        "z": -20.56364631652832
      },
      "orientation": {
        "w": 0.9036045074462891,
        "x": -0.07348881661891937,
        "y": 0.1378190666437149,
        "z": 0.39887869358062744
      },
      "linear_velocity": {
        "x": 2.2097184658050537,
        "y": 2.176939010620117,
        "z": -0.7107903361320496
      },
      "angular_velocity": {
        "x": -0.05483536422252655,
        "y": 0.6838113069534302,
        "z": 0.0005755823221988976
      }
    },
    "imu": {
      "timestamp_ns": 1767409776751761600,
      "linear_acceleration": {
        "x": -0.1033254861831665,
        "y": 0.020988672971725464,
        "z": -12.72610855102539
      },
      "angular_velocity": {
        "x": -0.05483536422252655,
        "y": 0.6838113069534302,
        "z": 0.0005755823221988976
      },
      "orientation": {
        "w": 0.9036045074462891,
        "x": -0.07348881661891937,
        "y": 0.1378190666437149,
        "z": 0.39887869358062744
      }
    },
    "battery_percent": 82.64647690449145,
    "landed_state": "flying",
    "latency_ms": 215.9090999999762
  },
  "files": {
    "rgb": "data\\maps\\sequence_normal_ops_001_preflight_20260102_220826\\frames\\1767409776537791200.png",
    "depth": "data\\maps\\sequence_normal_ops_001_preflight_20260102_220826\\frames\\1767409776537791200_depth.npy"
  }
}