{
  "frame_id": "1767409792200845800",
  "sequence": 1582,
  "timestamp": "2026-01-02T22:09:52.200845",
  "timestamp_ns": 1767409792200845800,
  "camera": {
    "name": "front_center",
    "resolution": [
      1920,
      1080
    ],
    "fov_deg": 89.90362548828125,
    "intrinsics": {
      "fx": 961.6161300315734,
      "fy": 961.6161300315734,
      "cx": 960.0,
      "cy": 540.0
    },
    "pose": {
      "position": {
        "x": 121.81396484375,
        "y": 123.16667938232422,
        "z": -20.248640060424805
      },
      "orientation": {
        "w": 0.9122146964073181,
        "x": -0.00416303938254714,
        "y": -0.01712558977305889,
        "z": 0.40933331847190857
      }
    }
  },
  "telemetry": {
    "sequence": 1583,
    "server_timestamp_ms": 1767409792373.5798,
    "airsim_timestamp_ns": 1767409792373579800,
    "pose": {
      "timestamp_ns": 1767409792373579800,
      "position": {
        "x": 121.53018188476562,
        "y": 122.86123657226562,
        "z": -19.84099578857422
      },
      "orientation": {
        "w": 0.9066458940505981,
        "x": -0.0575561448931694,
        "y": 0.10208883136510849,
        "z": 0.40528804063796997
      },
      "linear_velocity": {
        "x": 2.4387776851654053,
        "y": 2.6313791275024414,
        "z": -0.38764989376068115
      },
      "angular_velocity": {
        "x": -0.08061496913433075,
        "y": 1.3961880207061768,
        "z": -0.001135186292231083
      }
    },
    "imu": {
      "timestamp_ns": 1767409792371969500,
      "linear_acceleration": {
        "x": -0.08770537376403809,
        "y": 0.020908445119857788,
        "z": -15.846824645996094
      },
      "angular_velocity": {
        "x": -0.08061496913433075,
        "y": 1.3961880207061768,
        "z": -0.001135186292231083
      },
      "orientation": {
        "w": 0.9064204096794128,
        "x": -0.0585281066596508,
        "y": 0.10396841168403625,
        "z": 0.40517541766166687
      }
    },
    "battery_percent": 78.60888505114505,
    "landed_state": "flying",
    "latency_ms": 171.96719999998322
  },
  "files": {
    "rgb": "data\\maps\\sequence_normal_ops_001_preflight_20260102_220826\\frames\\1767409792200845800.png",
    "depth": "data\\maps\\sequence_normal_ops_001_preflight_20260102_220826\\frames\\1767409792200845800_depth.npy"
  }
}