{
  "frame_id": "1767409816128934300",
  "sequence": 1987,
  "timestamp": "2026-01-02T22:10:16.128934",
  "timestamp_ns": 1767409816128934300,
  "camera": {
    "name": "front_center",
    "resolution": [
      1920,
      1080
    ],
    "fov_deg": 89.90362548828125,
    "intrinsics": {
      "fx": 961.6161300315734,
      "fy": 961.6161300315734,
      "cx": 960.0,
      "cy": 540.0
    },
    "pose": {
      "position": {
        "x": 168.57406616210938,
        "y": 159.95913696289062,
        "z": -21.120697021484375
      },
      "orientation": {
        "w": 0.9364648461341858,
        "x": -0.025480609387159348,
        "y": -0.017401231452822685,
        "z": 0.34940168261528015
      }
    }
  },
  "telemetry": {
    "sequence": 1989,
    "server_timestamp_ms": 1767409816689.903,
    "airsim_timestamp_ns": 1767409816689903100,
    "pose": {
      "timestamp_ns": 1767409816689903100,
      "position": {
        "x": 168.246826171875,
        "y": 159.7084503173828,
        "z": -20.70829963684082
      },
      "orientation": {
        "w": 0.930724561214447,
        "x": -0.07086869329214096,
        "y": 0.10498082637786865,
        "z": 0.3430866003036499
      },
      "linear_velocity": {
        "x": 0.5218122601509094,
        "y": -0.2843279242515564,
        "z": 0.3430788516998291
      },
      "angular_velocity": {
        "x": 0.05559087544679642,
        "y": -0.19307777285575867,
        "z": 0.00015826898743398488
      }
    },
    "imu": {
      "timestamp_ns": 1767409816598848700,
      "linear_acceleration": {
        "x": -0.02272135019302368,
        "y": 0.023335188627243042,
        "z": -9.935382843017578
      },
      "angular_velocity": {
        "x": 0.05559087544679642,
        "y": -0.19307777285575867,
        "z": 0.00015826898743398488
      },
      "orientation": {
        "w": 0.9307966232299805,
        "x": -0.07051710784435272,
        "y": 0.10449875146150589,
        "z": 0.3431107699871063
      }
    },
    "battery_percent": 72.39458576136056,
    "landed_state": "flying",
    "latency_ms": 179.7770000000014
  },
  "files": {
    "rgb": "data\\maps\\sequence_normal_ops_001_preflight_20260102_220826\\frames\\1767409816128934300.png",
    "depth": "data\\maps\\sequence_normal_ops_001_preflight_20260102_220826\\frames\\1767409816128934300_depth.npy"
  }
}