{
  "frame_id": "1767409852638377400",
  "sequence": 2338,
  "timestamp": "2026-01-02T22:10:52.638377",
  "timestamp_ns": 1767409852638377400,
  "camera": {
    "name": "front_center",
    "resolution": [
      1920,
      1080
    ],
    "fov_deg": 89.90362548828125,
    "intrinsics": {
      "fx": 961.6161300315734,
      "fy": 961.6161300315734,
      "cx": 960.0,
      "cy": 540.0
    },
    "pose": {
      "position": {
        "x": 224.09385681152344,
        "y": 204.1336212158203,
        "z": -20.0825252532959
      },
      "orientation": {
        "w": 0.9218975901603699,
        "x": -0.010630184784531593,
        "y": -0.04580295458436012,
        "z": 0.38456979393959045
      }
    }
  },
  "telemetry": {
    "sequence": 2339,
    "server_timestamp_ms": 1767409853486.0515,
    "airsim_timestamp_ns": 1767409853486051600,
    "pose": {
      "timestamp_ns": 1767409853486051600,
      "position": {
        "x": 223.77130126953125,
        "y": 203.8392791748047,
        "z": -19.696107864379883
      },
      "orientation": {
        "w": 0.9199891090393066,
        "x": -0.06073567271232605,
        "y": 0.07492067664861679,
        "z": 0.3798922300338745
      },
      "linear_velocity": {
        "x": 0.3242550194263458,
        "y": -0.7123626470565796,
        "z": 0.31395578384399414
      },
      "angular_velocity": {
        "x": 0.11164292693138123,
        "y": -0.16671402752399445,
        "z": 0.0002722729404922575
      }
    },
    "imu": {
      "timestamp_ns": 1767409853108384500,
      "linear_acceleration": {
        "x": -0.01273411512374878,
        "y": 0.029574140906333923,
        "z": -10.246895790100098
      },
      "angular_velocity": {
        "x": 0.11164292693138123,
        "y": -0.16671402752399445,
        "z": 0.0002722729404922575
      },
      "orientation": {
        "w": 0.9201597571372986,
        "x": -0.05925033241510391,
        "y": 0.07391341030597687,
        "z": 0.37991082668304443
      }
    },
    "battery_percent": 63.22806616924049,
    "landed_state": "flying",
    "latency_ms": 847.1548999999641
  },
  "files": {
    "rgb": "data\\maps\\sequence_normal_ops_001_preflight_20260102_220826\\frames\\1767409852638377400.png",
    "depth": "data\\maps\\sequence_normal_ops_001_preflight_20260102_220826\\frames\\1767409852638377400_depth.npy"
  }
}