{
  "frame_id": "1767409759333336200",
  "sequence": 1036,
  "timestamp": "2026-01-02T22:09:19.333336",
  "timestamp_ns": 1767409759333336200,
  "camera": {
    "name": "front_center",
    "resolution": [
      1920,
      1080
    ],
    "fov_deg": 89.90362548828125,
    "intrinsics": {
      "fx": 961.6161300315734,
      "fy": 961.6161300315734,
      "cx": 960.0,
      "cy": 540.0
    },
    "pose": {
      "position": {
        "x": 65.75145721435547,
        "y": 63.38389587402344,
        "z": -21.186288833618164
      },
      "orientation": {
        "w": 0.9038188457489014,
        "x": -0.031112613156437874,
        "y": -0.01444063987582922,
        "z": 0.42653828859329224
      }
    }
  },
  "telemetry": {
    "sequence": 1037,
    "server_timestamp_ms": 1767409759733.3403,
    "airsim_timestamp_ns": 1767409759733340100,
    "pose": {
      "timestamp_ns": 1767409759733340100,
      "position": {
        "x": 65.47172546386719,
        "y": 63.08943176269531,
        "z": -20.76791000366211
      },
      "orientation": {
        "w": 0.8979714512825012,
        "x": -0.08652085810899734,
        "y": 0.10365493595600128,
        "z": 0.41882818937301636
      },
      "linear_velocity": {
        "x": 0.9089096784591675,
        "y": 0.36306238174438477,
        "z": 0.23911769688129425
      },
      "angular_velocity": {
        "x": -0.012434057891368866,
        "y": -0.18845631182193756,
        "z": 0.0002026785514317453
      }
    },
    "imu": {
      "timestamp_ns": 1767409759542715700,
      "linear_acceleration": {
        "x": -0.03229057788848877,
        "y": 0.02929437905550003,
        "z": -9.523829460144043
      },
      "angular_velocity": {
        "x": -0.012434057891368866,
        "y": -0.18845631182193756,
        "z": 0.0002026785514317453
      },
      "orientation": {
        "w": 0.8980533480644226,
        "x": -0.08622076362371445,
        "y": 0.10286755114793777,
        "z": 0.41890865564346313
      }
    },
    "battery_percent": 86.94963891762542,
    "landed_state": "flying",
    "latency_ms": 399.37750000001415
  },
  "files": {
    "rgb": "data\\maps\\sequence_normal_ops_001_preflight_20260102_220826\\frames\\1767409759333336200.png",
    "depth": "data\\maps\\sequence_normal_ops_001_preflight_20260102_220826\\frames\\1767409759333336200_depth.npy"
  }
}