{
  "frame_id": "1767415753345349600",
  "sequence": 409,
  "timestamp": "2026-01-02T23:49:13.345349",
  "timestamp_ns": 1767415753345349600,
  "camera": {
    "name": "front_center",
    "resolution": [
      1920,
      1080
    ],
    "fov_deg": 89.90362548828125,
    "intrinsics": {
      "fx": 961.6161300315734,
      "fy": 961.6161300315734,
      "cx": 960.0,
      "cy": 540.0,
      "depth_scale": 1.0,
      "depth_min_m": 0.1,
      "depth_max_m": 100.0,
      "distortion": null
    },
    "pose": {
      "position": {
        "x": 11.419732093811035,
        "y": 9.628622055053711,
        "z": -20.775054931640625
      },
      "orientation": {
        "w": 0.9261355400085449,
        "x": 0.1104811429977417,
        "y": -0.11870300769805908,
        "z": 0.3405531644821167
      }
    }
  },
  "telemetry": {
    "sequence": 411,
    "server_timestamp_ms": 1767415753919.8018,
    "airsim_timestamp_ns": 1767415753919801700,
    "pose": {
      "timestamp_ns": 1767415753919801700,
      "position": {
        "x": 11.05922794342041,
        "y": 9.263906478881836,
        "z": -20.49753189086914
      },
      "orientation": {
        "w": 0.9337061643600464,
        "x": 0.06508485227823257,
        "y": 0.003197459736838937,
        "z": 0.35206034779548645
      },
      "linear_velocity": {
        "x": -1.2097150087356567,
        "y": -0.9558516144752502,
        "z": -0.05409030243754387
      },
      "angular_velocity": {
        "x": 0.00784832052886486,
        "y": -0.1196574717760086,
        "z": 0.0001682044385233894
      }
    },
    "imu": {
      "timestamp_ns": 1767415753754362300,
      "linear_acceleration": {
        "x": -0.0035337209701538086,
        "y": 0.01057860255241394,
        "z": -9.828644752502441
      },
      "angular_velocity": {
        "x": 0.00784832052886486,
        "y": -0.1196574717760086,
        "z": 0.0001682044385233894
      },
      "orientation": {
        "w": 0.9337050318717957,
        "x": 0.06530992686748505,
        "y": 0.002709470223635435,
        "z": 0.35202595591545105
      }
    },
    "battery_percent": 86.34000101583617,
    "landed_state": "flying",
    "latency_ms": 571.885199999997
  },
  "files": {
    "rgb": "data\\maps\\sequence_normal_ops_001_preflight_20260102_234754\\frames\\1767415753345349600.png",
    "depth": "data\\maps\\sequence_normal_ops_001_preflight_20260102_234754\\frames\\1767415753345349600_depth.npy"
  }
}