{
  "frame_id": "1767415732894563800",
  "sequence": 319,
  "timestamp": "2026-01-02T23:48:52.894563",
  "timestamp_ns": 1767415732894563800,
  "camera": {
    "name": "front_center",
    "resolution": [
      1920,
      1080
    ],
    "fov_deg": 89.90362548828125,
    "intrinsics": {
      "fx": 961.6161300315734,
      "fy": 961.6161300315734,
      "cx": 960.0,
      "cy": 540.0,
      "depth_scale": 1.0,
      "depth_min_m": 0.1,
      "depth_max_m": 100.0,
      "distortion": null
    },
    "pose": {
      "position": {
        "x": -0.8512002825737,
        "y": 0.4645426571369171,
        "z": -20.46478271484375
      },
      "orientation": {
        "w": 0.7071117758750916,
        "x": 0.08756975829601288,
        "y": -0.09736008942127228,
        "z": 0.6948708295822144
      }
    }
  },
  "telemetry": {
    "sequence": 322,
    "server_timestamp_ms": 1767415733265.2349,
    "airsim_timestamp_ns": 1767415733265235000,
    "pose": {
      "timestamp_ns": 1767415733265235000,
      "position": {
        "x": -0.8769221305847168,
        "y": -0.03224007040262222,
        "z": -20.16533660888672
      },
      "orientation": {
        "w": 0.7137739658355713,
        "x": -0.0032180233392864466,
        "y": -0.0035324967466294765,
        "z": 0.7003598809242249
      },
      "linear_velocity": {
        "x": -0.06660803407430649,
        "y": 0.019431097432971,
        "z": -0.014154365286231041
      },
      "angular_velocity": {
        "x": 0.009539731778204441,
        "y": 0.00040180442738346756,
        "z": 4.5559644945569744e-10
      }
    },
    "imu": {
      "timestamp_ns": 1767415733262548900,
      "linear_acceleration": {
        "x": 1.1896714568138123e-05,
        "y": 0.026049254462122917,
        "z": -9.898560523986816
      },
      "angular_velocity": {
        "x": 0.009539731778204441,
        "y": 0.00040180442738346756,
        "z": 4.5559644945569744e-10
      },
      "orientation": {
        "w": 0.7137743830680847,
        "x": -0.003128112992271781,
        "y": -0.0034366254694759846,
        "z": 0.7003602981567383
      }
    },
    "battery_percent": 89.89798308407927,
    "landed_state": "flying",
    "latency_ms": 366.83890000040265
  },
  "files": {
    "rgb": "data\\maps\\sequence_normal_ops_001_preflight_20260102_234754\\frames\\1767415732894563800.png",
    "depth": "data\\maps\\sequence_normal_ops_001_preflight_20260102_234754\\frames\\1767415732894563800_depth.npy"
  }
}