{
  "frame_id": "1767393186157013000",
  "sequence": 461,
  "timestamp": "2026-01-02T17:33:06.157013",
  "timestamp_ns": 1767393186157013000,
  "camera": {
    "name": "front_center",
    "resolution": [
      1920,
      1080
    ],
    "fov_deg": 89.90362548828125,
    "intrinsics": {
      "fx": 961.6161300315734,
      "fy": 961.6161300315734,
      "cx": 960.0,
      "cy": 540.0
    },
    "pose": {
      "position": {
        "x": 26.3489990234375,
        "y": 23.201295852661133,
        "z": -14.719685554504395
      },
      "orientation": {
        "w": 0.8924951553344727,
        "x": 0.049384601414203644,
        "y": -0.11988893896341324,
        "z": 0.43201878666877747
      }
    }
  },
  "telemetry": {
    "sequence": 462,
    "server_timestamp_ms": 1767393202427.3752,
    "airsim_timestamp_ns": 1767393202427375400,
    "pose": {
      "timestamp_ns": 1767393202427375400,
      "position": {
        "x": 26.09792709350586,
        "y": 22.829442977905273,
        "z": -14.41832447052002
      },
      "orientation": {
        "w": 0.7989577054977417,
        "x": -0.002183148404583335,
        "y": -0.0015373253263533115,
        "z": 0.601381242275238
      },
      "linear_velocity": {
        "x": -0.05182195454835892,
        "y": -0.005469209048897028,
        "z": 0.0006092669209465384
      },
      "angular_velocity": {
        "x": -0.0034824046306312084,
        "y": -0.0034681439865380526,
        "z": -0.009454271756112576
      }
    },
    "imu": {
      "timestamp_ns": 1767393187404686848,
      "linear_acceleration": {
        "x": -0.005963172763586044,
        "y": 0.07765789330005646,
        "z": -9.80567455291748
      },
      "angular_velocity": {
        "x": -0.0034824046306312084,
        "y": -0.0034681439865380526,
        "z": -0.009454271756112576
      },
      "orientation": {
        "w": -0.7989749908447266,
        "x": 0.0021852271165698767,
        "y": 0.0015520233428105712,
        "z": -0.6013584136962891
      }
    },
    "battery_percent": 39.79555056832742,
    "landed_state": "flying",
    "latency_ms": 16229.783500002668
  },
  "files": {
    "rgb": "data\\maps\\sequence_patrol_recharge_001_preflight_20260102_173250\\frames\\1767393186157013000.png",
    "depth": "data\\maps\\sequence_patrol_recharge_001_preflight_20260102_173250\\frames\\1767393186157013000_depth.npy"
  }
}