{
  "frame_id": "1767412851975067000",
  "sequence": 927,
  "timestamp": "2026-01-02T23:00:51.975067",
  "timestamp_ns": 1767412851975067000,
  "camera": {
    "name": "front_center",
    "resolution": [
      1920,
      1080
    ],
    "fov_deg": 89.90362548828125,
    "intrinsics": {
      "fx": 961.6161300315734,
      "fy": 961.6161300315734,
      "cx": 960.0,
      "cy": 540.0,
      "depth_scale": 1.0,
      "depth_min_m": 0.1,
      "depth_max_m": 100.0,
      "distortion": null
    },
    "pose": {
      "position": {
        "x": 53.1953125,
        "y": 52.56843185424805,
        "z": -18.914684295654297
      },
      "orientation": {
        "w": 0.9329339861869812,
        "x": 0.007409539073705673,
        "y": -0.008486508391797543,
        "z": 0.35987111926078796
      }
    }
  },
  "telemetry": {
    "sequence": 929,
    "server_timestamp_ms": 1767412852316.5142,
    "airsim_timestamp_ns": 1767412852316514400,
    "pose": {
      "timestamp_ns": 1767412852316514400,
      "position": {
        "x": 52.89063262939453,
        "y": 52.287967681884766,
        "z": -18.504182815551758
      },
      "orientation": {
        "w": 0.9260603189468384,
        "x": -0.039626456797122955,
        "y": 0.11335841566324234,
        "z": 0.3577595055103302
      },
      "linear_velocity": {
        "x": 0.019138099625706673,
        "y": -1.038551688194275,
        "z": 3.1103994846343994
      },
      "angular_velocity": {
        "x": 0.04733280465006828,
        "y": -0.06522729992866516,
        "z": -1.179132342338562
      }
    },
    "imu": {
      "timestamp_ns": 1767412852175921800,
      "linear_acceleration": {
        "x": -0.0026515722274780273,
        "y": 0.02914661169052124,
        "z": -13.593342781066895
      },
      "angular_velocity": {
        "x": 0.04733280465006828,
        "y": -0.06522729992866516,
        "z": -1.179132342338562
      },
      "orientation": {
        "w": 0.9285653829574585,
        "x": -0.04003404453396797,
        "y": 0.1128971204161644,
        "z": 0.3513088524341583
      }
    },
    "battery_percent": 73.87244058432141,
    "landed_state": "flying",
    "latency_ms": 328.8268999999673
  },
  "files": {
    "rgb": "data\\maps\\sequence_coord_001_preflight_20260102_230050\\frames\\1767412851975067000.png",
    "depth": "data\\maps\\sequence_coord_001_preflight_20260102_230050\\frames\\1767412851975067000_depth.npy"
  }
}