{
  "frame_id": "1767414020390001900",
  "sequence": 525,
  "timestamp": "2026-01-02T23:20:20.390001",
  "timestamp_ns": 1767414020390001900,
  "camera": {
    "name": "front_center",
    "resolution": [
      1920,
      1080
    ],
    "fov_deg": 89.90362548828125,
    "intrinsics": {
      "fx": 961.6161300315734,
      "fy": 961.6161300315734,
      "cx": 960.0,
      "cy": 540.0,
      "depth_scale": 1.0,
      "depth_min_m": 0.1,
      "depth_max_m": 100.0,
      "distortion": null
    },
    "pose": {
      "position": {
        "x": 16.4598445892334,
        "y": 11.829740524291992,
        "z": -20.249223709106445
      },
      "orientation": {
        "w": 0.8424902558326721,
        "x": -0.030255960300564766,
        "y": 0.012027976103127003,
        "z": 0.5377267599105835
      }
    }
  },
  "telemetry": {
    "sequence": 526,
    "server_timestamp_ms": 1767414020583.2388,
    "airsim_timestamp_ns": 1767414020583238800,
    "pose": {
      "timestamp_ns": 1767414020583238800,
      "position": {
        "x": 16.28389549255371,
        "y": 11.48958683013916,
        "z": -19.80952262878418
      },
      "orientation": {
        "w": 0.8337126970291138,
        "x": -0.10018454492092133,
        "y": 0.12189212441444397,
        "z": 0.5291772484779358
      },
      "linear_velocity": {
        "x": 0.963908851146698,
        "y": 1.8689841032028198,
        "z": -0.2969287037849426
      },
      "angular_velocity": {
        "x": -0.12146198749542236,
        "y": -0.21232691407203674,
        "z": -0.0009523589978925884
      }
    },
    "imu": {
      "timestamp_ns": 1767414020581899300,
      "linear_acceleration": {
        "x": -0.060666799545288086,
        "y": 0.028296947479248047,
        "z": -8.285740852355957
      },
      "angular_velocity": {
        "x": -0.12146198749542236,
        "y": -0.21232691407203674,
        "z": -0.0009523589978925884
      },
      "orientation": {
        "w": 0.8339033126831055,
        "x": -0.10011565685272217,
        "y": 0.11832591146230698,
        "z": 0.5296991467475891
      }
    },
    "battery_percent": 89.06664050927634,
    "landed_state": "flying",
    "latency_ms": 193.83730000026844
  },
  "files": {
    "rgb": "data\\maps\\sequence_normal_ops_001_preflight_20260102_231931\\frames\\1767414020390001900.png",
    "depth": "data\\maps\\sequence_normal_ops_001_preflight_20260102_231931\\frames\\1767414020390001900_depth.npy"
  }
}