{
  "frame_id": "1767414044582251400",
  "sequence": 714,
  "timestamp": "2026-01-02T23:20:44.582251",
  "timestamp_ns": 1767414044582251400,
  "camera": {
    "name": "front_center",
    "resolution": [
      1920,
      1080
    ],
    "fov_deg": 89.90362548828125,
    "intrinsics": {
      "fx": 961.6161300315734,
      "fy": 961.6161300315734,
      "cx": 960.0,
      "cy": 540.0,
      "depth_scale": 1.0,
      "depth_min_m": 0.1,
      "depth_max_m": 100.0,
      "distortion": null
    },
    "pose": {
      "position": {
        "x": 45.22245407104492,
        "y": 41.81521224975586,
        "z": -20.96021270751953
      },
      "orientation": {
        "w": 0.8948842883110046,
        "x": -0.01783015951514244,
        "y": 0.016030512750148773,
        "z": 0.4456537365913391
      }
    }
  },
  "telemetry": {
    "sequence": 715,
    "server_timestamp_ms": 1767414044775.32,
    "airsim_timestamp_ns": 1767414044775320100,
    "pose": {
      "timestamp_ns": 1767414044775320100,
      "position": {
        "x": 44.98371124267578,
        "y": 41.51152420043945,
        "z": -20.5234375
      },
      "orientation": {
        "w": 0.8851360082626343,
        "x": -0.07584710419178009,
        "y": 0.13269920647144318,
        "z": 0.43951380252838135
      },
      "linear_velocity": {
        "x": 1.7318389415740967,
        "y": 2.4571352005004883,
        "z": -0.7541982531547546
      },
      "angular_velocity": {
        "x": -0.17717020213603973,
        "y": 0.40897315740585327,
        "z": 0.0013755582040175796
      }
    },
    "imu": {
      "timestamp_ns": 1767414044773311300,
      "linear_acceleration": {
        "x": -0.10323488712310791,
        "y": 0.021565645933151245,
        "z": -11.16958236694336
      },
      "angular_velocity": {
        "x": -0.17717020213603973,
        "y": 0.40897315740585327,
        "z": 0.0013755582040175796
      },
      "orientation": {
        "w": 0.8838307857513428,
        "x": -0.08182501047849655,
        "y": 0.13844402134418488,
        "z": 0.439296156167984
      }
    },
    "battery_percent": 83.24350663841334,
    "landed_state": "flying",
    "latency_ms": 193.18899999962014
  },
  "files": {
    "rgb": "data\\maps\\sequence_normal_ops_001_preflight_20260102_231931\\frames\\1767414044582251400.png",
    "depth": "data\\maps\\sequence_normal_ops_001_preflight_20260102_231931\\frames\\1767414044582251400_depth.npy"
  }
}