{
  "frame_id": "1767414090900876100",
  "sequence": 1031,
  "timestamp": "2026-01-02T23:21:30.900876",
  "timestamp_ns": 1767414090900876100,
  "camera": {
    "name": "front_center",
    "resolution": [
      1920,
      1080
    ],
    "fov_deg": 89.90362548828125,
    "intrinsics": {
      "fx": 961.6161300315734,
      "fy": 961.6161300315734,
      "cx": 960.0,
      "cy": 540.0,
      "depth_scale": 1.0,
      "depth_min_m": 0.1,
      "depth_max_m": 100.0,
      "distortion": null
    },
    "pose": {
      "position": {
        "x": 86.21324157714844,
        "y": 84.55775451660156,
        "z": -20.42715072631836
      },
      "orientation": {
        "w": 0.8912895321846008,
        "x": -0.01771692745387554,
        "y": -0.047179948538541794,
        "z": 0.4506252110004425
      }
    }
  },
  "telemetry": {
    "sequence": 1032,
    "server_timestamp_ms": 1767414091109.3694,
    "airsim_timestamp_ns": 1767414091109369400,
    "pose": {
      "timestamp_ns": 1767414091109369400,
      "position": {
        "x": 85.95404052734375,
        "y": 84.23019409179688,
        "z": -20.02934455871582
      },
      "orientation": {
        "w": 0.8900423049926758,
        "x": -0.07474301755428314,
        "y": 0.06748485565185547,
        "z": 0.4446166455745697
      },
      "linear_velocity": {
        "x": 0.646551251411438,
        "y": 0.0674334466457367,
        "z": 0.2551743984222412
      },
      "angular_velocity": {
        "x": 0.036167554557323456,
        "y": -0.1560027003288269,
        "z": -1.8569875464891084e-05
      }
    },
    "imu": {
      "timestamp_ns": 1767414091108635900,
      "linear_acceleration": {
        "x": -0.020966708660125732,
        "y": 0.029998868703842163,
        "z": -9.92031478881836
      },
      "angular_velocity": {
        "x": 0.036167554557323456,
        "y": -0.1560027003288269,
        "z": -1.8569875464891084e-05
      },
      "orientation": {
        "w": 0.8900423645973206,
        "x": -0.07474302500486374,
        "y": 0.06748486310243607,
        "z": 0.4446166753768921
      }
    },
    "battery_percent": 72.00236982076456,
    "landed_state": "flying",
    "latency_ms": 209.09230000052048
  },
  "files": {
    "rgb": "data\\maps\\sequence_normal_ops_001_preflight_20260102_231931\\frames\\1767414090900876100.png",
    "depth": "data\\maps\\sequence_normal_ops_001_preflight_20260102_231931\\frames\\1767414090900876100_depth.npy"
  }
}