{
  "frame_id": "1767414061856068800",
  "sequence": 840,
  "timestamp": "2026-01-02T23:21:01.856068",
  "timestamp_ns": 1767414061856068800,
  "camera": {
    "name": "front_center",
    "resolution": [
      1920,
      1080
    ],
    "fov_deg": 89.90362548828125,
    "intrinsics": {
      "fx": 961.6161300315734,
      "fy": 961.6161300315734,
      "cx": 960.0,
      "cy": 540.0,
      "depth_scale": 1.0,
      "depth_min_m": 0.1,
      "depth_max_m": 100.0,
      "distortion": null
    },
    "pose": {
      "position": {
        "x": 65.8337173461914,
        "y": 63.43345642089844,
        "z": -20.1785888671875
      },
      "orientation": {
        "w": 0.9008723497390747,
        "x": -0.027175653725862503,
        "y": -0.02785119228065014,
        "z": 0.43233639001846313
      }
    }
  },
  "telemetry": {
    "sequence": 841,
    "server_timestamp_ms": 1767414062049.9219,
    "airsim_timestamp_ns": 1767414062049922000,
    "pose": {
      "timestamp_ns": 1767414062049922000,
      "position": {
        "x": 65.54966735839844,
        "y": 63.12754821777344,
        "z": -19.771486282348633
      },
      "orientation": {
        "w": 0.8968005776405334,
        "x": -0.08337438851594925,
        "y": 0.08997451514005661,
        "z": 0.4250905513763428
      },
      "linear_velocity": {
        "x": 0.7640846967697144,
        "y": 0.1604742705821991,
        "z": 0.2788102924823761
      },
      "angular_velocity": {
        "x": 0.017451133579015732,
        "y": -0.17773593962192535,
        "z": -0.00015531203825958073
      }
    },
    "imu": {
      "timestamp_ns": 1767414062048415000,
      "linear_acceleration": {
        "x": -0.02584552764892578,
        "y": 0.029654331505298615,
        "z": -9.775827407836914
      },
      "angular_velocity": {
        "x": 0.017451133579015732,
        "y": -0.17773593962192535,
        "z": -0.00015531203825958073
      },
      "orientation": {
        "w": 0.8970569372177124,
        "x": -0.08204946666955948,
        "y": 0.08765602856874466,
        "z": 0.4252919554710388
      }
    },
    "battery_percent": 78.91392466728699,
    "landed_state": "flying",
    "latency_ms": 193.9049000002342
  },
  "files": {
    "rgb": "data\\maps\\sequence_normal_ops_001_preflight_20260102_231931\\frames\\1767414061856068800.png",
    "depth": "data\\maps\\sequence_normal_ops_001_preflight_20260102_231931\\frames\\1767414061856068800_depth.npy"
  }
}