{
  "frame_id": "1767414037892608000",
  "sequence": 669,
  "timestamp": "2026-01-02T23:20:37.892608",
  "timestamp_ns": 1767414037892608000,
  "camera": {
    "name": "front_center",
    "resolution": [
      1920,
      1080
    ],
    "fov_deg": 89.90362548828125,
    "intrinsics": {
      "fx": 961.6161300315734,
      "fy": 961.6161300315734,
      "cx": 960.0,
      "cy": 540.0,
      "depth_scale": 1.0,
      "depth_min_m": 0.1,
      "depth_max_m": 100.0,
      "distortion": null
    },
    "pose": {
      "position": {
        "x": 37.232540130615234,
        "y": 31.596078872680664,
        "z": -20.776639938354492
      },
      "orientation": {
        "w": 0.8894704580307007,
        "x": 0.0706620067358017,
        "y": -0.07919396460056305,
        "z": 0.44449692964553833
      }
    }
  },
  "telemetry": {
    "sequence": 670,
    "server_timestamp_ms": 1767414038099.2197,
    "airsim_timestamp_ns": 1767414038099219700,
    "pose": {
      "timestamp_ns": 1767414038098218900,
      "position": {
        "x": 36.95974349975586,
        "y": 31.197912216186523,
        "z": -20.449459075927734
      },
      "orientation": {
        "w": 0.8921977877616882,
        "x": 0.012038991786539555,
        "y": 0.03758274391293526,
        "z": 0.44991743564605713
      },
      "linear_velocity": {
        "x": -0.13112090528011322,
        "y": -1.4174644947052002,
        "z": -0.005771114490926266
      },
      "angular_velocity": {
        "x": 0.0884595587849617,
        "y": -0.07356225699186325,
        "z": 0.0001951979356817901
      }
    },
    "imu": {
      "timestamp_ns": 1767414038096488600,
      "linear_acceleration": {
        "x": -0.002177610993385315,
        "y": 0.03608235716819763,
        "z": -9.946901321411133
      },
      "angular_velocity": {
        "x": 0.0884595587849617,
        "y": -0.07356225699186325,
        "z": 0.0001951979356817901
      },
      "orientation": {
        "w": 0.8922225832939148,
        "x": 0.013908220455050468,
        "y": 0.03716406226158142,
        "z": 0.4498492479324341
      }
    },
    "battery_percent": 84.96838477006115,
    "landed_state": "flying",
    "latency_ms": 204.03019999957905
  },
  "files": {
    "rgb": "data\\maps\\sequence_normal_ops_001_preflight_20260102_231931\\frames\\1767414037892608000.png",
    "depth": "data\\maps\\sequence_normal_ops_001_preflight_20260102_231931\\frames\\1767414037892608000_depth.npy"
  }
}