{
  "frame_id": "1767414072132927200",
  "sequence": 899,
  "timestamp": "2026-01-02T23:21:12.132927",
  "timestamp_ns": 1767414072132927200,
  "camera": {
    "name": "front_center",
    "resolution": [
      1920,
      1080
    ],
    "fov_deg": 89.90362548828125,
    "intrinsics": {
      "fx": 961.6161300315734,
      "fy": 961.6161300315734,
      "cx": 960.0,
      "cy": 540.0,
      "depth_scale": 1.0,
      "depth_min_m": 0.1,
      "depth_max_m": 100.0,
      "distortion": null
    },
    "pose": {
      "position": {
        "x": 75.79960632324219,
        "y": 73.58859252929688,
        "z": -20.719934463500977
      },
      "orientation": {
        "w": 0.9038098454475403,
        "x": 0.007147455122321844,
        "y": -0.0647374615073204,
        "z": 0.42294883728027344
      }
    }
  },
  "telemetry": {
    "sequence": 900,
    "server_timestamp_ms": 1767414072344.2292,
    "airsim_timestamp_ns": 1767414072344229100,
    "pose": {
      "timestamp_ns": 1767414072344229100,
      "position": {
        "x": 75.50800323486328,
        "y": 73.21929168701172,
        "z": -20.346729278564453
      },
      "orientation": {
        "w": 0.9047334790229797,
        "x": -0.04532498121261597,
        "y": 0.0528649277985096,
        "z": 0.4202479124069214
      },
      "linear_velocity": {
        "x": 0.34835001826286316,
        "y": -0.9739730954170227,
        "z": 0.21992787718772888
      },
      "angular_velocity": {
        "x": 0.13132281601428986,
        "y": -0.12111634016036987,
        "z": 0.0003301911929156631
      }
    },
    "imu": {
      "timestamp_ns": 1767414072327989300,
      "linear_acceleration": {
        "x": -0.00727391242980957,
        "y": 0.03764922916889191,
        "z": -10.27345085144043
      },
      "angular_velocity": {
        "x": 0.13148511946201324,
        "y": -0.1208890900015831,
        "z": 0.000330827955622226
      },
      "orientation": {
        "w": 0.9047517776489258,
        "x": -0.045070383697748184,
        "y": 0.05278358235955238,
        "z": 0.4202461540699005
      }
    },
    "battery_percent": 76.39770284793838,
    "landed_state": "flying",
    "latency_ms": 209.8679999999149
  },
  "files": {
    "rgb": "data\\maps\\sequence_normal_ops_001_preflight_20260102_231931\\frames\\1767414072132927200.png",
    "depth": "data\\maps\\sequence_normal_ops_001_preflight_20260102_231931\\frames\\1767414072132927200_depth.npy"
  }
}