{
  "frame_id": "1767414028010197900",
  "sequence": 592,
  "timestamp": "2026-01-02T23:20:28.010197",
  "timestamp_ns": 1767414028010197900,
  "camera": {
    "name": "front_center",
    "resolution": [
      1920,
      1080
    ],
    "fov_deg": 89.90362548828125,
    "intrinsics": {
      "fx": 961.6161300315734,
      "fy": 961.6161300315734,
      "cx": 960.0,
      "cy": 540.0,
      "depth_scale": 1.0,
      "depth_min_m": 0.1,
      "depth_max_m": 100.0,
      "distortion": null
    },
    "pose": {
      "position": {
        "x": 26.40357208251953,
        "y": 21.618759155273438,
        "z": -21.085344314575195
      },
      "orientation": {
        "w": 0.9178909659385681,
        "x": -0.03588573634624481,
        "y": 0.033622581511735916,
        "z": 0.39377397298812866
      }
    }
  },
  "telemetry": {
    "sequence": 593,
    "server_timestamp_ms": 1767414028204.0254,
    "airsim_timestamp_ns": 1767414028204025300,
    "pose": {
      "timestamp_ns": 1767414028204025300,
      "position": {
        "x": 26.187944412231445,
        "y": 21.413978576660156,
        "z": -20.64727783203125
      },
      "orientation": {
        "w": 0.9055596590042114,
        "x": -0.0889374241232872,
        "y": 0.1513519436120987,
        "z": 0.38619229197502136
      },
      "linear_velocity": {
        "x": 1.6072418689727783,
        "y": 1.5812562704086304,
        "z": -0.48918843269348145
      },
      "angular_velocity": {
        "x": -0.16669170558452606,
        "y": -0.07407839596271515,
        "z": 0.00029769729007966816
      }
    },
    "imu": {
      "timestamp_ns": 1767414028200756400,
      "linear_acceleration": {
        "x": -0.08619773387908936,
        "y": 0.020351111888885498,
        "z": -8.37010383605957
      },
      "angular_velocity": {
        "x": -0.16669170558452606,
        "y": -0.07407839596271515,
        "z": 0.00029769729007966816
      },
      "orientation": {
        "w": 0.9055596590042114,
        "x": -0.0889374241232872,
        "y": 0.1513519436120987,
        "z": 0.38619229197502136
      }
    },
    "battery_percent": 87.29814453124442,
    "landed_state": "flying",
    "latency_ms": 192.98909999997704
  },
  "files": {
    "rgb": "data\\maps\\sequence_normal_ops_001_preflight_20260102_231931\\frames\\1767414028010197900.png",
    "depth": "data\\maps\\sequence_normal_ops_001_preflight_20260102_231931\\frames\\1767414028010197900_depth.npy"
  }
}