{
  "frame_id": "1767414052365990200",
  "sequence": 764,
  "timestamp": "2026-01-02T23:20:52.365990",
  "timestamp_ns": 1767414052365990200,
  "camera": {
    "name": "front_center",
    "resolution": [
      1920,
      1080
    ],
    "fov_deg": 89.90362548828125,
    "intrinsics": {
      "fx": 961.6161300315734,
      "fy": 961.6161300315734,
      "cx": 960.0,
      "cy": 540.0,
      "depth_scale": 1.0,
      "depth_min_m": 0.1,
      "depth_max_m": 100.0,
      "distortion": null
    },
    "pose": {
      "position": {
        "x": 56.50882339477539,
        "y": 52.139671325683594,
        "z": -20.814346313476562
      },
      "orientation": {
        "w": 0.9098532199859619,
        "x": 0.060509756207466125,
        "y": -0.07636478543281555,
        "z": 0.4033287465572357
      }
    }
  },
  "telemetry": {
    "sequence": 765,
    "server_timestamp_ms": 1767414052587.5667,
    "airsim_timestamp_ns": 1767414052587566600,
    "pose": {
      "timestamp_ns": 1767414052587566600,
      "position": {
        "x": 56.19175720214844,
        "y": 51.7283821105957,
        "z": -20.477947235107422
      },
      "orientation": {
        "w": 0.912102460861206,
        "x": 0.009807219728827477,
        "y": 0.041997279971838,
        "z": 0.4076875150203705
      },
      "linear_velocity": {
        "x": -0.33712664246559143,
        "y": -1.3844071626663208,
        "z": 0.033848460763692856
      },
      "angular_velocity": {
        "x": 0.10881655663251877,
        "y": -0.11840090900659561,
        "z": 0.0003532388072926551
      }
    },
    "imu": {
      "timestamp_ns": 1767414052586964700,
      "linear_acceleration": {
        "x": -0.0035947412252426147,
        "y": 0.029543310403823853,
        "z": -10.088788986206055
      },
      "angular_velocity": {
        "x": 0.10881655663251877,
        "y": -0.11840090900659561,
        "z": 0.0003532388072926551
      },
      "orientation": {
        "w": 0.9121081233024597,
        "x": 0.010029301047325134,
        "y": 0.041901569813489914,
        "z": 0.40767937898635864
      }
    },
    "battery_percent": 81.36514115321653,
    "landed_state": "flying",
    "latency_ms": 221.6017999999167
  },
  "files": {
    "rgb": "data\\maps\\sequence_normal_ops_001_preflight_20260102_231931\\frames\\1767414052365990200.png",
    "depth": "data\\maps\\sequence_normal_ops_001_preflight_20260102_231931\\frames\\1767414052365990200_depth.npy"
  }
}