{
  "frame_id": "1767410687338768800",
  "sequence": 435,
  "timestamp": "2026-01-02T22:24:47.338768",
  "timestamp_ns": 1767410687338768800,
  "camera": {
    "name": "front_center",
    "resolution": [
      1920,
      1080
    ],
    "fov_deg": 89.90362548828125,
    "intrinsics": {
      "fx": 961.6161300315734,
      "fy": 961.6161300315734,
      "cx": 960.0,
      "cy": 540.0
    },
    "pose": {
      "position": {
        "x": 21.312780380249023,
        "y": 23.748340606689453,
        "z": -19.84644889831543
      },
      "orientation": {
        "w": 0.9827983379364014,
        "x": 0.01235655602067709,
        "y": -0.12349648028612137,
        "z": 0.1367603838443756
      }
    }
  },
  "telemetry": {
    "sequence": 436,
    "server_timestamp_ms": 1767410687941.716,
    "airsim_timestamp_ns": 1767410687941716000,
    "pose": {
      "timestamp_ns": 1767410687941716000,
      "position": {
        "x": 20.968219757080078,
        "y": 23.56777572631836,
        "z": -18.256168365478516
      },
      "orientation": {
        "w": 0.9905382990837097,
        "x": -0.00034033640986308455,
        "y": 0.0003404007002245635,
        "z": 0.13723552227020264
      },
      "linear_velocity": {
        "x": 0.3103996813297272,
        "y": -0.11775605380535126,
        "z": 4.534484386444092
      },
      "angular_velocity": {
        "x": 0.0037890998646616936,
        "y": -0.0050825332291424274,
        "z": 5.293544745654799e-05
      }
    },
    "imu": {
      "timestamp_ns": 1767410687912927900,
      "linear_acceleration": {
        "x": -0.031192682683467865,
        "y": 0.0038604550063610077,
        "z": -3.820460796356201
      },
      "angular_velocity": {
        "x": 0.0037890998646616936,
        "y": -0.0050825332291424274,
        "z": 5.293544745654799e-05
      },
      "orientation": {
        "w": 0.9905383586883545,
        "x": -0.00033346444251947105,
        "y": 0.0003334294888190925,
        "z": 0.137235626578331
      }
    },
    "battery_percent": 67.12225650093723,
    "landed_state": "flying",
    "latency_ms": 602.6222000000416
  },
  "files": {
    "rgb": "data\\maps\\sequence_normal_ops_001_preflight_bravo_20260102_222219\\frames\\1767410687338768800.png",
    "depth": "data\\maps\\sequence_normal_ops_001_preflight_bravo_20260102_222219\\frames\\1767410687338768800_depth.npy"
  }
}