{
  "frame_id": "1767393684808066700",
  "sequence": 267,
  "timestamp": "2026-01-02T17:41:24.808066",
  "timestamp_ns": 1767393684808066700,
  "camera": {
    "name": "front_center",
    "resolution": [
      1920,
      1080
    ],
    "fov_deg": 89.90362548828125,
    "intrinsics": {
      "fx": 961.6161300315734,
      "fy": 961.6161300315734,
      "cx": 960.0,
      "cy": 540.0
    },
    "pose": {
      "position": {
        "x": 25.65873146057129,
        "y": 21.403589248657227,
        "z": -20.23113441467285
      },
      "orientation": {
        "w": 0.944668173789978,
        "x": 0.01255763415247202,
        "y": -0.12657877802848816,
        "z": 0.30236104130744934
      }
    }
  },
  "telemetry": {
    "sequence": 268,
    "server_timestamp_ms": 1767393685332.719,
    "airsim_timestamp_ns": 1767393685332719100,
    "pose": {
      "timestamp_ns": 1767393685331717100,
      "position": {
        "x": 25.258766174316406,
        "y": 21.137948989868164,
        "z": -19.925500869750977
      },
      "orientation": {
        "w": 0.9531192183494568,
        "x": -0.026938777416944504,
        "y": -0.0012734263436868787,
        "z": 0.3013909161090851
      },
      "linear_velocity": {
        "x": 0.4670025408267975,
        "y": 0.19302716851234436,
        "z": 0.0009310709428973496
      },
      "angular_velocity": {
        "x": 0.022084150463342667,
        "y": 0.05125045031309128,
        "z": -1.0806375030369963e-05
      }
    },
    "imu": {
      "timestamp_ns": 1767393683792276224,
      "linear_acceleration": {
        "x": -0.02799403667449951,
        "y": 0.01052825152873993,
        "z": -9.820876121520996
      },
      "angular_velocity": {
        "x": 0.022084150463342667,
        "y": 0.05125045031309128,
        "z": -1.0806375030369963e-05
      },
      "orientation": {
        "w": 0.9531192779541016,
        "x": -0.026938779279589653,
        "y": -0.0012734264601022005,
        "z": 0.30139094591140747
      }
    },
    "battery_percent": 74.46044655662301,
    "landed_state": "flying",
    "latency_ms": 365.84729999958654
  },
  "files": {
    "rgb": "data\\maps\\sequence_normal_ops_001_preflight_20260102_173913\\frames\\1767393684808066700.png",
    "depth": "data\\maps\\sequence_normal_ops_001_preflight_20260102_173913\\frames\\1767393684808066700_depth.npy"
  }
}