{
  "frame_id": "1767393717902686300",
  "sequence": 329,
  "timestamp": "2026-01-02T17:41:57.902686",
  "timestamp_ns": 1767393717902686300,
  "camera": {
    "name": "front_center",
    "resolution": [
      1920,
      1080
    ],
    "fov_deg": 89.90362548828125,
    "intrinsics": {
      "fx": 961.6161300315734,
      "fy": 961.6161300315734,
      "cx": 960.0,
      "cy": 540.0
    },
    "pose": {
      "position": {
        "x": 34.49372100830078,
        "y": 30.909433364868164,
        "z": -19.870431900024414
      },
      "orientation": {
        "w": 0.9093340635299683,
        "x": 0.04815511405467987,
        "y": -0.1682511568069458,
        "z": 0.3774707317352295
      }
    }
  },
  "telemetry": {
    "sequence": 330,
    "server_timestamp_ms": 1767393718230.3564,
    "airsim_timestamp_ns": 1767393718230356600,
    "pose": {
      "timestamp_ns": 1767393718230356600,
      "position": {
        "x": 34.113826751708984,
        "y": 30.54779624938965,
        "z": -19.615680694580078
      },
      "orientation": {
        "w": 0.923515796661377,
        "x": -0.00152667798101902,
        "y": -0.04811982437968254,
        "z": 0.38052693009376526
      },
      "linear_velocity": {
        "x": -0.37175408005714417,
        "y": 0.9637884497642517,
        "z": 0.0005355572793632746
      },
      "angular_velocity": {
        "x": -0.07719264179468155,
        "y": 0.03888825327157974,
        "z": 4.173662455286831e-05
      }
    },
    "imu": {
      "timestamp_ns": 1767393716699978240,
      "linear_acceleration": {
        "x": -0.020585089921951294,
        "y": 0.0037706196308135986,
        "z": -9.851531028747559
      },
      "angular_velocity": {
        "x": -0.07708118855953217,
        "y": 0.03908105194568634,
        "z": 4.210509723634459e-05
      },
      "orientation": {
        "w": 0.9235405325889587,
        "x": -0.002819647779688239,
        "y": -0.04803495854139328,
        "z": 0.3804702162742615
      }
    },
    "battery_percent": 67.98094706033308,
    "landed_state": "flying",
    "latency_ms": 325.75849999921047
  },
  "files": {
    "rgb": "data\\maps\\sequence_normal_ops_001_preflight_20260102_173913\\frames\\1767393717902686300.png",
    "depth": "data\\maps\\sequence_normal_ops_001_preflight_20260102_173913\\frames\\1767393717902686300_depth.npy"
  }
}