{
  "frame_id": "1767410600567843800",
  "sequence": 439,
  "timestamp": "2026-01-02T22:23:20.567843",
  "timestamp_ns": 1767410600567843800,
  "camera": {
    "name": "front_center",
    "resolution": [
      1920,
      1080
    ],
    "fov_deg": 89.90362548828125,
    "intrinsics": {
      "fx": 961.6161300315734,
      "fy": 961.6161300315734,
      "cx": 960.0,
      "cy": 540.0
    },
    "pose": {
      "position": {
        "x": -2.110255479812622,
        "y": -0.9478921890258789,
        "z": -20.474822998046875
      },
      "orientation": {
        "w": 0.6878243684768677,
        "x": 0.07716142386198044,
        "y": -0.06446179747581482,
        "z": 0.7188799977302551
      }
    }
  },
  "telemetry": {
    "sequence": 440,
    "server_timestamp_ms": 1767410601913.4204,
    "airsim_timestamp_ns": 1767410601913420500,
    "pose": {
      "timestamp_ns": 1767410601913420500,
      "position": {
        "x": -2.139214515686035,
        "y": -1.248026967048645,
        "z": -20.10383415222168
      },
      "orientation": {
        "w": 0.6906359195709229,
        "x": -0.007063926663249731,
        "y": 0.010534548200666904,
        "z": 0.7230914235115051
      },
      "linear_velocity": {
        "x": -0.11638659238815308,
        "y": 0.16099759936332703,
        "z": 0.021109726279973984
      },
      "angular_velocity": {
        "x": -0.00877696368843317,
        "y": -0.03305962681770325,
        "z": -9.135029358731117e-06
      }
    },
    "imu": {
      "timestamp_ns": 1767410601770283400,
      "linear_acceleration": {
        "x": -0.0009826570749282837,
        "y": 0.025424137711524963,
        "z": -9.886842727661133
      },
      "angular_velocity": {
        "x": -0.00877696368843317,
        "y": -0.03305962681770325,
        "z": -9.135029358731117e-06
      },
      "orientation": {
        "w": 0.6906406283378601,
        "x": -0.006761524826288223,
        "y": 0.010041914880275726,
        "z": 0.7230967879295349
      }
    },
    "battery_percent": 91.59546716451645,
    "landed_state": "flying",
    "latency_ms": 1232.1517000000313
  },
  "files": {
    "rgb": "data\\maps\\sequence_normal_ops_001_preflight_charlie_20260102_222219\\frames\\1767410600567843800.png",
    "depth": "data\\maps\\sequence_normal_ops_001_preflight_charlie_20260102_222219\\frames\\1767410600567843800_depth.npy"
  }
}