{
  "frame_id": "1767407635613546700",
  "sequence": 11,
  "timestamp": "2026-01-02T21:33:55.613546",
  "timestamp_ns": 1767407635613546700,
  "camera": {
    "name": "front_center",
    "resolution": [
      1920,
      1080
    ],
    "fov_deg": 89.90362548828125,
    "intrinsics": {
      "fx": 961.6161300315734,
      "fy": 961.6161300315734,
      "cx": 960.0,
      "cy": 540.0
    },
    "pose": {
      "position": {
        "x": 52.946319580078125,
        "y": 52.202816009521484,
        "z": -19.989971160888672
      },
      "orientation": {
        "w": 0.9307141304016113,
        "x": 0.04237466678023338,
        "y": -0.07674704492092133,
        "z": 0.35508525371551514
      }
    }
  },
  "telemetry": {
    "sequence": 12,
    "server_timestamp_ms": 1767407636419.989,
    "airsim_timestamp_ns": 1767407636419989000,
    "pose": {
      "timestamp_ns": 1767407636419989000,
      "position": {
        "x": 52.59177017211914,
        "y": 51.84424591064453,
        "z": -19.64491844177246
      },
      "orientation": {
        "w": 0.9328663349151611,
        "x": -0.001701317960396409,
        "y": 0.04416804760694504,
        "z": 0.3575005531311035
      },
      "linear_velocity": {
        "x": -0.31225401163101196,
        "y": -1.2485074996948242,
        "z": 0.0739504024386406
      },
      "angular_velocity": {
        "x": 0.13344785571098328,
        "y": -0.13787147402763367,
        "z": 0.0004542544484138489
      }
    },
    "imu": {
      "timestamp_ns": 1767407636213936400,
      "linear_acceleration": {
        "x": -0.00531788170337677,
        "y": 0.025666117668151855,
        "z": -10.179627418518066
      },
      "angular_velocity": {
        "x": 0.13344785571098328,
        "y": -0.13787147402763367,
        "z": 0.0004542544484138489
      },
      "orientation": {
        "w": 0.9328755736351013,
        "x": -0.0014404404209926724,
        "y": 0.04404662922024727,
        "z": 0.35749271512031555
      }
    },
    "battery_percent": 81.63083278274298,
    "landed_state": "flying",
    "latency_ms": 789.322099997662
  },
  "files": {
    "rgb": "data\\maps\\sequence_normal_ops_001_preflight_bravo_20260102_213148\\frames\\1767407635613546700.png",
    "depth": "data\\maps\\sequence_normal_ops_001_preflight_bravo_20260102_213148\\frames\\1767407635613546700_depth.npy"
  }
}