{
  "frame_id": "1767407667253211200",
  "sequence": 17,
  "timestamp": "2026-01-02T21:34:27.253211",
  "timestamp_ns": 1767407667253211200,
  "camera": {
    "name": "front_center",
    "resolution": [
      1920,
      1080
    ],
    "fov_deg": 89.90362548828125,
    "intrinsics": {
      "fx": 961.6161300315734,
      "fy": 961.6161300315734,
      "cx": 960.0,
      "cy": 540.0
    },
    "pose": {
      "position": {
        "x": 83.57056427001953,
        "y": 83.39353942871094,
        "z": -19.925783157348633
      },
      "orientation": {
        "w": 0.9277151823043823,
        "x": 0.020271793007850647,
        "y": -0.06581225991249084,
        "z": 0.3668819069862366
      }
    }
  },
  "telemetry": {
    "sequence": 18,
    "server_timestamp_ms": 1767407668217.1123,
    "airsim_timestamp_ns": 1767407668217112200,
    "pose": {
      "timestamp_ns": 1767407668217112200,
      "position": {
        "x": 83.23291778564453,
        "y": 83.08270263671875,
        "z": -19.56609535217285
      },
      "orientation": {
        "w": 0.9283686876296997,
        "x": -0.02778933383524418,
        "y": 0.05584190413355827,
        "z": 0.3663891851902008
      },
      "linear_velocity": {
        "x": -0.031335387378931046,
        "y": -1.1324315071105957,
        "z": 0.17899341881275177
      },
      "angular_velocity": {
        "x": 0.1434238851070404,
        "y": -0.1471184939146042,
        "z": 0.0004349851224105805
      }
    },
    "imu": {
      "timestamp_ns": 1767407667889902400,
      "linear_acceleration": {
        "x": -0.007177472114562988,
        "y": 0.02890115976333618,
        "z": -10.287812232971191
      },
      "angular_velocity": {
        "x": 0.1435009390115738,
        "y": -0.14696435630321503,
        "z": 0.0004358647274784744
      },
      "orientation": {
        "w": 0.9284046292304993,
        "x": -0.027227910235524178,
        "y": 0.05558975413441658,
        "z": 0.3663785755634308
      }
    },
    "battery_percent": 76.79331979273216,
    "landed_state": "flying",
    "latency_ms": 751.4235999988159
  },
  "files": {
    "rgb": "data\\maps\\sequence_normal_ops_001_preflight_bravo_20260102_213148\\frames\\1767407667253211200.png",
    "depth": "data\\maps\\sequence_normal_ops_001_preflight_bravo_20260102_213148\\frames\\1767407667253211200_depth.npy"
  }
}