{
  "frame_id": "1767407645728414900",
  "sequence": 13,
  "timestamp": "2026-01-02T21:34:05.728414",
  "timestamp_ns": 1767407645728414900,
  "camera": {
    "name": "front_center",
    "resolution": [
      1920,
      1080
    ],
    "fov_deg": 89.90362548828125,
    "intrinsics": {
      "fx": 961.6161300315734,
      "fy": 961.6161300315734,
      "cx": 960.0,
      "cy": 540.0
    },
    "pose": {
      "position": {
        "x": 63.195621490478516,
        "y": 63.06262969970703,
        "z": -20.001737594604492
      },
      "orientation": {
        "w": 0.9230285286903381,
        "x": 0.00432909419760108,
        "y": -0.05814219266176224,
        "z": 0.38028815388679504
      }
    }
  },
  "telemetry": {
    "sequence": 14,
    "server_timestamp_ms": 1767407646923.0115,
    "airsim_timestamp_ns": 1767407646923011700,
    "pose": {
      "timestamp_ns": 1767407646923011700,
      "position": {
        "x": 62.87207794189453,
        "y": 62.72563934326172,
        "z": -19.622243881225586
      },
      "orientation": {
        "w": 0.9229676723480225,
        "x": -0.04241947829723358,
        "y": 0.06135377660393715,
        "z": 0.377580463886261
      },
      "linear_velocity": {
        "x": 0.1500999629497528,
        "y": -0.9533039331436157,
        "z": 0.23631039261817932
      },
      "angular_velocity": {
        "x": 0.13181817531585693,
        "y": -0.14968378841876984,
        "z": 0.0003530828398652375
      }
    },
    "imu": {
      "timestamp_ns": 1767407646360606000,
      "linear_acceleration": {
        "x": -0.00909191370010376,
        "y": 0.029915906488895416,
        "z": -10.285164833068848
      },
      "angular_velocity": {
        "x": 0.13181817531585693,
        "y": -0.14968378841876984,
        "z": 0.0003530828398652375
      },
      "orientation": {
        "w": 0.9229676723480225,
        "x": -0.04241947829723358,
        "y": 0.06135377660393715,
        "z": 0.377580463886261
      }
    },
    "battery_percent": 80.06194994856409,
    "landed_state": "flying",
    "latency_ms": 1166.840999998385
  },
  "files": {
    "rgb": "data\\maps\\sequence_normal_ops_001_preflight_bravo_20260102_213148\\frames\\1767407645728414900.png",
    "depth": "data\\maps\\sequence_normal_ops_001_preflight_bravo_20260102_213148\\frames\\1767407645728414900_depth.npy"
  }
}