{
  "frame_id": "1767407680667221200",
  "sequence": 19,
  "timestamp": "2026-01-02T21:34:40.667221",
  "timestamp_ns": 1767407680667221200,
  "camera": {
    "name": "front_center",
    "resolution": [
      1920,
      1080
    ],
    "fov_deg": 89.90362548828125,
    "intrinsics": {
      "fx": 961.6161300315734,
      "fy": 961.6161300315734,
      "cx": 960.0,
      "cy": 540.0
    },
    "pose": {
      "position": {
        "x": 93.34092712402344,
        "y": 92.75651550292969,
        "z": -20.168577194213867
      },
      "orientation": {
        "w": 0.9256393909454346,
        "x": 0.0789930671453476,
        "y": -0.09717509895563126,
        "z": 0.3570837676525116
      }
    }
  },
  "telemetry": {
    "sequence": 20,
    "server_timestamp_ms": 1767407681378.9004,
    "airsim_timestamp_ns": 1767407681378900100,
    "pose": {
      "timestamp_ns": 1767407681378900100,
      "position": {
        "x": 92.97457885742188,
        "y": 92.3702163696289,
        "z": -19.859107971191406
      },
      "orientation": {
        "w": 0.9304073452949524,
        "x": 0.03336435183882713,
        "y": 0.023293789476156235,
        "z": 0.3642614185810089
      },
      "linear_velocity": {
        "x": -0.6856102347373962,
        "y": -1.1314525604248047,
        "z": -0.027634281665086746
      },
      "angular_velocity": {
        "x": 0.07208239287137985,
        "y": -0.11304435133934021,
        "z": 0.00028376985574141145
      }
    },
    "imu": {
      "timestamp_ns": 1767407681037056100,
      "linear_acceleration": {
        "x": -0.003614380955696106,
        "y": 0.018686741590499878,
        "z": -9.929681777954102
      },
      "angular_velocity": {
        "x": 0.07169421017169952,
        "y": -0.1129315197467804,
        "z": 0.0002827167045325041
      },
      "orientation": {
        "w": 0.9304075837135315,
        "x": 0.033526405692100525,
        "y": 0.023175382986664772,
        "z": 0.3642536699771881
      }
    },
    "battery_percent": 74.74266692376916,
    "landed_state": "flying",
    "latency_ms": 690.2209000036237
  },
  "files": {
    "rgb": "data\\maps\\sequence_normal_ops_001_preflight_bravo_20260102_213148\\frames\\1767407680667221200.png",
    "depth": "data\\maps\\sequence_normal_ops_001_preflight_bravo_20260102_213148\\frames\\1767407680667221200_depth.npy"
  }
}