{
  "frame_id": "1767407592555323000",
  "sequence": 3,
  "timestamp": "2026-01-02T21:33:12.555323",
  "timestamp_ns": 1767407592555323000,
  "camera": {
    "name": "front_center",
    "resolution": [
      1920,
      1080
    ],
    "fov_deg": 89.90362548828125,
    "intrinsics": {
      "fx": 961.6161300315734,
      "fy": 961.6161300315734,
      "cx": 960.0,
      "cy": 540.0
    },
    "pose": {
      "position": {
        "x": 12.115409851074219,
        "y": 10.520051002502441,
        "z": -19.879472732543945
      },
      "orientation": {
        "w": 0.9167370200157166,
        "x": 0.08420607447624207,
        "y": -0.09150288254022598,
        "z": 0.37964433431625366
      }
    }
  },
  "telemetry": {
    "sequence": 4,
    "server_timestamp_ms": 1767407593569.2344,
    "airsim_timestamp_ns": 1767407593569234400,
    "pose": {
      "timestamp_ns": 1767407593569234400,
      "position": {
        "x": 11.672699928283691,
        "y": 9.933672904968262,
        "z": -19.57332420349121
      },
      "orientation": {
        "w": 0.9208388924598694,
        "x": 0.04279603809118271,
        "y": 0.022925885394215584,
        "z": 0.38690903782844543
      },
      "linear_velocity": {
        "x": -0.7581755518913269,
        "y": -1.216194748878479,
        "z": -0.039853326976299286
      },
      "angular_velocity": {
        "x": 0.056053634732961655,
        "y": -0.1031767800450325,
        "z": 0.00022690670448355377
      }
    },
    "imu": {
      "timestamp_ns": 1767407593337797700,
      "linear_acceleration": {
        "x": -0.0030587613582611084,
        "y": 0.01956990361213684,
        "z": -9.878414154052734
      },
      "angular_velocity": {
        "x": 0.056053634732961655,
        "y": -0.1031767800450325,
        "z": 0.00022690670448355377
      },
      "orientation": {
        "w": 0.920838475227356,
        "x": 0.04307200014591217,
        "y": 0.022706085816025734,
        "z": 0.38689252734184265
      }
    },
    "battery_percent": 88.33931969462378,
    "landed_state": "flying",
    "latency_ms": 1013.414199995168
  },
  "files": {
    "rgb": "data\\maps\\sequence_normal_ops_001_preflight_bravo_20260102_213148\\frames\\1767407592555323000.png",
    "depth": "data\\maps\\sequence_normal_ops_001_preflight_bravo_20260102_213148\\frames\\1767407592555323000_depth.npy"
  }
}