{
  "frame_id": "1767407613666006200",
  "sequence": 7,
  "timestamp": "2026-01-02T21:33:33.666006",
  "timestamp_ns": 1767407613666006200,
  "camera": {
    "name": "front_center",
    "resolution": [
      1920,
      1080
    ],
    "fov_deg": 89.90362548828125,
    "intrinsics": {
      "fx": 961.6161300315734,
      "fy": 961.6161300315734,
      "cx": 960.0,
      "cy": 540.0
    },
    "pose": {
      "position": {
        "x": 32.69807052612305,
        "y": 32.04584503173828,
        "z": -19.975202560424805
      },
      "orientation": {
        "w": 0.929884672164917,
        "x": 0.012986322864890099,
        "y": -0.061326075345277786,
        "z": 0.3624706268310547
      }
    }
  },
  "telemetry": {
    "sequence": 8,
    "server_timestamp_ms": 1767407614452.1843,
    "airsim_timestamp_ns": 1767407614452184300,
    "pose": {
      "timestamp_ns": 1767407614452184300,
      "position": {
        "x": 32.345943450927734,
        "y": 31.54353904724121,
        "z": -19.57746696472168
      },
      "orientation": {
        "w": 0.9310111999511719,
        "x": -0.017801886424422264,
        "y": 0.052614305168390274,
        "z": 0.36073943972587585
      },
      "linear_velocity": {
        "x": -0.17780408263206482,
        "y": -1.2295881509780884,
        "z": 0.13199688494205475
      },
      "angular_velocity": {
        "x": 0.14394250512123108,
        "y": -0.14618995785713196,
        "z": 0.0004747576022055
      }
    },
    "imu": {
      "timestamp_ns": 1767407614243199000,
      "linear_acceleration": {
        "x": -0.006138801574707031,
        "y": 0.02771472930908203,
        "z": -10.26314640045166
      },
      "angular_velocity": {
        "x": 0.14394250512123108,
        "y": -0.14618995785713196,
        "z": 0.0004747576022055
      },
      "orientation": {
        "w": 0.931158721446991,
        "x": -0.014994003809988499,
        "y": 0.051342323422431946,
        "z": 0.3606698215007782
      }
    },
    "battery_percent": 85.07395021680023,
    "landed_state": "flying",
    "latency_ms": 769.856200000504
  },
  "files": {
    "rgb": "data\\maps\\sequence_normal_ops_001_preflight_bravo_20260102_213148\\frames\\1767407613666006200.png",
    "depth": "data\\maps\\sequence_normal_ops_001_preflight_bravo_20260102_213148\\frames\\1767407613666006200_depth.npy"
  }
}