{
  "frame_id": "1767407576397098900",
  "sequence": 1,
  "timestamp": "2026-01-02T21:32:56.397098",
  "timestamp_ns": 1767407576397098900,
  "camera": {
    "name": "front_center",
    "resolution": [
      1920,
      1080
    ],
    "fov_deg": 89.90362548828125,
    "intrinsics": {
      "fx": 961.6161300315734,
      "fy": 961.6161300315734,
      "cx": 960.0,
      "cy": 540.0
    },
    "pose": {
      "position": {
        "x": 0.4755795896053314,
        "y": -3.0320597943500616e-06,
        "z": -20.477258682250977
      },
      "orientation": {
        "w": 0.9911519885063171,
        "x": -4.4855366354568105e-07,
        "y": -0.1327316164970398,
        "z": -3.323820692457957e-06
      }
    }
  },
  "telemetry": {
    "sequence": 2,
    "server_timestamp_ms": 1767407577203.424,
    "airsim_timestamp_ns": 1767407577203423900,
    "pose": {
      "timestamp_ns": 1767407577203423900,
      "position": {
        "x": -0.027883129194378853,
        "y": 3.440525233600056e-07,
        "z": -20.183263778686523
      },
      "orientation": {
        "w": 0.9999973773956299,
        "x": -7.636375976005638e-09,
        "y": -0.002279311418533325,
        "z": -3.3534479371155612e-06
      },
      "linear_velocity": {
        "x": -0.009560189209878445,
        "y": 4.4150667122266896e-08,
        "z": -0.02794584631919861
      },
      "angular_velocity": {
        "x": 1.2936760107606915e-08,
        "y": -9.808738832361996e-05,
        "z": 5.311462825119406e-09
      }
    },
    "imu": {
      "timestamp_ns": 1767407576955617500,
      "linear_acceleration": {
        "x": -0.025759629905223846,
        "y": -3.808082738032681e-10,
        "z": -9.850146293640137
      },
      "angular_velocity": {
        "x": 1.2936760107606915e-08,
        "y": -9.808738832361996e-05,
        "z": 5.311462825119406e-09
      },
      "orientation": {
        "w": 0.9999974370002747,
        "x": -7.450527306218646e-09,
        "y": -0.0022816970013082027,
        "z": -3.3533572150190594e-06
      }
    },
    "battery_percent": 90.92442229747772,
    "landed_state": "flying",
    "latency_ms": 793.5085999997682
  },
  "files": {
    "rgb": "data\\maps\\sequence_normal_ops_001_preflight_bravo_20260102_213148\\frames\\1767407576397098900.png",
    "depth": "data\\maps\\sequence_normal_ops_001_preflight_bravo_20260102_213148\\frames\\1767407576397098900_depth.npy"
  }
}