{
  "frame_id": "1767407656343479000",
  "sequence": 15,
  "timestamp": "2026-01-02T21:34:16.343479",
  "timestamp_ns": 1767407656343479000,
  "camera": {
    "name": "front_center",
    "resolution": [
      1920,
      1080
    ],
    "fov_deg": 89.90362548828125,
    "intrinsics": {
      "fx": 961.6161300315734,
      "fy": 961.6161300315734,
      "cx": 960.0,
      "cy": 540.0
    },
    "pose": {
      "position": {
        "x": 73.39924621582031,
        "y": 73.30229187011719,
        "z": -19.964252471923828
      },
      "orientation": {
        "w": 0.9223263263702393,
        "x": 0.010755321010947227,
        "y": -0.060712430626153946,
        "z": 0.38146093487739563
      }
    }
  },
  "telemetry": {
    "sequence": 16,
    "server_timestamp_ms": 1767407657187.5544,
    "airsim_timestamp_ns": 1767407657187554200,
    "pose": {
      "timestamp_ns": 1767407657187554200,
      "position": {
        "x": 73.0792465209961,
        "y": 72.78285217285156,
        "z": -19.562679290771484
      },
      "orientation": {
        "w": 0.9234728813171387,
        "x": -0.02228594943881035,
        "y": 0.0532117560505867,
        "z": 0.37930160760879517
      },
      "linear_velocity": {
        "x": -0.059918973594903946,
        "y": -1.2582577466964722,
        "z": 0.141490176320076
      },
      "angular_velocity": {
        "x": 0.14563611149787903,
        "y": -0.13671335577964783,
        "z": 0.00045539086568169296
      }
    },
    "imu": {
      "timestamp_ns": 1767407657002972300,
      "linear_acceleration": {
        "x": -0.005840957164764404,
        "y": 0.031326308846473694,
        "z": -10.270243644714355
      },
      "angular_velocity": {
        "x": 0.14563611149787903,
        "y": -0.13671335577964783,
        "z": 0.00045539086568169296
      },
      "orientation": {
        "w": 0.9236251711845398,
        "x": -0.01947396993637085,
        "y": 0.052131883800029755,
        "z": 0.37923550605773926
      }
    },
    "battery_percent": 78.47383736904585,
    "landed_state": "flying",
    "latency_ms": 828.0522999993991
  },
  "files": {
    "rgb": "data\\maps\\sequence_normal_ops_001_preflight_bravo_20260102_213148\\frames\\1767407656343479000.png",
    "depth": "data\\maps\\sequence_normal_ops_001_preflight_bravo_20260102_213148\\frames\\1767407656343479000_depth.npy"
  }
}