{
  "frame_id": "1767407603067975900",
  "sequence": 5,
  "timestamp": "2026-01-02T21:33:23.067975",
  "timestamp_ns": 1767407603067975900,
  "camera": {
    "name": "front_center",
    "resolution": [
      1920,
      1080
    ],
    "fov_deg": 89.90362548828125,
    "intrinsics": {
      "fx": 961.6161300315734,
      "fy": 961.6161300315734,
      "cx": 960.0,
      "cy": 540.0
    },
    "pose": {
      "position": {
        "x": 22.309085845947266,
        "y": 20.939468383789062,
        "z": -19.866680145263672
      },
      "orientation": {
        "w": 0.9317000508308411,
        "x": 0.07071045786142349,
        "y": -0.08983225375413895,
        "z": 0.34476834535598755
      }
    }
  },
  "telemetry": {
    "sequence": 6,
    "server_timestamp_ms": 1767407604184.154,
    "airsim_timestamp_ns": 1767407604184154000,
    "pose": {
      "timestamp_ns": 1767407604184154000,
      "position": {
        "x": 21.95693588256836,
        "y": 20.60302734375,
        "z": -19.54606056213379
      },
      "orientation": {
        "w": 0.9354546666145325,
        "x": 0.02510422095656395,
        "y": 0.03254753351211548,
        "z": 0.35104838013648987
      },
      "linear_velocity": {
        "x": -0.6193132996559143,
        "y": -1.3125392198562622,
        "z": -0.016914011910557747
      },
      "angular_velocity": {
        "x": 0.10762283205986023,
        "y": -0.12911060452461243,
        "z": 0.0004293641250114888
      }
    },
    "imu": {
      "timestamp_ns": 1767407603936360400,
      "linear_acceleration": {
        "x": -0.004083859734237194,
        "y": 0.02205154299736023,
        "z": -10.025261878967285
      },
      "angular_velocity": {
        "x": 0.10762283205986023,
        "y": -0.12911060452461243,
        "z": 0.0004293641250114888
      },
      "orientation": {
        "w": 0.9354713559150696,
        "x": 0.02732636220753193,
        "y": 0.03130483999848366,
        "z": 0.3509509861469269
      }
    },
    "battery_percent": 86.65895119519153,
    "landed_state": "flying",
    "latency_ms": 1115.8494999981485
  },
  "files": {
    "rgb": "data\\maps\\sequence_normal_ops_001_preflight_bravo_20260102_213148\\frames\\1767407603067975900.png",
    "depth": "data\\maps\\sequence_normal_ops_001_preflight_bravo_20260102_213148\\frames\\1767407603067975900_depth.npy"
  }
}