{
  "frame_id": "1767407624189910300",
  "sequence": 9,
  "timestamp": "2026-01-02T21:33:44.189910",
  "timestamp_ns": 1767407624189910300,
  "camera": {
    "name": "front_center",
    "resolution": [
      1920,
      1080
    ],
    "fov_deg": 89.90362548828125,
    "intrinsics": {
      "fx": 961.6161300315734,
      "fy": 961.6161300315734,
      "cx": 960.0,
      "cy": 540.0
    },
    "pose": {
      "position": {
        "x": 42.77145004272461,
        "y": 41.735984802246094,
        "z": -19.839872360229492
      },
      "orientation": {
        "w": 0.925600528717041,
        "x": 0.059851232916116714,
        "y": -0.08114973455667496,
        "z": 0.36482352018356323
      }
    }
  },
  "telemetry": {
    "sequence": 10,
    "server_timestamp_ms": 1767407625098.0518,
    "airsim_timestamp_ns": 1767407625098051900,
    "pose": {
      "timestamp_ns": 1767407625098051900,
      "position": {
        "x": 42.41991424560547,
        "y": 41.34473419189453,
        "z": -19.507064819335938
      },
      "orientation": {
        "w": 0.9283312559127808,
        "x": 0.014694704674184322,
        "y": 0.039093926548957825,
        "z": 0.36940068006515503
      },
      "linear_velocity": {
        "x": -0.42585045099258423,
        "y": -1.394478678703308,
        "z": 0.01572871021926403
      },
      "angular_velocity": {
        "x": 0.1257401555776596,
        "y": -0.12588922679424286,
        "z": 0.0004456173919606954
      }
    },
    "imu": {
      "timestamp_ns": 1767407624846858300,
      "linear_acceleration": {
        "x": -0.004029512405395508,
        "y": 0.027026206254959106,
        "z": -10.096214294433594
      },
      "angular_velocity": {
        "x": 0.1257401555776596,
        "y": -0.12588922679424286,
        "z": 0.0004456173919606954
      },
      "orientation": {
        "w": 0.9283312559127808,
        "x": 0.014694704674184322,
        "y": 0.039093926548957825,
        "z": 0.36940068006515503
      }
    },
    "battery_percent": 83.38728613357425,
    "landed_state": "flying",
    "latency_ms": 659.4059999988531
  },
  "files": {
    "rgb": "data\\maps\\sequence_normal_ops_001_preflight_bravo_20260102_213148\\frames\\1767407624189910300.png",
    "depth": "data\\maps\\sequence_normal_ops_001_preflight_bravo_20260102_213148\\frames\\1767407624189910300_depth.npy"
  }
}