{
  "frame_id": "1767396554224659900",
  "sequence": 1860,
  "timestamp": "2026-01-02T18:29:14.224659",
  "timestamp_ns": 1767396554224659900,
  "camera": {
    "name": "front_center",
    "resolution": [
      1920,
      1080
    ],
    "fov_deg": 89.90362548828125,
    "intrinsics": {
      "fx": 961.6161300315734,
      "fy": 961.6161300315734,
      "cx": 960.0,
      "cy": 540.0
    },
    "pose": {
      "position": {
        "x": 123.9305191040039,
        "y": 124.01051330566406,
        "z": -20.819223403930664
      },
      "orientation": {
        "w": 0.9159892201423645,
        "x": 0.05648042634129524,
        "y": -0.09147991985082626,
        "z": 0.3865295946598053
      }
    }
  },
  "telemetry": {
    "sequence": 1861,
    "server_timestamp_ms": 1767396554613.8813,
    "airsim_timestamp_ns": 1767396554613881300,
    "pose": {
      "timestamp_ns": 1767396554613881300,
      "position": {
        "x": 123.60115051269531,
        "y": 123.65467834472656,
        "z": -20.495351791381836
      },
      "orientation": {
        "w": 0.9200933575630188,
        "x": 0.005544992163777351,
        "y": 0.028863288462162018,
        "z": 0.3905949592590332
      },
      "linear_velocity": {
        "x": -0.4691411554813385,
        "y": -1.1818017959594727,
        "z": 0.020587105304002762
      },
      "angular_velocity": {
        "x": 0.09522347897291183,
        "y": -0.12092507630586624,
        "z": 0.00032494202605448663
      }
    },
    "imu": {
      "timestamp_ns": 1767396555026696704,
      "linear_acceleration": {
        "x": -0.06159164011478424,
        "y": 0.15922807157039642,
        "z": -10.056023597717285
      },
      "angular_velocity": {
        "x": 0.09522347897291183,
        "y": -0.12092507630586624,
        "z": 0.00032494202605448663
      },
      "orientation": {
        "w": 0.9201298356056213,
        "x": 0.00738149369135499,
        "y": 0.02785947173833847,
        "z": 0.3905515670776367
      }
    },
    "battery_percent": 69.41441193276451,
    "landed_state": "flying",
    "latency_ms": 389.2736999987392
  },
  "files": {
    "rgb": "data\\maps\\sequence_normal_ops_001_preflight_20260102_182707\\frames\\1767396554224659900.png",
    "depth": "data\\maps\\sequence_normal_ops_001_preflight_20260102_182707\\frames\\1767396554224659900_depth.npy"
  }
}