{
  "frame_id": "1767396458510553400",
  "sequence": 1299,
  "timestamp": "2026-01-02T18:27:38.510553",
  "timestamp_ns": 1767396458510553400,
  "camera": {
    "name": "front_center",
    "resolution": [
      1920,
      1080
    ],
    "fov_deg": 89.90362548828125,
    "intrinsics": {
      "fx": 961.6161300315734,
      "fy": 961.6161300315734,
      "cx": 960.0,
      "cy": 540.0
    },
    "pose": {
      "position": {
        "x": 16.69240379333496,
        "y": 11.10821533203125,
        "z": -21.102685928344727
      },
      "orientation": {
        "w": 0.9436221122741699,
        "x": -0.022993363440036774,
        "y": 0.027301335707306862,
        "z": 0.3290945291519165
      }
    }
  },
  "telemetry": {
    "sequence": 1300,
    "server_timestamp_ms": 1767396458745.006,
    "airsim_timestamp_ns": 1767396458745006200,
    "pose": {
      "timestamp_ns": 1767396458745006200,
      "position": {
        "x": 16.39073944091797,
        "y": 10.882712364196777,
        "z": -20.657548904418945
      },
      "orientation": {
        "w": 0.9319857954978943,
        "x": -0.06575211137533188,
        "y": 0.15023517608642578,
        "z": 0.32327786087989807
      },
      "linear_velocity": {
        "x": 1.773747444152832,
        "y": 1.3037927150726318,
        "z": -0.5156992673873901
      },
      "angular_velocity": {
        "x": -0.1384606659412384,
        "y": 0.04363524913787842,
        "z": 0.0034943637438118458
      }
    },
    "imu": {
      "timestamp_ns": 1767396459180652032,
      "linear_acceleration": {
        "x": -0.29297351837158203,
        "y": 0.10614931583404541,
        "z": -8.91385269165039
      },
      "angular_velocity": {
        "x": -0.1384606659412384,
        "y": 0.04363524913787842,
        "z": 0.0034943637438118458
      },
      "orientation": {
        "w": 0.931681215763092,
        "x": -0.06796968728303909,
        "y": 0.15050749480724335,
        "z": 0.32357028126716614
      }
    },
    "battery_percent": 92.28642271344893,
    "landed_state": "flying",
    "latency_ms": 234.55079999985173
  },
  "files": {
    "rgb": "data\\maps\\sequence_normal_ops_001_preflight_20260102_182707\\frames\\1767396458510553400.png",
    "depth": "data\\maps\\sequence_normal_ops_001_preflight_20260102_182707\\frames\\1767396458510553400_depth.npy"
  }
}