{
  "frame_id": "1767396473506670700",
  "sequence": 1488,
  "timestamp": "2026-01-02T18:27:53.506670",
  "timestamp_ns": 1767396473506670700,
  "camera": {
    "name": "front_center",
    "resolution": [
      1920,
      1080
    ],
    "fov_deg": 89.90362548828125,
    "intrinsics": {
      "fx": 961.6161300315734,
      "fy": 961.6161300315734,
      "cx": 960.0,
      "cy": 540.0
    },
    "pose": {
      "position": {
        "x": 35.41376495361328,
        "y": 30.552736282348633,
        "z": -20.767202377319336
      },
      "orientation": {
        "w": 0.9651041626930237,
        "x": 0.08793050795793533,
        "y": -0.1878804713487625,
        "z": 0.15982213616371155
      }
    }
  },
  "telemetry": {
    "sequence": 1489,
    "server_timestamp_ms": 1767396473897.3687,
    "airsim_timestamp_ns": 1767396473897368700,
    "pose": {
      "timestamp_ns": 1767396473897368700,
      "position": {
        "x": 34.91753387451172,
        "y": 30.344772338867188,
        "z": -20.542470932006836
      },
      "orientation": {
        "w": 0.9813708662986755,
        "x": 0.06631727516651154,
        "y": -0.0603017583489418,
        "z": 0.1699320673942566
      },
      "linear_velocity": {
        "x": -0.3282797932624817,
        "y": -0.09934302419424057,
        "z": 0.0561656728386879
      },
      "angular_velocity": {
        "x": -0.07556226849555969,
        "y": 0.06852611899375916,
        "z": 0.0004863087378907949
      }
    },
    "imu": {
      "timestamp_ns": 1767396474330975232,
      "linear_acceleration": {
        "x": -0.17914700508117676,
        "y": 0.031086750328540802,
        "z": -9.647327423095703
      },
      "angular_velocity": {
        "x": -0.07556226849555969,
        "y": 0.06852611899375916,
        "z": 0.0004863087378907949
      },
      "orientation": {
        "w": 0.9814890027046204,
        "x": 0.06519558280706406,
        "y": -0.059577878564596176,
        "z": 0.16993947327136993
      }
    },
    "battery_percent": 88.63258216555508,
    "landed_state": "flying",
    "latency_ms": 390.09039999655215
  },
  "files": {
    "rgb": "data\\maps\\sequence_normal_ops_001_preflight_20260102_182707\\frames\\1767396473506670700.png",
    "depth": "data\\maps\\sequence_normal_ops_001_preflight_20260102_182707\\frames\\1767396473506670700_depth.npy"
  }
}