{
  "frame_id": "1767396579992763500",
  "sequence": 1972,
  "timestamp": "2026-01-02T18:29:39.992763",
  "timestamp_ns": 1767396579992763500,
  "camera": {
    "name": "front_center",
    "resolution": [
      1920,
      1080
    ],
    "fov_deg": 89.90362548828125,
    "intrinsics": {
      "fx": 961.6161300315734,
      "fy": 961.6161300315734,
      "cx": 960.0,
      "cy": 540.0
    },
    "pose": {
      "position": {
        "x": 153.81088256835938,
        "y": 147.99339294433594,
        "z": -19.249238967895508
      },
      "orientation": {
        "w": 0.5302734971046448,
        "x": -0.09611109644174576,
        "y": -0.05016312375664711,
        "z": -0.8408663868904114
      }
    }
  },
  "telemetry": {
    "sequence": 1973,
    "server_timestamp_ms": 1767396580382.5356,
    "airsim_timestamp_ns": 1767396580382535600,
    "pose": {
      "timestamp_ns": 1767396580382535600,
      "position": {
        "x": 154.02622985839844,
        "y": 148.4290313720703,
        "z": -18.92698097229004
      },
      "orientation": {
        "w": 0.5322845578193665,
        "x": 0.014466236345469952,
        "y": 0.019480610266327858,
        "z": -0.846217691898346
      },
      "linear_velocity": {
        "x": -0.35773423314094543,
        "y": -0.22151005268096924,
        "z": 3.608945369720459
      },
      "angular_velocity": {
        "x": 0.026493800804018974,
        "y": -0.05715551972389221,
        "z": 0.025697465986013412
      }
    },
    "imu": {
      "timestamp_ns": 1767396580782246144,
      "linear_acceleration": {
        "x": 0.03708994388580322,
        "y": -0.18525883555412292,
        "z": -1.7044563293457031
      },
      "angular_velocity": {
        "x": 0.026493800804018974,
        "y": -0.05715551972389221,
        "z": 0.025697465986013412
      },
      "orientation": {
        "w": 0.5325877070426941,
        "x": 0.01401018537580967,
        "y": 0.018762346357107162,
        "z": -0.8460509181022644
      }
    },
    "battery_percent": 63.09781026044926,
    "landed_state": "flying",
    "latency_ms": 390.0158999967971
  },
  "files": {
    "rgb": "data\\maps\\sequence_normal_ops_001_preflight_20260102_182707\\frames\\1767396579992763500.png",
    "depth": "data\\maps\\sequence_normal_ops_001_preflight_20260102_182707\\frames\\1767396579992763500_depth.npy"
  }
}