{
  "frame_id": "1767396490972634900",
  "sequence": 1560,
  "timestamp": "2026-01-02T18:28:10.972634",
  "timestamp_ns": 1767396490972634900,
  "camera": {
    "name": "front_center",
    "resolution": [
      1920,
      1080
    ],
    "fov_deg": 89.90362548828125,
    "intrinsics": {
      "fx": 961.6161300315734,
      "fy": 961.6161300315734,
      "cx": 960.0,
      "cy": 540.0
    },
    "pose": {
      "position": {
        "x": 55.8468017578125,
        "y": 53.04734802246094,
        "z": -21.030811309814453
      },
      "orientation": {
        "w": 0.9003978967666626,
        "x": -0.028284961357712746,
        "y": -0.022902699187397957,
        "z": 0.4335424602031708
      }
    }
  },
  "telemetry": {
    "sequence": 1561,
    "server_timestamp_ms": 1767396491351.9546,
    "airsim_timestamp_ns": 1767396491351954800,
    "pose": {
      "timestamp_ns": 1767396491351954800,
      "position": {
        "x": 55.566707611083984,
        "y": 52.743412017822266,
        "z": -20.619510650634766
      },
      "orientation": {
        "w": 0.8956842422485352,
        "x": -0.08463162928819656,
        "y": 0.09481874108314514,
        "z": 0.42614150047302246
      },
      "linear_velocity": {
        "x": 0.7885923385620117,
        "y": 0.4817199110984802,
        "z": 0.20586387813091278
      },
      "angular_velocity": {
        "x": -0.036864496767520905,
        "y": -0.1960258185863495,
        "z": 0.0004662882420234382
      }
    },
    "imu": {
      "timestamp_ns": 1767396491782347520,
      "linear_acceleration": {
        "x": -0.13838624954223633,
        "y": 0.17781156301498413,
        "z": -9.509127616882324
      },
      "angular_velocity": {
        "x": -0.036864496767520905,
        "y": -0.1960258185863495,
        "z": 0.0004662882420234382
      },
      "orientation": {
        "w": 0.8958619236946106,
        "x": -0.08405843377113342,
        "y": 0.09249911457300186,
        "z": 0.42639124393463135
      }
    },
    "battery_percent": 84.39178432322142,
    "landed_state": "flying",
    "latency_ms": 379.88079999922775
  },
  "files": {
    "rgb": "data\\maps\\sequence_normal_ops_001_preflight_20260102_182707\\frames\\1767396490972634900.png",
    "depth": "data\\maps\\sequence_normal_ops_001_preflight_20260102_182707\\frames\\1767396490972634900_depth.npy"
  }
}