{
  "frame_id": "1767396539741312100",
  "sequence": 1808,
  "timestamp": "2026-01-02T18:28:59.741312",
  "timestamp_ns": 1767396539741312100,
  "camera": {
    "name": "front_center",
    "resolution": [
      1920,
      1080
    ],
    "fov_deg": 89.90362548828125,
    "intrinsics": {
      "fx": 961.6161300315734,
      "fy": 961.6161300315734,
      "cx": 960.0,
      "cy": 540.0
    },
    "pose": {
      "position": {
        "x": 113.77680969238281,
        "y": 114.67776489257812,
        "z": -20.52692413330078
      },
      "orientation": {
        "w": 0.8975812792778015,
        "x": -0.03291066735982895,
        "y": -0.016540896147489548,
        "z": 0.4393075704574585
      }
    }
  },
  "telemetry": {
    "sequence": 1809,
    "server_timestamp_ms": 1767396540118.2085,
    "airsim_timestamp_ns": 1767396540118208600,
    "pose": {
      "timestamp_ns": 1767396540118208600,
      "position": {
        "x": 113.50359344482422,
        "y": 114.37635803222656,
        "z": -20.109188079833984
      },
      "orientation": {
        "w": 0.8920613527297974,
        "x": -0.08997025340795517,
        "y": 0.10075847804546356,
        "z": 0.4312535226345062
      },
      "linear_velocity": {
        "x": 0.8675577044487,
        "y": 0.7177082896232605,
        "z": 0.15121150016784668
      },
      "angular_velocity": {
        "x": -0.05837065353989601,
        "y": -0.2038239985704422,
        "z": 0.0003527251828927547
      }
    },
    "imu": {
      "timestamp_ns": 1767396540533387520,
      "linear_acceleration": {
        "x": -0.14830100536346436,
        "y": 0.17665095627307892,
        "z": -9.298254013061523
      },
      "angular_velocity": {
        "x": -0.05837065353989601,
        "y": -0.2038239985704422,
        "z": 0.0003527251828927547
      },
      "orientation": {
        "w": 0.8922573328018188,
        "x": -0.08953294157981873,
        "y": 0.09793441742658615,
        "z": 0.43158963322639465
      }
    },
    "battery_percent": 72.57409496487594,
    "landed_state": "flying",
    "latency_ms": 376.7655999981798
  },
  "files": {
    "rgb": "data\\maps\\sequence_normal_ops_001_preflight_20260102_182707\\frames\\1767396539741312100.png",
    "depth": "data\\maps\\sequence_normal_ops_001_preflight_20260102_182707\\frames\\1767396539741312100_depth.npy"
  }
}