{
  "frame_id": "1767396532365402500",
  "sequence": 1771,
  "timestamp": "2026-01-02T18:28:52.365402",
  "timestamp_ns": 1767396532365402500,
  "camera": {
    "name": "front_center",
    "resolution": [
      1920,
      1080
    ],
    "fov_deg": 89.90362548828125,
    "intrinsics": {
      "fx": 961.6161300315734,
      "fy": 961.6161300315734,
      "cx": 960.0,
      "cy": 540.0
    },
    "pose": {
      "position": {
        "x": 103.79776000976562,
        "y": 104.09815216064453,
        "z": -20.260438919067383
      },
      "orientation": {
        "w": 0.9009232521057129,
        "x": -0.028971504420042038,
        "y": 0.012042182497680187,
        "z": 0.43284282088279724
      }
    }
  },
  "telemetry": {
    "sequence": 1772,
    "server_timestamp_ms": 1767396532613.653,
    "airsim_timestamp_ns": 1767396532613653200,
    "pose": {
      "timestamp_ns": 1767396532613653200,
      "position": {
        "x": 103.54301452636719,
        "y": 103.8085708618164,
        "z": -19.823116302490234
      },
      "orientation": {
        "w": 0.8916439414024353,
        "x": -0.08522097766399384,
        "y": 0.12953324615955353,
        "z": 0.42535826563835144
      },
      "linear_velocity": {
        "x": 1.2343412637710571,
        "y": 1.3221837282180786,
        "z": -0.22227463126182556
      },
      "angular_velocity": {
        "x": -0.1374715119600296,
        "y": -0.16352835297584534,
        "z": 0.002815669635310769
      }
    },
    "imu": {
      "timestamp_ns": 1767396533030227456,
      "linear_acceleration": {
        "x": -0.1955258846282959,
        "y": 0.16724908351898193,
        "z": -8.557962417602539
      },
      "angular_velocity": {
        "x": -0.1374715119600296,
        "y": -0.16352835297584534,
        "z": 0.002815669635310769
      },
      "orientation": {
        "w": 0.8917376399040222,
        "x": -0.08599700778722763,
        "y": 0.1268318146467209,
        "z": 0.4258194863796234
      }
    },
    "battery_percent": 74.41147166866256,
    "landed_state": "flying",
    "latency_ms": 247.71160000091186
  },
  "files": {
    "rgb": "data\\maps\\sequence_normal_ops_001_preflight_20260102_182707\\frames\\1767396532365402500.png",
    "depth": "data\\maps\\sequence_normal_ops_001_preflight_20260102_182707\\frames\\1767396532365402500_depth.npy"
  }
}