{
  "frame_id": "1767396570314180300",
  "sequence": 1937,
  "timestamp": "2026-01-02T18:29:30.314180",
  "timestamp_ns": 1767396570314180300,
  "camera": {
    "name": "front_center",
    "resolution": [
      1920,
      1080
    ],
    "fov_deg": 89.90362548828125,
    "intrinsics": {
      "fx": 961.6161300315734,
      "fy": 961.6161300315734,
      "cx": 960.0,
      "cy": 540.0
    },
    "pose": {
      "position": {
        "x": 145.8650665283203,
        "y": 142.35525512695312,
        "z": -20.204782485961914
      },
      "orientation": {
        "w": 0.9269370436668396,
        "x": -0.03535885736346245,
        "y": -0.00935712642967701,
        "z": 0.3734298646450043
      }
    }
  },
  "telemetry": {
    "sequence": 1938,
    "server_timestamp_ms": 1767396570699.4883,
    "airsim_timestamp_ns": 1767396570699488600,
    "pose": {
      "timestamp_ns": 1767396570699488600,
      "position": {
        "x": 145.5545196533203,
        "y": 142.09893798828125,
        "z": -19.783044815063477
      },
      "orientation": {
        "w": 0.9202283620834351,
        "x": -0.08379873633384705,
        "y": 0.1117124930024147,
        "z": 0.36561986804008484
      },
      "linear_velocity": {
        "x": 0.8627217411994934,
        "y": 0.4854983985424042,
        "z": 0.1391318440437317
      },
      "angular_velocity": {
        "x": -0.04393874481320381,
        "y": -0.1901024878025055,
        "z": 0.0004289461940061301
      }
    },
    "imu": {
      "timestamp_ns": 1767396571104039680,
      "linear_acceleration": {
        "x": -0.17703568935394287,
        "y": 0.13839221000671387,
        "z": -9.302667617797852
      },
      "angular_velocity": {
        "x": -0.042990513145923615,
        "y": -0.19025732576847076,
        "z": 0.00042134863906539977
      },
      "orientation": {
        "w": 0.9204552173614502,
        "x": -0.08344978094100952,
        "y": 0.10912513732910156,
        "z": 0.36590999364852905
      }
    },
    "battery_percent": 65.36963160292889,
    "landed_state": "flying",
    "latency_ms": 384.9147000000812
  },
  "files": {
    "rgb": "data\\maps\\sequence_normal_ops_001_preflight_20260102_182707\\frames\\1767396570314180300.png",
    "depth": "data\\maps\\sequence_normal_ops_001_preflight_20260102_182707\\frames\\1767396570314180300_depth.npy"
  }
}