{
  "frame_id": "1767396483591581000",
  "sequence": 1526,
  "timestamp": "2026-01-02T18:28:03.591581",
  "timestamp_ns": 1767396483591581000,
  "camera": {
    "name": "front_center",
    "resolution": [
      1920,
      1080
    ],
    "fov_deg": 89.90362548828125,
    "intrinsics": {
      "fx": 961.6161300315734,
      "fy": 961.6161300315734,
      "cx": 960.0,
      "cy": 540.0
    },
    "pose": {
      "position": {
        "x": 45.7413330078125,
        "y": 42.443634033203125,
        "z": -20.191516876220703
      },
      "orientation": {
        "w": 0.899407684803009,
        "x": -0.029130516573786736,
        "y": 0.01033712923526764,
        "z": 0.4360165297985077
      }
    }
  },
  "telemetry": {
    "sequence": 1527,
    "server_timestamp_ms": 1767396483973.6833,
    "airsim_timestamp_ns": 1767396483973683400,
    "pose": {
      "timestamp_ns": 1767396483973683400,
      "position": {
        "x": 45.48735809326172,
        "y": 42.15172576904297,
        "z": -19.755298614501953
      },
      "orientation": {
        "w": 0.8903638124465942,
        "x": -0.08579287678003311,
        "y": 0.12764495611190796,
        "z": 0.4284840524196625
      },
      "linear_velocity": {
        "x": 1.2154449224472046,
        "y": 1.3605854511260986,
        "z": -0.2352128028869629
      },
      "angular_velocity": {
        "x": -0.13118746876716614,
        "y": -0.16225095093250275,
        "z": 0.003241464961320162
      }
    },
    "imu": {
      "timestamp_ns": 1767396484405190144,
      "linear_acceleration": {
        "x": -0.19512057304382324,
        "y": 0.16699568927288055,
        "z": -8.55979061126709
      },
      "angular_velocity": {
        "x": -0.13118746876716614,
        "y": -0.16225095093250275,
        "z": 0.003241464961320162
      },
      "orientation": {
        "w": 0.8904556632041931,
        "x": -0.08648192137479782,
        "y": 0.12499971687793732,
        "z": 0.42893436551094055
      }
    },
    "battery_percent": 86.18580520032701,
    "landed_state": "flying",
    "latency_ms": 381.2413999985438
  },
  "files": {
    "rgb": "data\\maps\\sequence_normal_ops_001_preflight_20260102_182707\\frames\\1767396483591581000.png",
    "depth": "data\\maps\\sequence_normal_ops_001_preflight_20260102_182707\\frames\\1767396483591581000_depth.npy"
  }
}