{
  "frame_id": "1767396464008857300",
  "sequence": 1452,
  "timestamp": "2026-01-02T18:27:44.008857",
  "timestamp_ns": 1767396464008857300,
  "camera": {
    "name": "front_center",
    "resolution": [
      1920,
      1080
    ],
    "fov_deg": 89.90362548828125,
    "intrinsics": {
      "fx": 961.6161300315734,
      "fy": 961.6161300315734,
      "cx": 960.0,
      "cy": 540.0
    },
    "pose": {
      "position": {
        "x": 26.558141708374023,
        "y": 21.886709213256836,
        "z": -21.167041778564453
      },
      "orientation": {
        "w": 0.9093488454818726,
        "x": -0.029891416430473328,
        "y": 0.011638190597295761,
        "z": 0.41479596495628357
      }
    }
  },
  "telemetry": {
    "sequence": 1453,
    "server_timestamp_ms": 1767396464402.727,
    "airsim_timestamp_ns": 1767396464402727200,
    "pose": {
      "timestamp_ns": 1767396464402727200,
      "position": {
        "x": 26.29088592529297,
        "y": 21.608060836791992,
        "z": -20.730087280273438
      },
      "orientation": {
        "w": 0.900050163269043,
        "x": -0.08377742767333984,
        "y": 0.13023246824741364,
        "z": 0.407345712184906
      },
      "linear_velocity": {
        "x": 1.2209876775741577,
        "y": 1.0664478540420532,
        "z": -0.12891212105751038
      },
      "angular_velocity": {
        "x": -0.11905412375926971,
        "y": -0.1706814467906952,
        "z": 0.0019951818976551294
      }
    },
    "imu": {
      "timestamp_ns": 1767396464838772736,
      "linear_acceleration": {
        "x": -0.19320571422576904,
        "y": 0.16246917843818665,
        "z": -8.677363395690918
      },
      "angular_velocity": {
        "x": -0.11905412375926971,
        "y": -0.1706814467906952,
        "z": 0.0019951818976551294
      },
      "orientation": {
        "w": 0.900202751159668,
        "x": -0.08441545069217682,
        "y": 0.12724362313747406,
        "z": 0.4078212082386017
      }
    },
    "battery_percent": 90.86428796042398,
    "landed_state": "flying",
    "latency_ms": 393.36809999804245
  },
  "files": {
    "rgb": "data\\maps\\sequence_normal_ops_001_preflight_20260102_182707\\frames\\1767396464008857300.png",
    "depth": "data\\maps\\sequence_normal_ops_001_preflight_20260102_182707\\frames\\1767396464008857300_depth.npy"
  }
}