{
  "frame_id": "1767396517474624400",
  "sequence": 1700,
  "timestamp": "2026-01-02T18:28:37.474624",
  "timestamp_ns": 1767396517474624400,
  "camera": {
    "name": "front_center",
    "resolution": [
      1920,
      1080
    ],
    "fov_deg": 89.90362548828125,
    "intrinsics": {
      "fx": 961.6161300315734,
      "fy": 961.6161300315734,
      "cx": 960.0,
      "cy": 540.0
    },
    "pose": {
      "position": {
        "x": 84.98358917236328,
        "y": 83.63872528076172,
        "z": -20.22385597229004
      },
      "orientation": {
        "w": 0.9265863299369812,
        "x": -0.035363756120204926,
        "y": -0.012082539498806,
        "z": 0.37422075867652893
      }
    }
  },
  "telemetry": {
    "sequence": 1701,
    "server_timestamp_ms": 1767396517861.34,
    "airsim_timestamp_ns": 1767396517861340200,
    "pose": {
      "timestamp_ns": 1767396517861340200,
      "position": {
        "x": 84.67143249511719,
        "y": 83.38097381591797,
        "z": -19.804187774658203
      },
      "orientation": {
        "w": 0.920236349105835,
        "x": -0.08390682190656662,
        "y": 0.10896461457014084,
        "z": 0.36640334129333496
      },
      "linear_velocity": {
        "x": 0.8174870014190674,
        "y": 0.425272136926651,
        "z": 0.16782580316066742
      },
      "angular_velocity": {
        "x": -0.0344821959733963,
        "y": -0.19196413457393646,
        "z": 0.00036616966826841235
      }
    },
    "imu": {
      "timestamp_ns": 1767396518284912896,
      "linear_acceleration": {
        "x": -0.17255115509033203,
        "y": 0.13939298689365387,
        "z": -9.375179290771484
      },
      "angular_velocity": {
        "x": -0.0344821959733963,
        "y": -0.19196413457393646,
        "z": 0.00036616966826841235
      },
      "orientation": {
        "w": 0.9204689860343933,
        "x": -0.08343997597694397,
        "y": 0.10639437288045883,
        "z": 0.36668094992637634
      }
    },
    "battery_percent": 78.11798486433285,
    "landed_state": "flying",
    "latency_ms": 386.48680000187596
  },
  "files": {
    "rgb": "data\\maps\\sequence_normal_ops_001_preflight_20260102_182707\\frames\\1767396517474624400.png",
    "depth": "data\\maps\\sequence_normal_ops_001_preflight_20260102_182707\\frames\\1767396517474624400_depth.npy"
  }
}