{
  "frame_id": "1767396524752841500",
  "sequence": 1736,
  "timestamp": "2026-01-02T18:28:44.752841",
  "timestamp_ns": 1767396524752841500,
  "camera": {
    "name": "front_center",
    "resolution": [
      1920,
      1080
    ],
    "fov_deg": 89.90362548828125,
    "intrinsics": {
      "fx": 961.6161300315734,
      "fy": 961.6161300315734,
      "cx": 960.0,
      "cy": 540.0
    },
    "pose": {
      "position": {
        "x": 93.62271118164062,
        "y": 93.26235961914062,
        "z": -20.079957962036133
      },
      "orientation": {
        "w": 0.9033914804458618,
        "x": -0.01693739742040634,
        "y": 0.01600494794547558,
        "z": 0.42818307876586914
      }
    }
  },
  "telemetry": {
    "sequence": 1737,
    "server_timestamp_ms": 1767396524984.7922,
    "airsim_timestamp_ns": 1767396524984792400,
    "pose": {
      "timestamp_ns": 1767396524984792400,
      "position": {
        "x": 93.37226104736328,
        "y": 92.96758270263672,
        "z": -19.643627166748047
      },
      "orientation": {
        "w": 0.8935738205909729,
        "x": -0.07268160581588745,
        "y": 0.13378427922725677,
        "z": 0.42230916023254395
      },
      "linear_velocity": {
        "x": 1.7900069952011108,
        "y": 2.093071699142456,
        "z": -0.6791725754737854
      },
      "angular_velocity": {
        "x": -0.10746784508228302,
        "y": 0.31357914209365845,
        "z": 0.0034578274935483932
      }
    },
    "imu": {
      "timestamp_ns": 1767396525407064832,
      "linear_acceleration": {
        "x": -0.262113094329834,
        "y": 0.15907526016235352,
        "z": -10.501953125
      },
      "angular_velocity": {
        "x": -0.10746784508228302,
        "y": 0.31357914209365845,
        "z": 0.0034578274935483932
      },
      "orientation": {
        "w": 0.8927888870239258,
        "x": -0.07591209560632706,
        "y": 0.13763411343097687,
        "z": 0.42216384410858154
      }
    },
    "battery_percent": 76.31842707254734,
    "landed_state": "flying",
    "latency_ms": 231.36240000167163
  },
  "files": {
    "rgb": "data\\maps\\sequence_normal_ops_001_preflight_20260102_182707\\frames\\1767396524752841500.png",
    "depth": "data\\maps\\sequence_normal_ops_001_preflight_20260102_182707\\frames\\1767396524752841500_depth.npy"
  }
}