{
  "frame_id": "1767396562044088100",
  "sequence": 1896,
  "timestamp": "2026-01-02T18:29:22.044088",
  "timestamp_ns": 1767396562044088100,
  "camera": {
    "name": "front_center",
    "resolution": [
      1920,
      1080
    ],
    "fov_deg": 89.90362548828125,
    "intrinsics": {
      "fx": 961.6161300315734,
      "fy": 961.6161300315734,
      "cx": 960.0,
      "cy": 540.0
    },
    "pose": {
      "position": {
        "x": 133.82911682128906,
        "y": 132.70542907714844,
        "z": -20.16163444519043
      },
      "orientation": {
        "w": 0.9390941262245178,
        "x": -0.03835711255669594,
        "y": 0.03483352065086365,
        "z": 0.3397316634654999
      }
    }
  },
  "telemetry": {
    "sequence": 1897,
    "server_timestamp_ms": 1767396562423.9617,
    "airsim_timestamp_ns": 1767396562423961600,
    "pose": {
      "timestamp_ns": 1767396562423961600,
      "position": {
        "x": 133.53485107421875,
        "y": 132.48800659179688,
        "z": -19.707616806030273
      },
      "orientation": {
        "w": 0.9265133738517761,
        "x": -0.08237284421920776,
        "y": 0.15711189806461334,
        "z": 0.3318186104297638
      },
      "linear_velocity": {
        "x": 1.9219551086425781,
        "y": 1.5223329067230225,
        "z": -0.7243871092796326
      },
      "angular_velocity": {
        "x": -0.16812288761138916,
        "y": 0.22432070970535278,
        "z": 0.0015926733613014221
      }
    },
    "imu": {
      "timestamp_ns": 1767396562829863168,
      "linear_acceleration": {
        "x": -0.3056159019470215,
        "y": 0.11109501123428345,
        "z": -9.634359359741211
      },
      "angular_velocity": {
        "x": -0.16812288761138916,
        "y": 0.22432070970535278,
        "z": 0.0015926733613014221
      },
      "orientation": {
        "w": 0.9257456660270691,
        "x": -0.08568525314331055,
        "y": 0.15966811776161194,
        "z": 0.33190229535102844
      }
    },
    "battery_percent": 67.4394515793999,
    "landed_state": "flying",
    "latency_ms": 379.48229999892646
  },
  "files": {
    "rgb": "data\\maps\\sequence_normal_ops_001_preflight_20260102_182707\\frames\\1767396562044088100.png",
    "depth": "data\\maps\\sequence_normal_ops_001_preflight_20260102_182707\\frames\\1767396562044088100_depth.npy"
  }
}