{
  "frame_id": "1767396552873789800",
  "sequence": 1853,
  "timestamp": "2026-01-02T18:29:12.873789",
  "timestamp_ns": 1767396552873789800,
  "camera": {
    "name": "front_center",
    "resolution": [
      1920,
      1080
    ],
    "fov_deg": 89.90362548828125,
    "intrinsics": {
      "fx": 961.6161300315734,
      "fy": 961.6161300315734,
      "cx": 960.0,
      "cy": 540.0
    },
    "pose": {
      "position": {
        "x": 123.68333435058594,
        "y": 124.7489013671875,
        "z": -21.18266487121582
      },
      "orientation": {
        "w": 0.9186884760856628,
        "x": -0.026243634521961212,
        "y": -0.006310838274657726,
        "z": 0.39405950903892517
      }
    }
  },
  "telemetry": {
    "sequence": 1854,
    "server_timestamp_ms": 1767396553249.13,
    "airsim_timestamp_ns": 1767396553249129800,
    "pose": {
      "timestamp_ns": 1767396553249129800,
      "position": {
        "x": 123.39039611816406,
        "y": 124.47343444824219,
        "z": -20.760404586791992
      },
      "orientation": {
        "w": 0.911652684211731,
        "x": -0.07745420932769775,
        "y": 0.11365605890750885,
        "z": 0.38726282119750977
      },
      "linear_velocity": {
        "x": 0.9054211378097534,
        "y": 0.4355437457561493,
        "z": 0.15217524766921997
      },
      "angular_velocity": {
        "x": -0.05357124283909798,
        "y": -0.18996338546276093,
        "z": 0.0006709036533720791
      }
    },
    "imu": {
      "timestamp_ns": 1767396553664667648,
      "linear_acceleration": {
        "x": -0.16250944137573242,
        "y": 0.15783344209194183,
        "z": -9.327141761779785
      },
      "angular_velocity": {
        "x": -0.05269866809248924,
        "y": -0.19007986783981323,
        "z": 0.00065986457047984
      },
      "orientation": {
        "w": 0.9118773341178894,
        "x": -0.07715903967618942,
        "y": 0.11102808266878128,
        "z": 0.38755518198013306
      }
    },
    "battery_percent": 69.69437551399528,
    "landed_state": "flying",
    "latency_ms": 375.9312000038335
  },
  "files": {
    "rgb": "data\\maps\\sequence_normal_ops_001_preflight_20260102_182707\\frames\\1767396552873789800.png",
    "depth": "data\\maps\\sequence_normal_ops_001_preflight_20260102_182707\\frames\\1767396552873789800_depth.npy"
  }
}