{
  "frame_id": "1767396450138256400",
  "sequence": 1028,
  "timestamp": "2026-01-02T18:27:30.138256",
  "timestamp_ns": 1767396450138256400,
  "camera": {
    "name": "front_center",
    "resolution": [
      1920,
      1080
    ],
    "fov_deg": 89.90362548828125,
    "intrinsics": {
      "fx": 961.6161300315734,
      "fy": 961.6161300315734,
      "cx": 960.0,
      "cy": 540.0
    },
    "pose": {
      "position": {
        "x": 4.472387790679932,
        "y": 0.7042760848999023,
        "z": -20.603864669799805
      },
      "orientation": {
        "w": 0.21633391082286835,
        "x": -0.025392629206180573,
        "y": 0.0030785829294472933,
        "z": 0.9759843349456787
      }
    }
  },
  "telemetry": {
    "sequence": 1029,
    "server_timestamp_ms": 1767396450339.1184,
    "airsim_timestamp_ns": 1767396450339118500,
    "pose": {
      "timestamp_ns": 1767396450339118500,
      "position": {
        "x": 4.81902551651001,
        "y": 0.5403077602386475,
        "z": -20.164596557617188
      },
      "orientation": {
        "w": 0.2140813171863556,
        "x": -0.15256690979003906,
        "y": 0.031289488077163696,
        "z": 0.9643202424049377
      },
      "linear_velocity": {
        "x": -1.9095299243927002,
        "y": 0.7726305723190308,
        "z": -0.496719628572464
      },
      "angular_velocity": {
        "x": 0.08863599598407745,
        "y": -0.08327212184667587,
        "z": -0.0004834906430914998
      }
    },
    "imu": {
      "timestamp_ns": 1767396450777472768,
      "linear_acceleration": {
        "x": 0.058736562728881836,
        "y": 0.039353132247924805,
        "z": -8.569598197937012
      },
      "angular_velocity": {
        "x": 0.08863599598407745,
        "y": -0.08327212184667587,
        "z": -0.0004834906430914998
      },
      "orientation": {
        "w": 0.2143237292766571,
        "x": -0.15102742612361908,
        "y": 0.03223416581749916,
        "z": 0.9644775986671448
      }
    },
    "battery_percent": 94.26442749294692,
    "landed_state": "flying",
    "latency_ms": 200.66419999784557
  },
  "files": {
    "rgb": "data\\maps\\sequence_normal_ops_001_preflight_20260102_182707\\frames\\1767396450138256400.png",
    "depth": "data\\maps\\sequence_normal_ops_001_preflight_20260102_182707\\frames\\1767396450138256400_depth.npy"
  }
}