{
  "frame_id": "1767396498133825700",
  "sequence": 1597,
  "timestamp": "2026-01-02T18:28:18.133825",
  "timestamp_ns": 1767396498133825700,
  "camera": {
    "name": "front_center",
    "resolution": [
      1920,
      1080
    ],
    "fov_deg": 89.90362548828125,
    "intrinsics": {
      "fx": 961.6161300315734,
      "fy": 961.6161300315734,
      "cx": 960.0,
      "cy": 540.0
    },
    "pose": {
      "position": {
        "x": 64.80593872070312,
        "y": 62.66424560546875,
        "z": -20.264650344848633
      },
      "orientation": {
        "w": 0.9001616835594177,
        "x": -0.03601490333676338,
        "y": 0.02832815609872341,
        "z": 0.43313896656036377
      }
    }
  },
  "telemetry": {
    "sequence": 1598,
    "server_timestamp_ms": 1767396498528.4346,
    "airsim_timestamp_ns": 1767396498528434500,
    "pose": {
      "timestamp_ns": 1767396498528434500,
      "position": {
        "x": 64.56165313720703,
        "y": 62.386478424072266,
        "z": -19.813907623291016
      },
      "orientation": {
        "w": 0.8887631297111511,
        "x": -0.0922427698969841,
        "y": 0.1455804854631424,
        "z": 0.424732506275177
      },
      "linear_velocity": {
        "x": 1.5282330513000488,
        "y": 1.7299854755401611,
        "z": -0.5725404620170593
      },
      "angular_velocity": {
        "x": -0.15586350858211517,
        "y": -0.019179770722985268,
        "z": 0.0005859078373759985
      }
    },
    "imu": {
      "timestamp_ns": 1767396498955500544,
      "linear_acceleration": {
        "x": -0.23073995113372803,
        "y": 0.16592855751514435,
        "z": -8.611650466918945
      },
      "angular_velocity": {
        "x": -0.15586350858211517,
        "y": -0.019179770722985268,
        "z": 0.0005859078373759985
      },
      "orientation": {
        "w": 0.8885577917098999,
        "x": -0.09412934631109238,
        "y": 0.14471937716007233,
        "z": 0.42504236102104187
      }
    },
    "battery_percent": 82.59035437509269,
    "landed_state": "flying",
    "latency_ms": 394.8979000051622
  },
  "files": {
    "rgb": "data\\maps\\sequence_normal_ops_001_preflight_20260102_182707\\frames\\1767396498133825700.png",
    "depth": "data\\maps\\sequence_normal_ops_001_preflight_20260102_182707\\frames\\1767396498133825700_depth.npy"
  }
}