{
  "frame_id": "1767396508006988400",
  "sequence": 1664,
  "timestamp": "2026-01-02T18:28:28.006988",
  "timestamp_ns": 1767396508006988400,
  "camera": {
    "name": "front_center",
    "resolution": [
      1920,
      1080
    ],
    "fov_deg": 89.90362548828125,
    "intrinsics": {
      "fx": 961.6161300315734,
      "fy": 961.6161300315734,
      "cx": 960.0,
      "cy": 540.0
    },
    "pose": {
      "position": {
        "x": 74.56250762939453,
        "y": 73.03374481201172,
        "z": -20.034282684326172
      },
      "orientation": {
        "w": 0.854720413684845,
        "x": -0.056175265461206436,
        "y": -0.13922454416751862,
        "z": -0.49690431356430054
      }
    }
  },
  "telemetry": {
    "sequence": 1665,
    "server_timestamp_ms": 1767396508629.5854,
    "airsim_timestamp_ns": 1767396508629585500,
    "pose": {
      "timestamp_ns": 1767396508629585500,
      "position": {
        "x": 74.29669952392578,
        "y": 73.4699478149414,
        "z": -19.753084182739258
      },
      "orientation": {
        "w": 0.8655806183815002,
        "x": 0.009164350107312202,
        "y": -0.026470057666301727,
        "z": -0.49998557567596436
      },
      "linear_velocity": {
        "x": -0.36034587025642395,
        "y": -0.0490458719432354,
        "z": -0.010347801260650158
      },
      "angular_velocity": {
        "x": -0.015987934544682503,
        "y": -0.008365449495613575,
        "z": 0.018588272854685783
      }
    },
    "imu": {
      "timestamp_ns": 1767396509056716032,
      "linear_acceleration": {
        "x": -0.05330567806959152,
        "y": -0.16559456288814545,
        "z": -9.760457992553711
      },
      "angular_velocity": {
        "x": -0.015987934544682503,
        "y": -0.008365449495613575,
        "z": 0.018588272854685783
      },
      "orientation": {
        "w": 0.8657116889953613,
        "x": 0.008915475569665432,
        "y": -0.02648027054965496,
        "z": -0.4997626841068268
      }
    },
    "battery_percent": 80.21557957001662,
    "landed_state": "flying",
    "latency_ms": 622.4406999972416
  },
  "files": {
    "rgb": "data\\maps\\sequence_normal_ops_001_preflight_20260102_182707\\frames\\1767396508006988400.png",
    "depth": "data\\maps\\sequence_normal_ops_001_preflight_20260102_182707\\frames\\1767396508006988400_depth.npy"
  }
}