{
  "frame_id": "1767396599695573600",
  "sequence": 2060,
  "timestamp": "2026-01-02T18:29:59.695573",
  "timestamp_ns": 1767396599695573600,
  "camera": {
    "name": "front_center",
    "resolution": [
      1920,
      1080
    ],
    "fov_deg": 89.90362548828125,
    "intrinsics": {
      "fx": 961.6161300315734,
      "fy": 961.6161300315734,
      "cx": 960.0,
      "cy": 540.0
    },
    "pose": {
      "position": {
        "x": 178.2461395263672,
        "y": 168.01150512695312,
        "z": -20.144868850708008
      },
      "orientation": {
        "w": 0.932036817073822,
        "x": -0.038851384073495865,
        "y": 0.034188222140073776,
        "z": 0.35864904522895813
      }
    }
  },
  "telemetry": {
    "sequence": 2061,
    "server_timestamp_ms": 1767396600078.4556,
    "airsim_timestamp_ns": 1767396600078455500,
    "pose": {
      "timestamp_ns": 1767396600078455500,
      "position": {
        "x": 177.96107482910156,
        "y": 167.78224182128906,
        "z": -19.6908016204834
      },
      "orientation": {
        "w": 0.9196006655693054,
        "x": -0.08533210307359695,
        "y": 0.15555095672607422,
        "z": 0.3505096435546875
      },
      "linear_velocity": {
        "x": 1.8369224071502686,
        "y": 1.5339350700378418,
        "z": -0.6959136724472046
      },
      "angular_velocity": {
        "x": -0.1631060242652893,
        "y": 0.16707897186279297,
        "z": 0.0011351327411830425
      }
    },
    "imu": {
      "timestamp_ns": 1767396600465666048,
      "linear_acceleration": {
        "x": -0.2888009548187256,
        "y": 0.12302544713020325,
        "z": -9.347452163696289
      },
      "angular_velocity": {
        "x": -0.1631060242652893,
        "y": 0.16707897186279297,
        "z": 0.0011351327411830425
      },
      "orientation": {
        "w": 0.918973445892334,
        "x": -0.08833122998476028,
        "y": 0.15729457139968872,
        "z": 0.35063350200653076
      }
    },
    "battery_percent": 58.13870126252549,
    "landed_state": "flying",
    "latency_ms": 383.4004000018467
  },
  "files": {
    "rgb": "data\\maps\\sequence_normal_ops_001_preflight_20260102_182707\\frames\\1767396599695573600.png",
    "depth": "data\\maps\\sequence_normal_ops_001_preflight_20260102_182707\\frames\\1767396599695573600_depth.npy"
  }
}