{
  "frame_id": "1767396592154951600",
  "sequence": 2023,
  "timestamp": "2026-01-02T18:29:52.154951",
  "timestamp_ns": 1767396592154951600,
  "camera": {
    "name": "front_center",
    "resolution": [
      1920,
      1080
    ],
    "fov_deg": 89.90362548828125,
    "intrinsics": {
      "fx": 961.6161300315734,
      "fy": 961.6161300315734,
      "cx": 960.0,
      "cy": 540.0
    },
    "pose": {
      "position": {
        "x": 168.18858337402344,
        "y": 159.90130615234375,
        "z": -20.23244857788086
      },
      "orientation": {
        "w": 0.9379547834396362,
        "x": -0.030624959617853165,
        "y": -0.01622515730559826,
        "z": 0.34502124786376953
      }
    }
  },
  "telemetry": {
    "sequence": 2024,
    "server_timestamp_ms": 1767396592543.9146,
    "airsim_timestamp_ns": 1767396592543914600,
    "pose": {
      "timestamp_ns": 1767396592543914600,
      "position": {
        "x": 167.8583526611328,
        "y": 159.657958984375,
        "z": -19.818038940429688
      },
      "orientation": {
        "w": 0.9320482611656189,
        "x": -0.07539726793766022,
        "y": 0.10634131729602814,
        "z": 0.33807218074798584
      },
      "linear_velocity": {
        "x": 0.6959354877471924,
        "y": 0.23549596965312958,
        "z": 0.19951781630516052
      },
      "angular_velocity": {
        "x": -0.016581177711486816,
        "y": -0.18695460259914398,
        "z": 0.000463142670923844
      }
    },
    "imu": {
      "timestamp_ns": 1767396592941505536,
      "linear_acceleration": {
        "x": -0.17524850368499756,
        "y": 0.12272898852825165,
        "z": -9.54251480102539
      },
      "angular_velocity": {
        "x": -0.015691442415118217,
        "y": -0.18706567585468292,
        "z": 0.0004566581919789314
      },
      "orientation": {
        "w": 0.9323167204856873,
        "x": -0.07473254948854446,
        "y": 0.10363206267356873,
        "z": 0.3383207619190216
      }
    },
    "battery_percent": 60.018094072744965,
    "landed_state": "flying",
    "latency_ms": 387.6107000032789
  },
  "files": {
    "rgb": "data\\maps\\sequence_normal_ops_001_preflight_20260102_182707\\frames\\1767396592154951600.png",
    "depth": "data\\maps\\sequence_normal_ops_001_preflight_20260102_182707\\frames\\1767396592154951600_depth.npy"
  }
}