{
  "frame_id": "1767412835478348300",
  "sequence": 890,
  "timestamp": "2026-01-02T23:00:35.478348",
  "timestamp_ns": 1767412835478348300,
  "camera": {
    "name": "front_center",
    "resolution": [
      1920,
      1080
    ],
    "fov_deg": 89.90362548828125,
    "intrinsics": {
      "fx": 961.6161300315734,
      "fy": 961.6161300315734,
      "cx": 960.0,
      "cy": 540.0,
      "depth_scale": 1.0,
      "depth_min_m": 0.1,
      "depth_max_m": 100.0,
      "distortion": null
    },
    "pose": {
      "position": {
        "x": 42.2507438659668,
        "y": 40.87217712402344,
        "z": -20.040145874023438
      },
      "orientation": {
        "w": 0.9057633876800537,
        "x": 0.10116779059171677,
        "y": -0.10720188170671463,
        "z": 0.39732301235198975
      }
    }
  },
  "telemetry": {
    "sequence": 891,
    "server_timestamp_ms": 1767412837440.6418,
    "airsim_timestamp_ns": 1767412837440641800,
    "pose": {
      "timestamp_ns": 1767412837440641800,
      "position": {
        "x": 41.92457962036133,
        "y": 40.46560287475586,
        "z": -19.750776290893555
      },
      "orientation": {
        "w": 0.9120096564292908,
        "x": 0.04869638755917549,
        "y": 0.011520097963511944,
        "z": 0.40710484981536865
      },
      "linear_velocity": {
        "x": -0.8819859623908997,
        "y": -0.9133054614067078,
        "z": -0.024978958070278168
      },
      "angular_velocity": {
        "x": 0.008397177793085575,
        "y": -0.08141837269067764,
        "z": 7.292669761227444e-05
      }
    },
    "imu": {
      "timestamp_ns": 1767412835636222100,
      "linear_acceleration": {
        "x": -0.002400696277618408,
        "y": 0.014302611351013184,
        "z": -9.823833465576172
      },
      "angular_velocity": {
        "x": 0.008085822686553001,
        "y": -0.08137250691652298,
        "z": 7.224575529107824e-05
      },
      "orientation": {
        "w": -0.912013053894043,
        "x": -0.049005843698978424,
        "y": -0.010989708825945854,
        "z": -0.4070747494697571
      }
    },
    "battery_percent": 77.16000600566605,
    "landed_state": "flying",
    "latency_ms": 1960.4396999998244
  },
  "files": {
    "rgb": "data\\maps\\sequence_normal_ops_001_preflight_20260102_225859\\frames\\1767412835478348300.png",
    "depth": "data\\maps\\sequence_normal_ops_001_preflight_20260102_225859\\frames\\1767412835478348300_depth.npy"
  }
}