{
  "frame_id": "1767412774962866000",
  "sequence": 547,
  "timestamp": "2026-01-02T22:59:34.962866",
  "timestamp_ns": 1767412774962866000,
  "camera": {
    "name": "front_center",
    "resolution": [
      1920,
      1080
    ],
    "fov_deg": 89.90362548828125,
    "intrinsics": {
      "fx": 961.6161300315734,
      "fy": 961.6161300315734,
      "cx": 960.0,
      "cy": 540.0,
      "depth_scale": 1.0,
      "depth_min_m": 0.1,
      "depth_max_m": 100.0,
      "distortion": null
    },
    "pose": {
      "position": {
        "x": 22.552326202392578,
        "y": 21.861675262451172,
        "z": -20.87166976928711
      },
      "orientation": {
        "w": 0.9031392931938171,
        "x": 0.0329715795814991,
        "y": -0.07072623819112778,
        "z": 0.42219671607017517
      }
    }
  },
  "telemetry": {
    "sequence": 548,
    "server_timestamp_ms": 1767412775207.2012,
    "airsim_timestamp_ns": 1767412775207201200,
    "pose": {
      "timestamp_ns": 1767412775207201200,
      "position": {
        "x": 22.253679275512695,
        "y": 21.50446891784668,
        "z": -20.52065086364746
      },
      "orientation": {
        "w": 0.9046444296836853,
        "x": -0.022418225184082985,
        "y": 0.04776217043399811,
        "z": 0.4228883981704712
      },
      "linear_velocity": {
        "x": 0.1441129893064499,
        "y": -1.236158847808838,
        "z": 0.12237963080406189
      },
      "angular_velocity": {
        "x": 0.1305086314678192,
        "y": -0.1075575202703476,
        "z": 0.00033767844433896244
      }
    },
    "imu": {
      "timestamp_ns": 1767412775128570500,
      "linear_acceleration": {
        "x": -0.004415601491928101,
        "y": 0.037899598479270935,
        "z": -10.200773239135742
      },
      "angular_velocity": {
        "x": 0.1305086314678192,
        "y": -0.1075575202703476,
        "z": 0.00033767844433896244
      },
      "orientation": {
        "w": -0.9046799540519714,
        "x": 0.021680675446987152,
        "y": -0.0475715734064579,
        "z": -0.42287248373031616
      }
    },
    "battery_percent": 91.82394939072923,
    "landed_state": "flying",
    "latency_ms": 244.50740000020232
  },
  "files": {
    "rgb": "data\\maps\\sequence_normal_ops_001_preflight_20260102_225859\\frames\\1767412774962866000.png",
    "depth": "data\\maps\\sequence_normal_ops_001_preflight_20260102_225859\\frames\\1767412774962866000_depth.npy"
  }
}