{
  "frame_id": "1767412751166933900",
  "sequence": 311,
  "timestamp": "2026-01-02T22:59:11.166933",
  "timestamp_ns": 1767412751166933900,
  "camera": {
    "name": "front_center",
    "resolution": [
      1920,
      1080
    ],
    "fov_deg": 89.90362548828125,
    "intrinsics": {
      "fx": 961.6161300315734,
      "fy": 961.6161300315734,
      "cx": 960.0,
      "cy": 540.0,
      "depth_scale": 1.0,
      "depth_min_m": 0.1,
      "depth_max_m": 100.0,
      "distortion": null
    },
    "pose": {
      "position": {
        "x": -0.4853909909725189,
        "y": -0.0002094826486427337,
        "z": -20.205303192138672
      },
      "orientation": {
        "w": 0.00014668694348074496,
        "x": 0.09319382160902023,
        "y": -8.72019081725739e-05,
        "z": 0.9956479668617249
      }
    }
  },
  "telemetry": {
    "sequence": 312,
    "server_timestamp_ms": 1767412751263.0918,
    "airsim_timestamp_ns": 1767412751263091600,
    "pose": {
      "timestamp_ns": 1767412751263091600,
      "position": {
        "x": -0.009322969242930412,
        "y": -0.00040553740109317005,
        "z": -19.868616104125977
      },
      "orientation": {
        "w": 0.0001568141597090289,
        "x": -0.037561606615781784,
        "y": -6.730939639965072e-05,
        "z": 0.9992942810058594
      },
      "linear_velocity": {
        "x": -1.1510751247406006,
        "y": 0.0007899240590631962,
        "z": -3.2910215854644775
      },
      "angular_velocity": {
        "x": 0.0010999578516930342,
        "y": 0.6110677123069763,
        "z": -2.7388125545257935e-07
      }
    },
    "imu": {
      "timestamp_ns": 1767412751261142200,
      "linear_acceleration": {
        "x": 0.00851789116859436,
        "y": -1.185110886581242e-05,
        "z": -3.4470582008361816
      },
      "angular_velocity": {
        "x": 0.0010999578516930342,
        "y": 0.6110677123069763,
        "z": -2.7388125545257935e-07
      },
      "orientation": {
        "w": 0.00015745095151942223,
        "x": -0.0420696884393692,
        "y": -5.7627559726824984e-05,
        "z": 0.9991146922111511
      }
    },
    "battery_percent": 97.31701624952758,
    "landed_state": "flying",
    "latency_ms": 95.62970000024507
  },
  "files": {
    "rgb": "data\\maps\\sequence_normal_ops_001_preflight_20260102_225859\\frames\\1767412751166933900.png",
    "depth": "data\\maps\\sequence_normal_ops_001_preflight_20260102_225859\\frames\\1767412751166933900_depth.npy"
  }
}