{
  "frame_id": "1767412760367297600",
  "sequence": 440,
  "timestamp": "2026-01-02T22:59:20.367297",
  "timestamp_ns": 1767412760367297600,
  "camera": {
    "name": "front_center",
    "resolution": [
      1920,
      1080
    ],
    "fov_deg": 89.90362548828125,
    "intrinsics": {
      "fx": 961.6161300315734,
      "fy": 961.6161300315734,
      "cx": 960.0,
      "cy": 540.0,
      "depth_scale": 1.0,
      "depth_min_m": 0.1,
      "depth_max_m": 100.0,
      "distortion": null
    },
    "pose": {
      "position": {
        "x": 11.59580135345459,
        "y": 11.557853698730469,
        "z": -21.2226619720459
      },
      "orientation": {
        "w": 0.9251432418823242,
        "x": -0.044215086847543716,
        "y": 0.02249813638627529,
        "z": 0.37636271119117737
      }
    }
  },
  "telemetry": {
    "sequence": 442,
    "server_timestamp_ms": 1767412760655.6033,
    "airsim_timestamp_ns": 1767412760655603300,
    "pose": {
      "timestamp_ns": 1767412760655603300,
      "position": {
        "x": 11.32576847076416,
        "y": 11.33100414276123,
        "z": -20.777389526367188
      },
      "orientation": {
        "w": 0.9143567681312561,
        "x": -0.0932532250881195,
        "y": 0.14198461174964905,
        "z": 0.3675539195537567
      },
      "linear_velocity": {
        "x": 1.3646820783615112,
        "y": 1.0798043012619019,
        "z": -0.1686020940542221
      },
      "angular_velocity": {
        "x": -0.1105358749628067,
        "y": -0.15372096002101898,
        "z": 0.0001559321826789528
      }
    },
    "imu": {
      "timestamp_ns": 1767412760540702700,
      "linear_acceleration": {
        "x": -0.06549739837646484,
        "y": 0.020209766924381256,
        "z": -8.545248985290527
      },
      "angular_velocity": {
        "x": -0.1105358749628067,
        "y": -0.15372096002101898,
        "z": 0.0001559321826789528
      },
      "orientation": {
        "w": 0.9143737554550171,
        "x": -0.09332095086574554,
        "y": 0.14171358942985535,
        "z": 0.3675991892814636
      }
    },
    "battery_percent": 95.0999810387579,
    "landed_state": "flying",
    "latency_ms": 287.57390000009764
  },
  "files": {
    "rgb": "data\\maps\\sequence_normal_ops_001_preflight_20260102_225859\\frames\\1767412760367297600.png",
    "depth": "data\\maps\\sequence_normal_ops_001_preflight_20260102_225859\\frames\\1767412760367297600_depth.npy"
  }
}