{
  "frame_id": "1767412815129365600",
  "sequence": 826,
  "timestamp": "2026-01-02T23:00:15.129365",
  "timestamp_ns": 1767412815129365600,
  "camera": {
    "name": "front_center",
    "resolution": [
      1920,
      1080
    ],
    "fov_deg": 89.90362548828125,
    "intrinsics": {
      "fx": 961.6161300315734,
      "fy": 961.6161300315734,
      "cx": 960.0,
      "cy": 540.0,
      "depth_scale": 1.0,
      "depth_min_m": 0.1,
      "depth_max_m": 100.0,
      "distortion": null
    },
    "pose": {
      "position": {
        "x": 30.829998016357422,
        "y": 31.744924545288086,
        "z": -20.807397842407227
      },
      "orientation": {
        "w": 0.8440738320350647,
        "x": -0.03135471045970917,
        "y": 0.024429116398096085,
        "z": 0.534751832485199
      }
    }
  },
  "telemetry": {
    "sequence": 827,
    "server_timestamp_ms": 1767412816663.3892,
    "airsim_timestamp_ns": 1767412816663389100,
    "pose": {
      "timestamp_ns": 1767412816663389100,
      "position": {
        "x": 30.66020393371582,
        "y": 31.412790298461914,
        "z": -20.359228134155273
      },
      "orientation": {
        "w": 0.8336640000343323,
        "x": -0.10088558495044708,
        "y": 0.1343938559293747,
        "z": 0.526084303855896
      },
      "linear_velocity": {
        "x": 1.309585452079773,
        "y": 2.6531121730804443,
        "z": -0.8053394556045532
      },
      "angular_velocity": {
        "x": -0.05462542921304703,
        "y": 0.2191968411207199,
        "z": 0.004255605395883322
      }
    },
    "imu": {
      "timestamp_ns": 1767412815349239900,
      "linear_acceleration": {
        "x": -0.0913461446762085,
        "y": 0.02548229694366455,
        "z": -10.088435173034668
      },
      "angular_velocity": {
        "x": -0.05462542921304703,
        "y": 0.2191968411207199,
        "z": 0.004255605395883322
      },
      "orientation": {
        "w": -0.8333598375320435,
        "x": 0.10215513408184052,
        "y": -0.13575197756290436,
        "z": -0.5259725451469421
      }
    },
    "battery_percent": 81.98014468527414,
    "landed_state": "flying",
    "latency_ms": 1533.1934000000729
  },
  "files": {
    "rgb": "data\\maps\\sequence_normal_ops_001_preflight_20260102_225859\\frames\\1767412815129365600.png",
    "depth": "data\\maps\\sequence_normal_ops_001_preflight_20260102_225859\\frames\\1767412815129365600_depth.npy"
  }
}