{
  "frame_id": "1767408125521790000",
  "sequence": 1022,
  "timestamp": "2026-01-02T21:42:05.521790",
  "timestamp_ns": 1767408125521790000,
  "camera": {
    "name": "front_center",
    "resolution": [
      1920,
      1080
    ],
    "fov_deg": 89.90362548828125,
    "intrinsics": {
      "fx": 961.6161300315734,
      "fy": 961.6161300315734,
      "cx": 960.0,
      "cy": 540.0
    },
    "pose": {
      "position": {
        "x": 85.09647369384766,
        "y": 84.13814544677734,
        "z": -20.176441192626953
      },
      "orientation": {
        "w": 0.8851516842842102,
        "x": -0.021087531000375748,
        "y": -0.04174864664673805,
        "z": 0.4629458785057068
      }
    }
  },
  "telemetry": {
    "sequence": 1024,
    "server_timestamp_ms": 1767408126024.685,
    "airsim_timestamp_ns": 1767408126024685100,
    "pose": {
      "timestamp_ns": 1767408126024685100,
      "position": {
        "x": 84.82713317871094,
        "y": 83.80469512939453,
        "z": -19.781131744384766
      },
      "orientation": {
        "w": 0.8830283880233765,
        "x": -0.081333689391613,
        "y": 0.07414399832487106,
        "z": 0.45623284578323364
      },
      "linear_velocity": {
        "x": 0.7380634546279907,
        "y": 0.012609096243977547,
        "z": 0.3131895959377289
      },
      "angular_velocity": {
        "x": 0.04249352216720581,
        "y": -0.1688949316740036,
        "z": 1.4825873222434893e-05
      }
    },
    "imu": {
      "timestamp_ns": 1767408125864216300,
      "linear_acceleration": {
        "x": -0.020017564296722412,
        "y": 0.0345892608165741,
        "z": -9.956424713134766
      },
      "angular_velocity": {
        "x": 0.04249352216720581,
        "y": -0.1688949316740036,
        "z": 1.4825873222434893e-05
      },
      "orientation": {
        "w": 0.8830760717391968,
        "x": -0.08099160343408585,
        "y": 0.07375369966030121,
        "z": 0.4562647044658661
      }
    },
    "battery_percent": 80.46698344033562,
    "landed_state": "flying",
    "latency_ms": 497.9927999956999
  },
  "files": {
    "rgb": "data\\maps\\sequence_normal_ops_001_preflight_20260102_214055\\frames\\1767408125521790000.png",
    "depth": "data\\maps\\sequence_normal_ops_001_preflight_20260102_214055\\frames\\1767408125521790000_depth.npy"
  }
}