{
  "frame_id": "1767408088989366900",
  "sequence": 728,
  "timestamp": "2026-01-02T21:41:28.989366",
  "timestamp_ns": 1767408088989366900,
  "camera": {
    "name": "front_center",
    "resolution": [
      1920,
      1080
    ],
    "fov_deg": 89.90362548828125,
    "intrinsics": {
      "fx": 961.6161300315734,
      "fy": 961.6161300315734,
      "cx": 960.0,
      "cy": 540.0
    },
    "pose": {
      "position": {
        "x": 35.506771087646484,
        "y": 31.2904052734375,
        "z": -20.287939071655273
      },
      "orientation": {
        "w": 0.877575695514679,
        "x": -0.046179287135601044,
        "y": -0.015791380777955055,
        "z": 0.4769475758075714
      }
    }
  },
  "telemetry": {
    "sequence": 730,
    "server_timestamp_ms": 1767408089538.9004,
    "airsim_timestamp_ns": 1767408089538900400,
    "pose": {
      "timestamp_ns": 1767408089537901700,
      "position": {
        "x": 35.255977630615234,
        "y": 30.978178024291992,
        "z": -19.86412811279297
      },
      "orientation": {
        "w": 0.8721290826797485,
        "x": -0.10803836584091187,
        "y": 0.09889032691717148,
        "z": 0.46683961153030396
      },
      "linear_velocity": {
        "x": 1.0109883546829224,
        "y": 0.6003392338752747,
        "z": 0.22824424505233765
      },
      "angular_velocity": {
        "x": 0.0009354924550279975,
        "y": -0.21856221556663513,
        "z": 4.021728818770498e-05
      }
    },
    "imu": {
      "timestamp_ns": 1767408089342204400,
      "linear_acceleration": {
        "x": -0.03361642360687256,
        "y": 0.03449276089668274,
        "z": -9.291353225708008
      },
      "angular_velocity": {
        "x": 0.0009354924550279975,
        "y": -0.21856221556663513,
        "z": 4.021728818770498e-05
      },
      "orientation": {
        "w": 0.8721615672111511,
        "x": -0.10788457095623016,
        "y": 0.09860475361347198,
        "z": 0.46687498688697815
      }
    },
    "battery_percent": 89.64978892783662,
    "landed_state": "flying",
    "latency_ms": 545.4746999967028
  },
  "files": {
    "rgb": "data\\maps\\sequence_normal_ops_001_preflight_20260102_214055\\frames\\1767408088989366900.png",
    "depth": "data\\maps\\sequence_normal_ops_001_preflight_20260102_214055\\frames\\1767408088989366900_depth.npy"
  }
}