{
  "frame_id": "1767408146068295800",
  "sequence": 1207,
  "timestamp": "2026-01-02T21:42:26.068295",
  "timestamp_ns": 1767408146068295800,
  "camera": {
    "name": "front_center",
    "resolution": [
      1920,
      1080
    ],
    "fov_deg": 89.90362548828125,
    "intrinsics": {
      "fx": 961.6161300315734,
      "fy": 961.6161300315734,
      "cx": 960.0,
      "cy": 540.0
    },
    "pose": {
      "position": {
        "x": 113.9578857421875,
        "y": 114.67280578613281,
        "z": -20.124948501586914
      },
      "orientation": {
        "w": 0.8865689635276794,
        "x": -0.016832837834954262,
        "y": -0.04549066349864006,
        "z": 0.4600464105606079
      }
    }
  },
  "telemetry": {
    "sequence": 1208,
    "server_timestamp_ms": 1767408146443.1995,
    "airsim_timestamp_ns": 1767408146443199400,
    "pose": {
      "timestamp_ns": 1767408146443199400,
      "position": {
        "x": 113.68550872802734,
        "y": 114.33651733398438,
        "z": -19.734149932861328
      },
      "orientation": {
        "w": 0.8849219679832458,
        "x": -0.0767369344830513,
        "y": 0.07061898708343506,
        "z": 0.45391350984573364
      },
      "linear_velocity": {
        "x": 0.6930367946624756,
        "y": -0.036229852586984634,
        "z": 0.300098717212677
      },
      "angular_velocity": {
        "x": 0.04463096335530281,
        "y": -0.16143029928207397,
        "z": 2.7573967599892057e-05
      }
    },
    "imu": {
      "timestamp_ns": 1767408146441875400,
      "linear_acceleration": {
        "x": -0.018942594528198242,
        "y": 0.03386664390563965,
        "z": -9.992704391479492
      },
      "angular_velocity": {
        "x": 0.04463096335530281,
        "y": -0.16143029928207397,
        "z": 2.7573967599892057e-05
      },
      "orientation": {
        "w": 0.8849442005157471,
        "x": -0.0765678659081459,
        "y": 0.07043449580669403,
        "z": 0.4539274573326111
      }
    },
    "battery_percent": 75.31151022341706,
    "landed_state": "flying",
    "latency_ms": 374.5892000006279
  },
  "files": {
    "rgb": "data\\maps\\sequence_normal_ops_001_preflight_20260102_214055\\frames\\1767408146068295800.png",
    "depth": "data\\maps\\sequence_normal_ops_001_preflight_20260102_214055\\frames\\1767408146068295800_depth.npy"
  }
}