{
  "frame_id": "1767408072808806000",
  "sequence": 614,
  "timestamp": "2026-01-02T21:41:12.808806",
  "timestamp_ns": 1767408072808806000,
  "camera": {
    "name": "front_center",
    "resolution": [
      1920,
      1080
    ],
    "fov_deg": 89.90362548828125,
    "intrinsics": {
      "fx": 961.6161300315734,
      "fy": 961.6161300315734,
      "cx": 960.0,
      "cy": 540.0
    },
    "pose": {
      "position": {
        "x": 17.259315490722656,
        "y": 11.639424324035645,
        "z": -21.205467224121094
      },
      "orientation": {
        "w": 0.9118895530700684,
        "x": -0.04136558622121811,
        "y": -0.009608704596757889,
        "z": 0.40823274850845337
      }
    }
  },
  "telemetry": {
    "sequence": 617,
    "server_timestamp_ms": 1767408073537.6047,
    "airsim_timestamp_ns": 1767408073537604900,
    "pose": {
      "timestamp_ns": 1767408073537604900,
      "position": {
        "x": 17.128704071044922,
        "y": 11.424139022827148,
        "z": -20.73328399658203
      },
      "orientation": {
        "w": 0.9071997404098511,
        "x": -0.08668214082717896,
        "y": 0.09352005273103714,
        "z": 0.4009099304676056
      },
      "linear_velocity": {
        "x": 0.7474635243415833,
        "y": 0.08241020143032074,
        "z": 0.3038417398929596
      },
      "angular_velocity": {
        "x": 0.032332614064216614,
        "y": -0.1839808225631714,
        "z": -4.1226172470487654e-05
      }
    },
    "imu": {
      "timestamp_ns": 1767408073335531300,
      "linear_acceleration": {
        "x": -0.026557564735412598,
        "y": 0.02762266993522644,
        "z": -9.775618553161621
      },
      "angular_velocity": {
        "x": 0.032332614064216614,
        "y": -0.1839808225631714,
        "z": -4.1226172470487654e-05
      },
      "orientation": {
        "w": 0.9072295427322388,
        "x": -0.08652910590171814,
        "y": 0.09329047799110413,
        "z": 0.40092921257019043
      }
    },
    "battery_percent": 93.6632282316895,
    "landed_state": "flying",
    "latency_ms": 710.240899999917
  },
  "files": {
    "rgb": "data\\maps\\sequence_normal_ops_001_preflight_20260102_214055\\frames\\1767408072808806000.png",
    "depth": "data\\maps\\sequence_normal_ops_001_preflight_20260102_214055\\frames\\1767408072808806000_depth.npy"
  }
}