{
  "frame_id": "1767408082395382100",
  "sequence": 680,
  "timestamp": "2026-01-02T21:41:22.395382",
  "timestamp_ns": 1767408082395382100,
  "camera": {
    "name": "front_center",
    "resolution": [
      1920,
      1080
    ],
    "fov_deg": 89.90362548828125,
    "intrinsics": {
      "fx": 961.6161300315734,
      "fy": 961.6161300315734,
      "cx": 960.0,
      "cy": 540.0
    },
    "pose": {
      "position": {
        "x": 27.269363403320312,
        "y": 22.1543025970459,
        "z": -20.018672943115234
      },
      "orientation": {
        "w": 0.8897715210914612,
        "x": 0.003561031771823764,
        "y": -0.06260707974433899,
        "z": 0.45207780599594116
      }
    }
  },
  "telemetry": {
    "sequence": 682,
    "server_timestamp_ms": 1767408083100.6584,
    "airsim_timestamp_ns": 1767408083100658400,
    "pose": {
      "timestamp_ns": 1767408083100658400,
      "position": {
        "x": 27.000925064086914,
        "y": 21.78325653076172,
        "z": -19.642560958862305
      },
      "orientation": {
        "w": 0.890494167804718,
        "x": -0.0535077229142189,
        "y": 0.05319485440850258,
        "z": 0.44869524240493774
      },
      "linear_velocity": {
        "x": 0.48726770281791687,
        "y": -0.7191981673240662,
        "z": 0.24265480041503906
      },
      "angular_velocity": {
        "x": 0.10289151221513748,
        "y": -0.12217580527067184,
        "z": 0.0002263734641019255
      }
    },
    "imu": {
      "timestamp_ns": 1767408082880679900,
      "linear_acceleration": {
        "x": -0.008655130863189697,
        "y": 0.0387730672955513,
        "z": -10.221397399902344
      },
      "angular_velocity": {
        "x": 0.10289151221513748,
        "y": -0.12217580527067184,
        "z": 0.0002263734641019255
      },
      "orientation": {
        "w": 0.8905119895935059,
        "x": -0.05328814685344696,
        "y": 0.05310067534446716,
        "z": 0.44869714975357056
      }
    },
    "battery_percent": 91.26554754751045,
    "landed_state": "flying",
    "latency_ms": 705.6465999994543
  },
  "files": {
    "rgb": "data\\maps\\sequence_normal_ops_001_preflight_20260102_214055\\frames\\1767408082395382100.png",
    "depth": "data\\maps\\sequence_normal_ops_001_preflight_20260102_214055\\frames\\1767408082395382100_depth.npy"
  }
}