{
  "frame_id": "1767408096846494800",
  "sequence": 784,
  "timestamp": "2026-01-02T21:41:36.846494",
  "timestamp_ns": 1767408096846494800,
  "camera": {
    "name": "front_center",
    "resolution": [
      1920,
      1080
    ],
    "fov_deg": 89.90362548828125,
    "intrinsics": {
      "fx": 961.6161300315734,
      "fy": 961.6161300315734,
      "cx": 960.0,
      "cy": 540.0
    },
    "pose": {
      "position": {
        "x": 45.248023986816406,
        "y": 39.251277923583984,
        "z": -19.687955856323242
      },
      "orientation": {
        "w": 0.8760586977005005,
        "x": 0.05988893285393715,
        "y": -0.06919647753238678,
        "z": 0.47344091534614563
      }
    }
  },
  "telemetry": {
    "sequence": 786,
    "server_timestamp_ms": 1767408097564.6511,
    "airsim_timestamp_ns": 1767408097564650900,
    "pose": {
      "timestamp_ns": 1767408097564650900,
      "position": {
        "x": 45.00123977661133,
        "y": 38.84696578979492,
        "z": -19.34791374206543
      },
      "orientation": {
        "w": 0.877595841884613,
        "x": -0.002419866854324937,
        "y": 0.04574411362409592,
        "z": 0.47720763087272644
      },
      "linear_velocity": {
        "x": 0.1866929829120636,
        "y": -1.6305220127105713,
        "z": 0.030312765389680862
      },
      "angular_velocity": {
        "x": 0.11121618747711182,
        "y": -0.07652287930250168,
        "z": 0.0002459851966705173
      }
    },
    "imu": {
      "timestamp_ns": 1767408097310301000,
      "linear_acceleration": {
        "x": -0.00208204984664917,
        "y": 0.04880104959011078,
        "z": -10.06068229675293
      },
      "angular_velocity": {
        "x": 0.11121618747711182,
        "y": -0.07652287930250168,
        "z": 0.0002459851966705173
      },
      "orientation": {
        "w": 0.8776066303253174,
        "x": -0.0020236000418663025,
        "y": 0.045702628791332245,
        "z": 0.47719377279281616
      }
    },
    "battery_percent": 87.69892046867827,
    "landed_state": "flying",
    "latency_ms": 717.3960000000079
  },
  "files": {
    "rgb": "data\\maps\\sequence_normal_ops_001_preflight_20260102_214055\\frames\\1767408096846494800.png",
    "depth": "data\\maps\\sequence_normal_ops_001_preflight_20260102_214055\\frames\\1767408096846494800_depth.npy"
  }
}