{
  "frame_id": "1767408153174093900",
  "sequence": 1271,
  "timestamp": "2026-01-02T21:42:33.174093",
  "timestamp_ns": 1767408153174093900,
  "camera": {
    "name": "front_center",
    "resolution": [
      1920,
      1080
    ],
    "fov_deg": 89.90362548828125,
    "intrinsics": {
      "fx": 961.6161300315734,
      "fy": 961.6161300315734,
      "cx": 960.0,
      "cy": 540.0
    },
    "pose": {
      "position": {
        "x": 123.84188842773438,
        "y": 125.31234741210938,
        "z": -20.1627140045166
      },
      "orientation": {
        "w": 0.8859477043151855,
        "x": -0.017440037801861763,
        "y": -0.0448366142809391,
        "z": 0.4612831473350525
      }
    }
  },
  "telemetry": {
    "sequence": 1272,
    "server_timestamp_ms": 1767408153526.0789,
    "airsim_timestamp_ns": 1767408153526079000,
    "pose": {
      "timestamp_ns": 1767408153526079000,
      "position": {
        "x": 123.58943939208984,
        "y": 124.97618865966797,
        "z": -19.763227462768555
      },
      "orientation": {
        "w": 0.884415864944458,
        "x": -0.07602323591709137,
        "y": 0.06950737535953522,
        "z": 0.45518985390663147
      },
      "linear_velocity": {
        "x": 0.6888704299926758,
        "y": -0.02122913859784603,
        "z": 0.29426175355911255
      },
      "angular_velocity": {
        "x": 0.04315628856420517,
        "y": -0.16016893088817596,
        "z": 5.207835420151241e-05
      }
    },
    "imu": {
      "timestamp_ns": 1767408153523495100,
      "linear_acceleration": {
        "x": -0.018995285034179688,
        "y": 0.03364875912666321,
        "z": -9.986906051635742
      },
      "angular_velocity": {
        "x": 0.04315628856420517,
        "y": -0.16016893088817596,
        "z": 5.207835420151241e-05
      },
      "orientation": {
        "w": 0.884415864944458,
        "x": -0.07602323591709137,
        "y": 0.06950737535953522,
        "z": 0.45518985390663147
      }
    },
    "battery_percent": 73.5135331714453,
    "landed_state": "flying",
    "latency_ms": 350.5885999984457
  },
  "files": {
    "rgb": "data\\maps\\sequence_normal_ops_001_preflight_20260102_214055\\frames\\1767408153174093900.png",
    "depth": "data\\maps\\sequence_normal_ops_001_preflight_20260102_214055\\frames\\1767408153174093900_depth.npy"
  }
}