{
  "frame_id": "1767408117541652200",
  "sequence": 952,
  "timestamp": "2026-01-02T21:41:57.541652",
  "timestamp_ns": 1767408117541652200,
  "camera": {
    "name": "front_center",
    "resolution": [
      1920,
      1080
    ],
    "fov_deg": 89.90362548828125,
    "intrinsics": {
      "fx": 961.6161300315734,
      "fy": 961.6161300315734,
      "cx": 960.0,
      "cy": 540.0
    },
    "pose": {
      "position": {
        "x": 75.07046508789062,
        "y": 73.7012710571289,
        "z": -20.29313850402832
      },
      "orientation": {
        "w": 0.88357013463974,
        "x": -0.03142671659588814,
        "y": -0.013654335401952267,
        "z": 0.4670436382293701
      }
    }
  },
  "telemetry": {
    "sequence": 955,
    "server_timestamp_ms": 1767408118237.035,
    "airsim_timestamp_ns": 1767408118237034700,
    "pose": {
      "timestamp_ns": 1767408118237034700,
      "position": {
        "x": 74.8197021484375,
        "y": 73.38433074951172,
        "z": -19.87281608581543
      },
      "orientation": {
        "w": 0.8777933120727539,
        "x": -0.09211928397417068,
        "y": 0.10179152339696884,
        "z": 0.45894601941108704
      },
      "linear_velocity": {
        "x": 0.9826593995094299,
        "y": 0.8703768849372864,
        "z": 0.12575137615203857
      },
      "angular_velocity": {
        "x": -0.054763831198215485,
        "y": -0.2014165073633194,
        "z": 1.6340734873665497e-05
      }
    },
    "imu": {
      "timestamp_ns": 1767408118085151400,
      "linear_acceleration": {
        "x": -0.04058277606964111,
        "y": 0.02911369502544403,
        "z": -9.199394226074219
      },
      "angular_velocity": {
        "x": -0.054763831198215485,
        "y": -0.2014165073633194,
        "z": 1.6340734873665497e-05
      },
      "orientation": {
        "w": 0.8778389692306519,
        "x": -0.09198925644159317,
        "y": 0.10118887573480606,
        "z": 0.45901811122894287
      }
    },
    "battery_percent": 82.37980315406561,
    "landed_state": "flying",
    "latency_ms": 695.3484000041499
  },
  "files": {
    "rgb": "data\\maps\\sequence_normal_ops_001_preflight_20260102_214055\\frames\\1767408117541652200.png",
    "depth": "data\\maps\\sequence_normal_ops_001_preflight_20260102_214055\\frames\\1767408117541652200_depth.npy"
  }
}