{
  "frame_id": "1767408161568976200",
  "sequence": 1352,
  "timestamp": "2026-01-02T21:42:41.568976",
  "timestamp_ns": 1767408161568976200,
  "camera": {
    "name": "front_center",
    "resolution": [
      1920,
      1080
    ],
    "fov_deg": 89.90362548828125,
    "intrinsics": {
      "fx": 961.6161300315734,
      "fy": 961.6161300315734,
      "cx": 960.0,
      "cy": 540.0
    },
    "pose": {
      "position": {
        "x": 134.82505798339844,
        "y": 133.66033935546875,
        "z": -20.306968688964844
      },
      "orientation": {
        "w": 0.918892502784729,
        "x": -0.04349437355995178,
        "y": 0.000879766303114593,
        "z": 0.39210209250450134
      }
    }
  },
  "telemetry": {
    "sequence": 1353,
    "server_timestamp_ms": 1767408161982.4631,
    "airsim_timestamp_ns": 1767408161982463300,
    "pose": {
      "timestamp_ns": 1767408161982463300,
      "position": {
        "x": 134.53076171875,
        "y": 133.402099609375,
        "z": -19.874887466430664
      },
      "orientation": {
        "w": 0.9109163880348206,
        "x": -0.09430186450481415,
        "y": 0.12081177532672882,
        "z": 0.3830704391002655
      },
      "linear_velocity": {
        "x": 1.065260648727417,
        "y": 0.6872715950012207,
        "z": 0.10357332229614258
      },
      "angular_velocity": {
        "x": -0.04878496006131172,
        "y": -0.1874474138021469,
        "z": -0.00011388250277377665
      }
    },
    "imu": {
      "timestamp_ns": 1767408161982459800,
      "linear_acceleration": {
        "x": -0.0459446907043457,
        "y": 0.022793591022491455,
        "z": -9.09204387664795
      },
      "angular_velocity": {
        "x": -0.04776793718338013,
        "y": -0.1875978261232376,
        "z": -0.00011516831727931276
      },
      "orientation": {
        "w": 0.9109700918197632,
        "x": -0.09422042220830917,
        "y": 0.12024795264005661,
        "z": 0.3831402063369751
      }
    },
    "battery_percent": 71.4197665052251,
    "landed_state": "flying",
    "latency_ms": 413.45390000060434
  },
  "files": {
    "rgb": "data\\maps\\sequence_normal_ops_001_preflight_20260102_214055\\frames\\1767408161568976200.png",
    "depth": "data\\maps\\sequence_normal_ops_001_preflight_20260102_214055\\frames\\1767408161568976200_depth.npy"
  }
}