{
  "frame_id": "1767408138086520700",
  "sequence": 1132,
  "timestamp": "2026-01-02T21:42:18.086520",
  "timestamp_ns": 1767408138086520700,
  "camera": {
    "name": "front_center",
    "resolution": [
      1920,
      1080
    ],
    "fov_deg": 89.90362548828125,
    "intrinsics": {
      "fx": 961.6161300315734,
      "fy": 961.6161300315734,
      "cx": 960.0,
      "cy": 540.0
    },
    "pose": {
      "position": {
        "x": 103.56336212158203,
        "y": 103.8380355834961,
        "z": -20.24355697631836
      },
      "orientation": {
        "w": 0.8827851414680481,
        "x": -0.03520976006984711,
        "y": -0.009481264278292656,
        "z": 0.46835967898368835
      }
    }
  },
  "telemetry": {
    "sequence": 1134,
    "server_timestamp_ms": 1767408138572.3247,
    "airsim_timestamp_ns": 1767408138572324900,
    "pose": {
      "timestamp_ns": 1767408138572324900,
      "position": {
        "x": 103.49445343017578,
        "y": 103.68877410888672,
        "z": -19.793476104736328
      },
      "orientation": {
        "w": 0.877926230430603,
        "x": -0.09092170745134354,
        "y": 0.08697017282247543,
        "z": 0.4619685411453247
      },
      "linear_velocity": {
        "x": 0.8605485558509827,
        "y": 0.6289588212966919,
        "z": 0.20947672426700592
      },
      "angular_velocity": {
        "x": -0.017825834453105927,
        "y": -0.19278118014335632,
        "z": -0.00016838524607010186
      }
    },
    "imu": {
      "timestamp_ns": 1767408138570127200,
      "linear_acceleration": {
        "x": -0.03284287452697754,
        "y": 0.029608190059661865,
        "z": -9.500062942504883
      },
      "angular_velocity": {
        "x": -0.017825834453105927,
        "y": -0.19278118014335632,
        "z": -0.00016838524607010186
      },
      "orientation": {
        "w": 0.8779262900352478,
        "x": -0.09092171490192413,
        "y": 0.08697018027305603,
        "z": 0.4619685709476471
      }
    },
    "battery_percent": 77.25840837623956,
    "landed_state": "flying",
    "latency_ms": 472.34169999865117
  },
  "files": {
    "rgb": "data\\maps\\sequence_normal_ops_001_preflight_20260102_214055\\frames\\1767408138086520700.png",
    "depth": "data\\maps\\sequence_normal_ops_001_preflight_20260102_214055\\frames\\1767408138086520700_depth.npy"
  }
}