{
  "frame_id": "1767408175622931200",
  "sequence": 1483,
  "timestamp": "2026-01-02T21:42:55.622931",
  "timestamp_ns": 1767408175622931200,
  "camera": {
    "name": "front_center",
    "resolution": [
      1920,
      1080
    ],
    "fov_deg": 89.90362548828125,
    "intrinsics": {
      "fx": 961.6161300315734,
      "fy": 961.6161300315734,
      "cx": 960.0,
      "cy": 540.0
    },
    "pose": {
      "position": {
        "x": 155.53839111328125,
        "y": 149.93638610839844,
        "z": -19.94260025024414
      },
      "orientation": {
        "w": 0.9237587451934814,
        "x": -0.0026867929846048355,
        "y": -0.010921251028776169,
        "z": 0.38280972838401794
      }
    }
  },
  "telemetry": {
    "sequence": 1484,
    "server_timestamp_ms": 1767408175799.01,
    "airsim_timestamp_ns": 1767408175799010000,
    "pose": {
      "timestamp_ns": 1767408175799010000,
      "position": {
        "x": 155.24264526367188,
        "y": 149.64828491210938,
        "z": -19.53086280822754
      },
      "orientation": {
        "w": 0.9172813892364502,
        "x": -0.052630502730607986,
        "y": 0.10974689573049545,
        "z": 0.3791840374469757
      },
      "linear_velocity": {
        "x": 2.481687307357788,
        "y": 2.443631887435913,
        "z": -0.42236095666885376
      },
      "angular_velocity": {
        "x": -0.1461828351020813,
        "y": 1.3053158521652222,
        "z": 0.0010583708062767982
      }
    },
    "imu": {
      "timestamp_ns": 1767408175797056300,
      "linear_acceleration": {
        "x": -0.09123337268829346,
        "y": 0.02138856053352356,
        "z": -15.682930946350098
      },
      "angular_velocity": {
        "x": -0.1461828351020813,
        "y": 1.3053158521652222,
        "z": 0.0010583708062767982
      },
      "orientation": {
        "w": 0.9172813892364502,
        "x": -0.052630502730607986,
        "y": 0.10974689573049545,
        "z": 0.3791840374469757
      }
    },
    "battery_percent": 67.97220726038061,
    "landed_state": "flying",
    "latency_ms": 175.99369999516057
  },
  "files": {
    "rgb": "data\\maps\\sequence_normal_ops_001_preflight_20260102_214055\\frames\\1767408175622931200.png",
    "depth": "data\\maps\\sequence_normal_ops_001_preflight_20260102_214055\\frames\\1767408175622931200_depth.npy"
  }
}