{
  "frame_id": "1767408154728523800",
  "sequence": 1285,
  "timestamp": "2026-01-02T21:42:34.728523",
  "timestamp_ns": 1767408154728523800,
  "camera": {
    "name": "front_center",
    "resolution": [
      1920,
      1080
    ],
    "fov_deg": 89.90362548828125,
    "intrinsics": {
      "fx": 961.6161300315734,
      "fy": 961.6161300315734,
      "cx": 960.0,
      "cy": 540.0
    },
    "pose": {
      "position": {
        "x": 124.23480987548828,
        "y": 123.82322692871094,
        "z": -19.881942749023438
      },
      "orientation": {
        "w": 0.886398434638977,
        "x": 0.0830729529261589,
        "y": -0.08400463312864304,
        "z": 0.44759345054626465
      }
    }
  },
  "telemetry": {
    "sequence": 1287,
    "server_timestamp_ms": 1767408155298.582,
    "airsim_timestamp_ns": 1767408155298582000,
    "pose": {
      "timestamp_ns": 1767408155298582000,
      "position": {
        "x": 123.96636199951172,
        "y": 123.41400909423828,
        "z": -19.564960479736328
      },
      "orientation": {
        "w": 0.8897799849510193,
        "x": 0.02393958531320095,
        "y": 0.032412249594926834,
        "z": 0.45460742712020874
      },
      "linear_velocity": {
        "x": -0.3157564699649811,
        "y": -1.3526978492736816,
        "z": -0.01941133290529251
      },
      "angular_velocity": {
        "x": 0.06477521359920502,
        "y": -0.07082750648260117,
        "z": 0.00014626079064328223
      }
    },
    "imu": {
      "timestamp_ns": 1767408155125987600,
      "linear_acceleration": {
        "x": -0.0020288750529289246,
        "y": 0.030803531408309937,
        "z": -9.885955810546875
      },
      "angular_velocity": {
        "x": 0.06477521359920502,
        "y": -0.07082750648260117,
        "z": 0.00014626079064328223
      },
      "orientation": {
        "w": 0.8897809982299805,
        "x": 0.024075016379356384,
        "y": 0.03236177936196327,
        "z": 0.454601913690567
      }
    },
    "battery_percent": 73.13928374686175,
    "landed_state": "flying",
    "latency_ms": 570.2158999993117
  },
  "files": {
    "rgb": "data\\maps\\sequence_normal_ops_001_preflight_20260102_214055\\frames\\1767408154728523800.png",
    "depth": "data\\maps\\sequence_normal_ops_001_preflight_20260102_214055\\frames\\1767408154728523800_depth.npy"
  }
}