{
  "frame_id": "1767408064396883200",
  "sequence": 432,
  "timestamp": "2026-01-02T21:41:04.396883",
  "timestamp_ns": 1767408064396883200,
  "camera": {
    "name": "front_center",
    "resolution": [
      1920,
      1080
    ],
    "fov_deg": 89.90362548828125,
    "intrinsics": {
      "fx": 961.6161300315734,
      "fy": 961.6161300315734,
      "cx": 960.0,
      "cy": 540.0
    },
    "pose": {
      "position": {
        "x": 5.5469889640808105,
        "y": -0.6753263473510742,
        "z": -20.919103622436523
      },
      "orientation": {
        "w": 0.4091035723686218,
        "x": -0.11360891163349152,
        "y": -0.050227317959070206,
        "z": -0.9039936661720276
      }
    }
  },
  "telemetry": {
    "sequence": 433,
    "server_timestamp_ms": 1767408064582.9575,
    "airsim_timestamp_ns": 1767408064582957500,
    "pose": {
      "timestamp_ns": 1767408064581432900,
      "position": {
        "x": 5.875046253204346,
        "y": -0.30312517285346985,
        "z": -20.612762451171875
      },
      "orientation": {
        "w": 0.41215959191322327,
        "x": 0.0053578754886984825,
        "y": 0.0036011154297739267,
        "z": -0.911088764667511
      },
      "linear_velocity": {
        "x": -0.04126221314072609,
        "y": -0.07567993551492691,
        "z": -1.7683789730072021
      },
      "angular_velocity": {
        "x": -0.013625932857394218,
        "y": 0.0028880916070193052,
        "z": 0.00010989479051204398
      }
    },
    "imu": {
      "timestamp_ns": 1767408064582367100,
      "linear_acceleration": {
        "x": 0.009619645774364471,
        "y": -0.01621337980031967,
        "z": -4.527900218963623
      },
      "angular_velocity": {
        "x": -0.013500924222171307,
        "y": 0.002675023628398776,
        "z": 0.00010858250607270747
      },
      "orientation": {
        "w": 0.41216015815734863,
        "x": 0.005348915699869394,
        "y": 0.0036419618409126997,
        "z": -0.9110884666442871
      }
    },
    "battery_percent": 95.75194415845118,
    "landed_state": "flying",
    "latency_ms": 185.23429999913787
  },
  "files": {
    "rgb": "data\\maps\\sequence_normal_ops_001_preflight_20260102_214055\\frames\\1767408064396883200.png",
    "depth": "data\\maps\\sequence_normal_ops_001_preflight_20260102_214055\\frames\\1767408064396883200_depth.npy"
  }
}