{
  "frame_id": "1767408110472810400",
  "sequence": 890,
  "timestamp": "2026-01-02T21:41:50.472810",
  "timestamp_ns": 1767408110472810400,
  "camera": {
    "name": "front_center",
    "resolution": [
      1920,
      1080
    ],
    "fov_deg": 89.90362548828125,
    "intrinsics": {
      "fx": 961.6161300315734,
      "fy": 961.6161300315734,
      "cx": 960.0,
      "cy": 540.0
    },
    "pose": {
      "position": {
        "x": 64.99089050292969,
        "y": 62.852439880371094,
        "z": -20.308156967163086
      },
      "orientation": {
        "w": 0.8769291043281555,
        "x": -0.05073084682226181,
        "y": 0.009171576239168644,
        "z": 0.47784680128097534
      }
    }
  },
  "telemetry": {
    "sequence": 891,
    "server_timestamp_ms": 1767408110809.923,
    "airsim_timestamp_ns": 1767408110809923200,
    "pose": {
      "timestamp_ns": 1767408110809923200,
      "position": {
        "x": 64.93663787841797,
        "y": 62.71894454956055,
        "z": -19.86475944519043
      },
      "orientation": {
        "w": 0.8697850108146667,
        "x": -0.10803583264350891,
        "y": 0.10620280355215073,
        "z": 0.46959903836250305
      },
      "linear_velocity": {
        "x": 1.0583661794662476,
        "y": 0.8206760287284851,
        "z": 0.12188861519098282
      },
      "angular_velocity": {
        "x": -0.027946962043642998,
        "y": -0.2229900062084198,
        "z": 7.492065924452618e-05
      }
    },
    "imu": {
      "timestamp_ns": 1767408110804044000,
      "linear_acceleration": {
        "x": -0.03926527500152588,
        "y": 0.03301548957824707,
        "z": -8.994406700134277
      },
      "angular_velocity": {
        "x": -0.027946962043642998,
        "y": -0.2229900062084198,
        "z": 7.492065924452618e-05
      },
      "orientation": {
        "w": 0.8698158264160156,
        "x": -0.10791587829589844,
        "y": 0.10589221864938736,
        "z": 0.46963974833488464
      }
    },
    "battery_percent": 84.22938314230265,
    "landed_state": "flying",
    "latency_ms": 336.8396000005305
  },
  "files": {
    "rgb": "data\\maps\\sequence_normal_ops_001_preflight_20260102_214055\\frames\\1767408110472810400.png",
    "depth": "data\\maps\\sequence_normal_ops_001_preflight_20260102_214055\\frames\\1767408110472810400_depth.npy"
  }
}