{
  "frame_id": "1767408104409404400",
  "sequence": 843,
  "timestamp": "2026-01-02T21:41:44.409404",
  "timestamp_ns": 1767408104409404400,
  "camera": {
    "name": "front_center",
    "resolution": [
      1920,
      1080
    ],
    "fov_deg": 89.90362548828125,
    "intrinsics": {
      "fx": 961.6161300315734,
      "fy": 961.6161300315734,
      "cx": 960.0,
      "cy": 540.0
    },
    "pose": {
      "position": {
        "x": 55.22802734375,
        "y": 50.49643325805664,
        "z": -19.6404972076416
      },
      "orientation": {
        "w": 0.8680627942085266,
        "x": 0.052967071533203125,
        "y": -0.10090979188680649,
        "z": 0.48319628834724426
      }
    }
  },
  "telemetry": {
    "sequence": 844,
    "server_timestamp_ms": 1767408104805.8162,
    "airsim_timestamp_ns": 1767408104805816100,
    "pose": {
      "timestamp_ns": 1767408104805816100,
      "position": {
        "x": 54.9682502746582,
        "y": 50.081321716308594,
        "z": -19.32395362854004
      },
      "orientation": {
        "w": 0.8738077878952026,
        "x": -0.010555839166045189,
        "y": 0.013258439488708973,
        "z": 0.48597607016563416
      },
      "linear_velocity": {
        "x": 0.5416847467422485,
        "y": -1.2124412059783936,
        "z": 1.8763855695724487
      },
      "angular_velocity": {
        "x": 0.035340774804353714,
        "y": -0.21045424044132233,
        "z": 0.0005826251581311226
      }
    },
    "imu": {
      "timestamp_ns": 1767408104774521600,
      "linear_acceleration": {
        "x": -0.001390598714351654,
        "y": 0.05546990782022476,
        "z": -1.5698742866516113
      },
      "angular_velocity": {
        "x": 0.03458854928612709,
        "y": -0.20714685320854187,
        "z": 0.0005777917103841901
      },
      "orientation": {
        "w": 0.8738246560096741,
        "x": -0.009742775931954384,
        "y": 0.01224155630916357,
        "z": 0.48598942160606384
      }
    },
    "battery_percent": 85.85069911972185,
    "landed_state": "flying",
    "latency_ms": 396.6000000000349
  },
  "files": {
    "rgb": "data\\maps\\sequence_normal_ops_001_preflight_20260102_214055\\frames\\1767408104409404400.png",
    "depth": "data\\maps\\sequence_normal_ops_001_preflight_20260102_214055\\frames\\1767408104409404400_depth.npy"
  }
}