{
  "frame_id": "1767408168746043900",
  "sequence": 1417,
  "timestamp": "2026-01-02T21:42:48.746043",
  "timestamp_ns": 1767408168746043900,
  "camera": {
    "name": "front_center",
    "resolution": [
      1920,
      1080
    ],
    "fov_deg": 89.90362548828125,
    "intrinsics": {
      "fx": 961.6161300315734,
      "fy": 961.6161300315734,
      "cx": 960.0,
      "cy": 540.0
    },
    "pose": {
      "position": {
        "x": 145.86614990234375,
        "y": 142.44329833984375,
        "z": -20.30979347229004
      },
      "orientation": {
        "w": 0.9183655977249146,
        "x": -0.042705632746219635,
        "y": 0.005052782129496336,
        "z": 0.39338958263397217
      }
    }
  },
  "telemetry": {
    "sequence": 1419,
    "server_timestamp_ms": 1767408169267.47,
    "airsim_timestamp_ns": 1767408169267469900,
    "pose": {
      "timestamp_ns": 1767408169267469900,
      "position": {
        "x": 145.57611083984375,
        "y": 142.18516540527344,
        "z": -19.87477684020996
      },
      "orientation": {
        "w": 0.9098492860794067,
        "x": -0.09368792176246643,
        "y": 0.12488031387329102,
        "z": 0.38444986939430237
      },
      "linear_velocity": {
        "x": 1.1316642761230469,
        "y": 0.7978440523147583,
        "z": 0.04777343198657036
      },
      "angular_velocity": {
        "x": -0.06584126502275467,
        "y": -0.18370676040649414,
        "z": 2.3695607524132356e-05
      }
    },
    "imu": {
      "timestamp_ns": 1767408169124316300,
      "linear_acceleration": {
        "x": -0.050179362297058105,
        "y": 0.022612065076828003,
        "z": -8.954840660095215
      },
      "angular_velocity": {
        "x": -0.06584126502275467,
        "y": -0.18370676040649414,
        "z": 2.3695607524132356e-05
      },
      "orientation": {
        "w": 0.9098743200302124,
        "x": -0.09367261826992035,
        "y": 0.12459156662225723,
        "z": 0.3844881057739258
      }
    },
    "battery_percent": 69.61367788580088,
    "landed_state": "flying",
    "latency_ms": 519.36850000493
  },
  "files": {
    "rgb": "data\\maps\\sequence_normal_ops_001_preflight_20260102_214055\\frames\\1767408168746043900.png",
    "depth": "data\\maps\\sequence_normal_ops_001_preflight_20260102_214055\\frames\\1767408168746043900_depth.npy"
  }
}