{
  "frame_id": "1767408131266336100",
  "sequence": 1073,
  "timestamp": "2026-01-02T21:42:11.266336",
  "timestamp_ns": 1767408131266336100,
  "camera": {
    "name": "front_center",
    "resolution": [
      1920,
      1080
    ],
    "fov_deg": 89.90362548828125,
    "intrinsics": {
      "fx": 961.6161300315734,
      "fy": 961.6161300315734,
      "cx": 960.0,
      "cy": 540.0
    },
    "pose": {
      "position": {
        "x": 93.50751495361328,
        "y": 93.10624694824219,
        "z": -20.123796463012695
      },
      "orientation": {
        "w": 0.8876597881317139,
        "x": -0.032550543546676636,
        "y": 0.02744382806122303,
        "z": 0.45852747559547424
      }
    }
  },
  "telemetry": {
    "sequence": 1074,
    "server_timestamp_ms": 1767408131573.4585,
    "airsim_timestamp_ns": 1767408131573458400,
    "pose": {
      "timestamp_ns": 1767408131573458400,
      "position": {
        "x": 93.2811508178711,
        "y": 92.81180572509766,
        "z": -19.67428207397461
      },
      "orientation": {
        "w": 0.8764835596084595,
        "x": -0.0921219140291214,
        "y": 0.14307188987731934,
        "z": 0.45035600662231445
      },
      "linear_velocity": {
        "x": 1.7446415424346924,
        "y": 2.333073139190674,
        "z": -0.8227612972259521
      },
      "angular_velocity": {
        "x": -0.19479312002658844,
        "y": 0.38338300585746765,
        "z": 0.002841741079464555
      }
    },
    "imu": {
      "timestamp_ns": 1767408131573190400,
      "linear_acceleration": {
        "x": -0.0981377363204956,
        "y": 0.026371240615844727,
        "z": -11.027556419372559
      },
      "angular_velocity": {
        "x": -0.19479312002658844,
        "y": 0.38338300585746765,
        "z": 0.002841741079464555
      },
      "orientation": {
        "w": 0.8763708472251892,
        "x": -0.09264124184846878,
        "y": 0.1434534341096878,
        "z": 0.4503476321697235
      }
    },
    "battery_percent": 79.00730593556678,
    "landed_state": "flying",
    "latency_ms": 307.3229000001447
  },
  "files": {
    "rgb": "data\\maps\\sequence_normal_ops_001_preflight_20260102_214055\\frames\\1767408131266336100.png",
    "depth": "data\\maps\\sequence_normal_ops_001_preflight_20260102_214055\\frames\\1767408131266336100_depth.npy"
  }
}