{
  "frame_id": "1767407667229954600",
  "sequence": 17,
  "timestamp": "2026-01-02T21:34:27.229954",
  "timestamp_ns": 1767407667229954600,
  "camera": {
    "name": "front_center",
    "resolution": [
      1920,
      1080
    ],
    "fov_deg": 89.90362548828125,
    "intrinsics": {
      "fx": 961.6161300315734,
      "fy": 961.6161300315734,
      "cx": 960.0,
      "cy": 540.0
    },
    "pose": {
      "position": {
        "x": 90.99166107177734,
        "y": 81.63782501220703,
        "z": -19.96996307373047
      },
      "orientation": {
        "w": 0.9411202073097229,
        "x": 0.011092155240476131,
        "y": -0.058026086539030075,
        "z": 0.33287039399147034
      }
    }
  },
  "telemetry": {
    "sequence": 18,
    "server_timestamp_ms": 1767407668217.1123,
    "airsim_timestamp_ns": 1767407668217112200,
    "pose": {
      "timestamp_ns": 1767407668217112200,
      "position": {
        "x": 90.5883560180664,
        "y": 81.12055206298828,
        "z": -19.561931610107422
      },
      "orientation": {
        "w": 0.9420368671417236,
        "x": -0.011949912644922733,
        "y": 0.05343681573867798,
        "z": 0.331011027097702
      },
      "linear_velocity": {
        "x": -0.3383747935295105,
        "y": -1.2325036525726318,
        "z": 0.14059731364250183
      },
      "angular_velocity": {
        "x": 0.149782195687294,
        "y": -0.16957703232765198,
        "z": 0.0005650333478115499
      }
    },
    "imu": {
      "timestamp_ns": 1767407667886907500,
      "linear_acceleration": {
        "x": -0.006930291652679443,
        "y": 0.02353551983833313,
        "z": -10.312779426574707
      },
      "angular_velocity": {
        "x": 0.149782195687294,
        "y": -0.16957703232765198,
        "z": 0.0005650333478115499
      },
      "orientation": {
        "w": 0.9420528411865234,
        "x": -0.011653470806777477,
        "y": 0.05327122285962105,
        "z": 0.3310028314590454
      }
    },
    "battery_percent": 76.64492573664155,
    "landed_state": "flying",
    "latency_ms": 751.4904999989085
  },
  "files": {
    "rgb": "data\\maps\\sequence_normal_ops_001_preflight_charlie_20260102_213148\\frames\\1767407667229954600.png",
    "depth": "data\\maps\\sequence_normal_ops_001_preflight_charlie_20260102_213148\\frames\\1767407667229954600_depth.npy"
  }
}