{
  "frame_id": "1767407656358500600",
  "sequence": 15,
  "timestamp": "2026-01-02T21:34:16.358500",
  "timestamp_ns": 1767407656358500600,
  "camera": {
    "name": "front_center",
    "resolution": [
      1920,
      1080
    ],
    "fov_deg": 89.90362548828125,
    "intrinsics": {
      "fx": 961.6161300315734,
      "fy": 961.6161300315734,
      "cx": 960.0,
      "cy": 540.0
    },
    "pose": {
      "position": {
        "x": 79.77778625488281,
        "y": 71.17972564697266,
        "z": -19.896455764770508
      },
      "orientation": {
        "w": 0.9363417625427246,
        "x": 0.04596995562314987,
        "y": -0.07667586207389832,
        "z": 0.33951684832572937
      }
    }
  },
  "telemetry": {
    "sequence": 16,
    "server_timestamp_ms": 1767407657188.5598,
    "airsim_timestamp_ns": 1767407657188560000,
    "pose": {
      "timestamp_ns": 1767407657187554200,
      "position": {
        "x": 79.41059112548828,
        "y": 70.82666778564453,
        "z": -19.55260467529297
      },
      "orientation": {
        "w": 0.9384365677833557,
        "x": 0.0040993839502334595,
        "y": 0.044757161289453506,
        "z": 0.34251537919044495
      },
      "linear_velocity": {
        "x": -0.44445717334747314,
        "y": -1.3417185544967651,
        "z": 0.06789537519216537
      },
      "angular_velocity": {
        "x": 0.1432712972164154,
        "y": -0.15390609204769135,
        "z": 0.0005588439526036382
      }
    },
    "imu": {
      "timestamp_ns": 1767407657002978700,
      "linear_acceleration": {
        "x": -0.005495861172676086,
        "y": 0.024391382932662964,
        "z": -10.222997665405273
      },
      "angular_velocity": {
        "x": 0.1432712972164154,
        "y": -0.15390609204769135,
        "z": 0.0005588439526036382
      },
      "orientation": {
        "w": 0.9384365677833557,
        "x": 0.0040993839502334595,
        "y": 0.044757161289453506,
        "z": 0.34251537919044495
      }
    },
    "battery_percent": 78.35531755314946,
    "landed_state": "flying",
    "latency_ms": 828.072099997371
  },
  "files": {
    "rgb": "data\\maps\\sequence_normal_ops_001_preflight_charlie_20260102_213148\\frames\\1767407656358500600.png",
    "depth": "data\\maps\\sequence_normal_ops_001_preflight_charlie_20260102_213148\\frames\\1767407656358500600_depth.npy"
  }
}