{
  "frame_id": "1767407613681523600",
  "sequence": 7,
  "timestamp": "2026-01-02T21:33:33.681523",
  "timestamp_ns": 1767407613681523600,
  "camera": {
    "name": "front_center",
    "resolution": [
      1920,
      1080
    ],
    "fov_deg": 89.90362548828125,
    "intrinsics": {
      "fx": 961.6161300315734,
      "fy": 961.6161300315734,
      "cx": 960.0,
      "cy": 540.0
    },
    "pose": {
      "position": {
        "x": 35.437225341796875,
        "y": 31.08763885498047,
        "z": -19.949913024902344
      },
      "orientation": {
        "w": 0.9395595788955688,
        "x": 0.029426690191030502,
        "y": -0.06811846047639847,
        "z": 0.33424800634384155
      }
    }
  },
  "telemetry": {
    "sequence": 8,
    "server_timestamp_ms": 1767407614452.1843,
    "airsim_timestamp_ns": 1767407614452184300,
    "pose": {
      "timestamp_ns": 1767407614452184300,
      "position": {
        "x": 35.08082580566406,
        "y": 30.79241943359375,
        "z": -19.595197677612305
      },
      "orientation": {
        "w": 0.9404127597808838,
        "x": -0.014453181065618992,
        "y": 0.055101435631513596,
        "z": 0.33522942662239075
      },
      "linear_velocity": {
        "x": -0.3306039571762085,
        "y": -1.2278188467025757,
        "z": 0.14080935716629028
      },
      "angular_velocity": {
        "x": 0.14678342640399933,
        "y": -0.16840939223766327,
        "z": 0.0005500660045072436
      }
    },
    "imu": {
      "timestamp_ns": 1767407614243202200,
      "linear_acceleration": {
        "x": -0.006802588701248169,
        "y": 0.023818403482437134,
        "z": -10.305595397949219
      },
      "angular_velocity": {
        "x": 0.14678342640399933,
        "y": -0.16840939223766327,
        "z": 0.0005500660045072436
      },
      "orientation": {
        "w": 0.9405763745307922,
        "x": -0.011529335752129555,
        "y": 0.053455252200365067,
        "z": 0.33515042066574097
      }
    },
    "battery_percent": 85.06081120867853,
    "landed_state": "flying",
    "latency_ms": 769.8114000013447
  },
  "files": {
    "rgb": "data\\maps\\sequence_normal_ops_001_preflight_charlie_20260102_213148\\frames\\1767407613681523600.png",
    "depth": "data\\maps\\sequence_normal_ops_001_preflight_charlie_20260102_213148\\frames\\1767407613681523600_depth.npy"
  }
}