{
  "frame_id": "1767407624176550500",
  "sequence": 9,
  "timestamp": "2026-01-02T21:33:44.176550",
  "timestamp_ns": 1767407624176550500,
  "camera": {
    "name": "front_center",
    "resolution": [
      1920,
      1080
    ],
    "fov_deg": 89.90362548828125,
    "intrinsics": {
      "fx": 961.6161300315734,
      "fy": 961.6161300315734,
      "cx": 960.0,
      "cy": 540.0
    },
    "pose": {
      "position": {
        "x": 46.50475311279297,
        "y": 41.05385208129883,
        "z": -19.89725112915039
      },
      "orientation": {
        "w": 0.9366128444671631,
        "x": 0.041117843240499496,
        "y": -0.07447408139705658,
        "z": 0.3398813009262085
      }
    }
  },
  "telemetry": {
    "sequence": 10,
    "server_timestamp_ms": 1767407625098.0518,
    "airsim_timestamp_ns": 1767407625098051900,
    "pose": {
      "timestamp_ns": 1767407625098051900,
      "position": {
        "x": 46.06649398803711,
        "y": 40.49630355834961,
        "z": -19.540203094482422
      },
      "orientation": {
        "w": 0.9388629794120789,
        "x": 0.013625183142721653,
        "y": 0.03957759961485863,
        "z": 0.3417370915412903
      },
      "linear_velocity": {
        "x": -0.566872775554657,
        "y": -1.3458994626998901,
        "z": 0.020069235935807228
      },
      "angular_velocity": {
        "x": 0.12925595045089722,
        "y": -0.14675453305244446,
        "z": 0.0005276442971080542
      }
    },
    "imu": {
      "timestamp_ns": 1767407624846869500,
      "linear_acceleration": {
        "x": -0.004812486469745636,
        "y": 0.022828996181488037,
        "z": -10.136796951293945
      },
      "angular_velocity": {
        "x": 0.12925595045089722,
        "y": -0.14675453305244446,
        "z": 0.0005276442971080542
      },
      "orientation": {
        "w": 0.9389267563819885,
        "x": 0.01675206795334816,
        "y": 0.037890300154685974,
        "z": 0.3416142463684082
      }
    },
    "battery_percent": 83.3736473869464,
    "landed_state": "flying",
    "latency_ms": 659.4694999948842
  },
  "files": {
    "rgb": "data\\maps\\sequence_normal_ops_001_preflight_charlie_20260102_213148\\frames\\1767407624176550500.png",
    "depth": "data\\maps\\sequence_normal_ops_001_preflight_charlie_20260102_213148\\frames\\1767407624176550500_depth.npy"
  }
}