{
  "frame_id": "1767407576409185300",
  "sequence": 1,
  "timestamp": "2026-01-02T21:32:56.409185",
  "timestamp_ns": 1767407576409185300,
  "camera": {
    "name": "front_center",
    "resolution": [
      1920,
      1080
    ],
    "fov_deg": 89.90362548828125,
    "intrinsics": {
      "fx": 961.6161300315734,
      "fy": 961.6161300315734,
      "cx": 960.0,
      "cy": 540.0
    },
    "pose": {
      "position": {
        "x": 0.47332268953323364,
        "y": -3.9789537709111755e-07,
        "z": -20.481250762939453
      },
      "orientation": {
        "w": 0.9911477565765381,
        "x": -6.283071485313485e-08,
        "y": -0.13276337087154388,
        "z": -3.7864958812861005e-07
      }
    }
  },
  "telemetry": {
    "sequence": 2,
    "server_timestamp_ms": 1767407577203.424,
    "airsim_timestamp_ns": 1767407577203423900,
    "pose": {
      "timestamp_ns": 1767407577203423900,
      "position": {
        "x": -0.02802630327641964,
        "y": -6.073037184251007e-09,
        "z": -20.18351173400879
      },
      "orientation": {
        "w": 0.9999974370002747,
        "x": -1.2869499244061444e-08,
        "y": -0.0022568160202354193,
        "z": -3.8361122278729454e-07
      },
      "linear_velocity": {
        "x": -0.009060036391019821,
        "y": 7.733019913302996e-08,
        "z": -0.028073636814951897
      },
      "angular_velocity": {
        "x": -9.369811238002512e-08,
        "y": -4.175140202278271e-05,
        "z": 4.335353409601339e-09
      }
    },
    "imu": {
      "timestamp_ns": 1767407576958624600,
      "linear_acceleration": {
        "x": -0.025770969688892365,
        "y": 2.7703261906708576e-09,
        "z": -9.84963321685791
      },
      "angular_velocity": {
        "x": -9.369811238002512e-08,
        "y": -4.175140202278271e-05,
        "z": 4.335353409601339e-09
      },
      "orientation": {
        "w": 0.9999974966049194,
        "x": -1.4416591476162921e-08,
        "y": -0.0022585554979741573,
        "z": -3.835431527932087e-07
      }
    },
    "battery_percent": 90.92644685268402,
    "landed_state": "flying",
    "latency_ms": 793.4946999957901
  },
  "files": {
    "rgb": "data\\maps\\sequence_normal_ops_001_preflight_charlie_20260102_213148\\frames\\1767407576409185300.png",
    "depth": "data\\maps\\sequence_normal_ops_001_preflight_charlie_20260102_213148\\frames\\1767407576409185300_depth.npy"
  }
}