{
  "frame_id": "1767407603055687900",
  "sequence": 5,
  "timestamp": "2026-01-02T21:33:23.055687",
  "timestamp_ns": 1767407603055687900,
  "camera": {
    "name": "front_center",
    "resolution": [
      1920,
      1080
    ],
    "fov_deg": 89.90362548828125,
    "intrinsics": {
      "fx": 961.6161300315734,
      "fy": 961.6161300315734,
      "cx": 960.0,
      "cy": 540.0
    },
    "pose": {
      "position": {
        "x": 24.06232261657715,
        "y": 20.365293502807617,
        "z": -19.879793167114258
      },
      "orientation": {
        "w": 0.9379907250404358,
        "x": 0.07478637248277664,
        "y": -0.09516168385744095,
        "z": 0.3248455822467804
      }
    }
  },
  "telemetry": {
    "sequence": 6,
    "server_timestamp_ms": 1767407604184.154,
    "airsim_timestamp_ns": 1767407604184154000,
    "pose": {
      "timestamp_ns": 1767407604184154000,
      "position": {
        "x": 23.549280166625977,
        "y": 19.822223663330078,
        "z": -19.571523666381836
      },
      "orientation": {
        "w": 0.9423679709434509,
        "x": 0.04338670149445534,
        "y": 0.019043268635869026,
        "z": 0.33120617270469666
      },
      "linear_velocity": {
        "x": -0.9032650589942932,
        "y": -1.1515040397644043,
        "z": -0.050331197679042816
      },
      "angular_velocity": {
        "x": 0.07083114236593246,
        "y": -0.1336238980293274,
        "z": 0.00037178967613726854
      }
    },
    "imu": {
      "timestamp_ns": 1767407603933366700,
      "linear_acceleration": {
        "x": -0.004050642251968384,
        "y": 0.015589654445648193,
        "z": -9.93057918548584
      },
      "angular_velocity": {
        "x": 0.07083114236593246,
        "y": -0.1336238980293274,
        "z": 0.00037178967613726854
      },
      "orientation": {
        "w": 0.9423560500144958,
        "x": 0.044916264712810516,
        "y": 0.017662154510617256,
        "z": 0.3311128318309784
      }
    },
    "battery_percent": 86.65180949295684,
    "landed_state": "flying",
    "latency_ms": 1115.874300005089
  },
  "files": {
    "rgb": "data\\maps\\sequence_normal_ops_001_preflight_charlie_20260102_213148\\frames\\1767407603055687900.png",
    "depth": "data\\maps\\sequence_normal_ops_001_preflight_charlie_20260102_213148\\frames\\1767407603055687900_depth.npy"
  }
}