{
  "frame_id": "1767407645633412300",
  "sequence": 13,
  "timestamp": "2026-01-02T21:34:05.633412",
  "timestamp_ns": 1767407645633412300,
  "camera": {
    "name": "front_center",
    "resolution": [
      1920,
      1080
    ],
    "fov_deg": 89.90362548828125,
    "intrinsics": {
      "fx": 961.6161300315734,
      "fy": 961.6161300315734,
      "cx": 960.0,
      "cy": 540.0
    },
    "pose": {
      "position": {
        "x": 68.7723388671875,
        "y": 61.50068664550781,
        "z": -19.939151763916016
      },
      "orientation": {
        "w": 0.9397069811820984,
        "x": 0.01264291349798441,
        "y": -0.060289427638053894,
        "z": 0.33638688921928406
      }
    }
  },
  "telemetry": {
    "sequence": 14,
    "server_timestamp_ms": 1767407646923.0115,
    "airsim_timestamp_ns": 1767407646923011700,
    "pose": {
      "timestamp_ns": 1767407646923011700,
      "position": {
        "x": 68.3910903930664,
        "y": 61.05740737915039,
        "z": -19.545156478881836
      },
      "orientation": {
        "w": 0.9404991865158081,
        "x": -0.01740509644150734,
        "y": 0.05494453012943268,
        "z": 0.334872305393219
      },
      "linear_velocity": {
        "x": -0.2879299819469452,
        "y": -1.1955276727676392,
        "z": 0.14466236531734467
      },
      "angular_velocity": {
        "x": 0.14712533354759216,
        "y": -0.16448968648910522,
        "z": 0.0005285351071506739
      }
    },
    "imu": {
      "timestamp_ns": 1767407646360612600,
      "linear_acceleration": {
        "x": -0.007075637578964233,
        "y": 0.023858219385147095,
        "z": -10.297369956970215
      },
      "angular_velocity": {
        "x": 0.14712533354759216,
        "y": -0.16448968648910522,
        "z": 0.0005285351071506739
      },
      "orientation": {
        "w": 0.940682053565979,
        "x": -0.014206528663635254,
        "y": 0.05319339036941528,
        "z": 0.33479228615760803
      }
    },
    "battery_percent": 79.97294211053801,
    "landed_state": "flying",
    "latency_ms": 1194.2985999994562
  },
  "files": {
    "rgb": "data\\maps\\sequence_normal_ops_001_preflight_charlie_20260102_213148\\frames\\1767407645633412300.png",
    "depth": "data\\maps\\sequence_normal_ops_001_preflight_charlie_20260102_213148\\frames\\1767407645633412300_depth.npy"
  }
}