{
  "frame_id": "1767407678492085500",
  "sequence": 19,
  "timestamp": "2026-01-02T21:34:38.492085",
  "timestamp_ns": 1767407678492085500,
  "camera": {
    "name": "front_center",
    "resolution": [
      1920,
      1080
    ],
    "fov_deg": 89.90362548828125,
    "intrinsics": {
      "fx": 961.6161300315734,
      "fy": 961.6161300315734,
      "cx": 960.0,
      "cy": 540.0
    },
    "pose": {
      "position": {
        "x": 102.0572509765625,
        "y": 91.66757202148438,
        "z": -20.004037857055664
      },
      "orientation": {
        "w": 0.9318562150001526,
        "x": 0.02177625708281994,
        "y": -0.06405015289783478,
        "z": 0.35646504163742065
      }
    }
  },
  "telemetry": {
    "sequence": 20,
    "server_timestamp_ms": 1767407678910.3398,
    "airsim_timestamp_ns": 1767407678910339900,
    "pose": {
      "timestamp_ns": 1767407678910339900,
      "position": {
        "x": 101.71473693847656,
        "y": 91.36328125,
        "z": -19.64336395263672
      },
      "orientation": {
        "w": 0.9322443008422852,
        "x": -0.02493806555867195,
        "y": 0.0581294484436512,
        "z": 0.3562577962875366
      },
      "linear_velocity": {
        "x": -0.11496984213590622,
        "y": -1.111304521560669,
        "z": 0.18307383358478546
      },
      "angular_velocity": {
        "x": 0.1374359279870987,
        "y": -0.15868839621543884,
        "z": 0.00043790339259430766
      }
    },
    "imu": {
      "timestamp_ns": 1767407678843468700,
      "linear_acceleration": {
        "x": -0.007543832063674927,
        "y": 0.02645564079284668,
        "z": -10.293627738952637
      },
      "angular_velocity": {
        "x": 0.1374359279870987,
        "y": -0.15868839621543884,
        "z": 0.00043790339259430766
      },
      "orientation": {
        "w": 0.9322630167007446,
        "x": -0.02466120384633541,
        "y": 0.05798095464706421,
        "z": 0.35625237226486206
      }
    },
    "battery_percent": 75.01873550313854,
    "landed_state": "flying",
    "latency_ms": 417.2182000038447
  },
  "files": {
    "rgb": "data\\maps\\sequence_normal_ops_001_preflight_charlie_20260102_213148\\frames\\1767407678492085500.png",
    "depth": "data\\maps\\sequence_normal_ops_001_preflight_charlie_20260102_213148\\frames\\1767407678492085500_depth.npy"
  }
}