{
  "frame_id": "1767407635598404600",
  "sequence": 11,
  "timestamp": "2026-01-02T21:33:55.598404",
  "timestamp_ns": 1767407635598404600,
  "camera": {
    "name": "front_center",
    "resolution": [
      1920,
      1080
    ],
    "fov_deg": 89.90362548828125,
    "intrinsics": {
      "fx": 961.6161300315734,
      "fy": 961.6161300315734,
      "cx": 960.0,
      "cy": 540.0
    },
    "pose": {
      "position": {
        "x": 57.25128936767578,
        "y": 50.37134552001953,
        "z": -19.84410858154297
      },
      "orientation": {
        "w": 0.9318603277206421,
        "x": 0.08825080096721649,
        "y": -0.10275891423225403,
        "z": 0.33658382296562195
      }
    }
  },
  "telemetry": {
    "sequence": 12,
    "server_timestamp_ms": 1767407636419.989,
    "airsim_timestamp_ns": 1767407636419989000,
    "pose": {
      "timestamp_ns": 1767407636419989000,
      "position": {
        "x": 56.69449234008789,
        "y": 49.79297637939453,
        "z": -19.55276107788086
      },
      "orientation": {
        "w": 0.9372122287750244,
        "x": 0.05324500426650047,
        "y": 0.009573377668857574,
        "z": 0.344538152217865
      },
      "linear_velocity": {
        "x": -0.9846006631851196,
        "y": -0.9989081621170044,
        "z": -0.051343850791454315
      },
      "angular_velocity": {
        "x": 0.03415477275848389,
        "y": -0.1155257523059845,
        "z": 0.0002252900885650888
      }
    },
    "imu": {
      "timestamp_ns": 1767407636213942700,
      "linear_acceleration": {
        "x": -0.003522053360939026,
        "y": 0.01316043734550476,
        "z": -9.850506782531738
      },
      "angular_velocity": {
        "x": 0.03415477275848389,
        "y": -0.1155257523059845,
        "z": 0.0002252900885650888
      },
      "orientation": {
        "w": 0.9372110366821289,
        "x": 0.05335315689444542,
        "y": 0.009428566321730614,
        "z": 0.3445287346839905
      }
    },
    "battery_percent": 81.59192763776676,
    "landed_state": "flying",
    "latency_ms": 789.3639999965671
  },
  "files": {
    "rgb": "data\\maps\\sequence_normal_ops_001_preflight_charlie_20260102_213148\\frames\\1767407635598404600.png",
    "depth": "data\\maps\\sequence_normal_ops_001_preflight_charlie_20260102_213148\\frames\\1767407635598404600_depth.npy"
  }
}