{
  "frame_id": "1767407592541793600",
  "sequence": 3,
  "timestamp": "2026-01-02T21:33:12.541793",
  "timestamp_ns": 1767407592541793600,
  "camera": {
    "name": "front_center",
    "resolution": [
      1920,
      1080
    ],
    "fov_deg": 89.90362548828125,
    "intrinsics": {
      "fx": 961.6161300315734,
      "fy": 961.6161300315734,
      "cx": 960.0,
      "cy": 540.0
    },
    "pose": {
      "position": {
        "x": 13.019688606262207,
        "y": 10.31461238861084,
        "z": -19.869543075561523
      },
      "orientation": {
        "w": 0.9269666075706482,
        "x": 0.07872279733419418,
        "y": -0.09105058759450912,
        "z": 0.3553103804588318
      }
    }
  },
  "telemetry": {
    "sequence": 4,
    "server_timestamp_ms": 1767407593569.2344,
    "airsim_timestamp_ns": 1767407593569234400,
    "pose": {
      "timestamp_ns": 1767407593569234400,
      "position": {
        "x": 12.36550235748291,
        "y": 9.499048233032227,
        "z": -19.569482803344727
      },
      "orientation": {
        "w": 0.9308741092681885,
        "x": 0.05224521830677986,
        "y": 0.014120685867965221,
        "z": 0.361309289932251
      },
      "linear_velocity": {
        "x": -0.9575821161270142,
        "y": -1.0930659770965576,
        "z": -0.049602609127759933
      },
      "angular_velocity": {
        "x": 0.03966912999749184,
        "y": -0.11418130993843079,
        "z": 0.00022888751118443906
      }
    },
    "imu": {
      "timestamp_ns": 1767407593334802000,
      "linear_acceleration": {
        "x": -0.003386959433555603,
        "y": 0.014860838651657104,
        "z": -9.859676361083984
      },
      "angular_velocity": {
        "x": 0.03966912999749184,
        "y": -0.11418130993843079,
        "z": 0.00022888751118443906
      },
      "orientation": {
        "w": 0.9308733344078064,
        "x": 0.052363138645887375,
        "y": 0.013982455246150494,
        "z": 0.3612998425960541
      }
    },
    "battery_percent": 88.33486057801812,
    "landed_state": "flying",
    "latency_ms": 1013.4201000037137
  },
  "files": {
    "rgb": "data\\maps\\sequence_normal_ops_001_preflight_charlie_20260102_213148\\frames\\1767407592541793600.png",
    "depth": "data\\maps\\sequence_normal_ops_001_preflight_charlie_20260102_213148\\frames\\1767407592541793600_depth.npy"
  }
}