{
  "frame_id": "1767408331474724900",
  "sequence": 2869,
  "timestamp": "2026-01-02T21:45:31.474724",
  "timestamp_ns": 1767408331474724900,
  "camera": {
    "name": "front_center",
    "resolution": [
      1920,
      1080
    ],
    "fov_deg": 89.90362548828125,
    "intrinsics": {
      "fx": 961.6161300315734,
      "fy": 961.6161300315734,
      "cx": 960.0,
      "cy": 540.0
    },
    "pose": {
      "position": {
        "x": 40.88459777832031,
        "y": 14.447668075561523,
        "z": -20.982542037963867
      },
      "orientation": {
        "w": 0.9848555326461792,
        "x": -0.006253166124224663,
        "y": 0.03278050199151039,
        "z": 0.17013508081436157
      }
    }
  },
  "telemetry": {
    "sequence": 2870,
    "server_timestamp_ms": 1767408331601.0615,
    "airsim_timestamp_ns": 1767408331601061700,
    "pose": {
      "timestamp_ns": 1767408331601061700,
      "position": {
        "x": 40.52979278564453,
        "y": 14.321844100952148,
        "z": -20.537256240844727
      },
      "orientation": {
        "w": 0.9721512198448181,
        "x": -0.02840675413608551,
        "y": 0.1610495001077652,
        "z": 0.16786335408687592
      },
      "linear_velocity": {
        "x": 2.745161294937134,
        "y": 0.8977969288825989,
        "z": -0.7584028244018555
      },
      "angular_velocity": {
        "x": -0.04992716759443283,
        "y": 0.42691460251808167,
        "z": 0.003029129933565855
      }
    },
    "imu": {
      "timestamp_ns": 1767408331589436600,
      "linear_acceleration": {
        "x": -0.13139608502388,
        "y": 0.005781739950180054,
        "z": -10.521808624267578
      },
      "angular_velocity": {
        "x": -0.04992716759443283,
        "y": 0.42691460251808167,
        "z": 0.003029129933565855
      },
      "orientation": {
        "w": 0.972022294998169,
        "x": -0.028622381389141083,
        "y": 0.16179069876670837,
        "z": 0.16786080598831177
      }
    },
    "battery_percent": 93.82850143091179,
    "landed_state": "flying",
    "latency_ms": 125.09339999814983
  },
  "files": {
    "rgb": "data\\maps\\sequence_patrol_recharge_001_preflight_20260102_214451\\frames\\1767408331474724900.png",
    "depth": "data\\maps\\sequence_patrol_recharge_001_preflight_20260102_214451\\frames\\1767408331474724900_depth.npy"
  }
}