{
  "frame_id": "1767408316590876400",
  "sequence": 2192,
  "timestamp": "2026-01-02T21:45:16.590876",
  "timestamp_ns": 1767408316590876400,
  "camera": {
    "name": "front_center",
    "resolution": [
      1920,
      1080
    ],
    "fov_deg": 89.90362548828125,
    "intrinsics": {
      "fx": 961.6161300315734,
      "fy": 961.6161300315734,
      "cx": 960.0,
      "cy": 540.0
    },
    "pose": {
      "position": {
        "x": 0.4648198187351227,
        "y": -0.013944728299975395,
        "z": -20.57549285888672
      },
      "orientation": {
        "w": 0.9912586212158203,
        "x": -0.0018651641439646482,
        "y": -0.13117358088493347,
        "z": -0.014014830812811852
      }
    }
  },
  "telemetry": {
    "sequence": 2193,
    "server_timestamp_ms": 1767408316690.7422,
    "airsim_timestamp_ns": 1767408316690742200,
    "pose": {
      "timestamp_ns": 1767408316690742200,
      "position": {
        "x": -0.0353793241083622,
        "y": 0.00020982002024538815,
        "z": -20.276159286499023
      },
      "orientation": {
        "w": 0.9998998045921326,
        "x": -1.9904839064111002e-05,
        "y": -0.0006661667721346021,
        "z": -0.014138384722173214
      },
      "linear_velocity": {
        "x": 0.013589183799922466,
        "y": 0.00019090315618086606,
        "z": -2.684814929962158
      },
      "angular_velocity": {
        "x": -0.00033519769203849137,
        "y": 0.01599758118391037,
        "z": 1.6595942724961787e-05
      }
    },
    "imu": {
      "timestamp_ns": 1767408316688303500,
      "linear_acceleration": {
        "x": -0.0260707288980484,
        "y": 3.988716343883425e-06,
        "z": -3.9803290367126465
      },
      "angular_velocity": {
        "x": -0.00033519769203849137,
        "y": 0.01599758118391037,
        "z": 1.6595942724961787e-05
      },
      "orientation": {
        "w": 0.9998999238014221,
        "x": -2.0612435037037358e-05,
        "y": -0.0005687823286280036,
        "z": -0.01413828507065773
      }
    },
    "battery_percent": 97.71414271778477,
    "landed_state": "flying",
    "latency_ms": 98.83489999629091
  },
  "files": {
    "rgb": "data\\maps\\sequence_patrol_recharge_001_preflight_20260102_214451\\frames\\1767408316590876400.png",
    "depth": "data\\maps\\sequence_patrol_recharge_001_preflight_20260102_214451\\frames\\1767408316590876400_depth.npy"
  }
}