{
  "frame_id": "1767408341520837800",
  "sequence": 3328,
  "timestamp": "2026-01-02T21:45:41.520837",
  "timestamp_ns": 1767408341520837800,
  "camera": {
    "name": "front_center",
    "resolution": [
      1920,
      1080
    ],
    "fov_deg": 89.90362548828125,
    "intrinsics": {
      "fx": 961.6161300315734,
      "fy": 961.6161300315734,
      "cx": 960.0,
      "cy": 540.0
    },
    "pose": {
      "position": {
        "x": 67.64835357666016,
        "y": 23.886184692382812,
        "z": -21.028812408447266
      },
      "orientation": {
        "w": 0.9843813180923462,
        "x": -0.008527565747499466,
        "y": 0.040254928171634674,
        "z": 0.17117320001125336
      }
    }
  },
  "telemetry": {
    "sequence": 3329,
    "server_timestamp_ms": 1767408341625.157,
    "airsim_timestamp_ns": 1767408341625156900,
    "pose": {
      "timestamp_ns": 1767408341625156900,
      "position": {
        "x": 67.30010223388672,
        "y": 23.762685775756836,
        "z": -20.577739715576172
      },
      "orientation": {
        "w": 0.9707054495811462,
        "x": -0.030797196552157402,
        "y": 0.16839808225631714,
        "z": 0.16859571635723114
      },
      "linear_velocity": {
        "x": 2.600708246231079,
        "y": 0.844681441783905,
        "z": -0.7453920841217041
      },
      "angular_velocity": {
        "x": -0.06785137206315994,
        "y": 0.31700748205184937,
        "z": 0.0029090847820043564
      }
    },
    "imu": {
      "timestamp_ns": 1767408341624297300,
      "linear_acceleration": {
        "x": -0.12826332449913025,
        "y": 0.006016343832015991,
        "z": -9.860809326171875
      },
      "angular_velocity": {
        "x": -0.06785137206315994,
        "y": 0.31700748205184937,
        "z": 0.0029090847820043564
      },
      "orientation": {
        "w": 0.9706206321716309,
        "x": -0.030974995344877243,
        "y": 0.16884750127792358,
        "z": 0.1686020940542221
      }
    },
    "battery_percent": 91.24405293387014,
    "landed_state": "flying",
    "latency_ms": 104.35309999593301
  },
  "files": {
    "rgb": "data\\maps\\sequence_patrol_recharge_001_preflight_20260102_214451\\frames\\1767408341520837800.png",
    "depth": "data\\maps\\sequence_patrol_recharge_001_preflight_20260102_214451\\frames\\1767408341520837800_depth.npy"
  }
}