{
  "frame_id": "1767408326509815100",
  "sequence": 2644,
  "timestamp": "2026-01-02T21:45:26.509815",
  "timestamp_ns": 1767408326509815100,
  "camera": {
    "name": "front_center",
    "resolution": [
      1920,
      1080
    ],
    "fov_deg": 89.90362548828125,
    "intrinsics": {
      "fx": 961.6161300315734,
      "fy": 961.6161300315734,
      "cx": 960.0,
      "cy": 540.0
    },
    "pose": {
      "position": {
        "x": 27.08055877685547,
        "y": 9.580676078796387,
        "z": -20.848155975341797
      },
      "orientation": {
        "w": 0.9843735098838806,
        "x": 0.004101409576833248,
        "y": -0.043915532529354095,
        "z": 0.17047998309135437
      }
    }
  },
  "telemetry": {
    "sequence": 2645,
    "server_timestamp_ms": 1767408326632.6375,
    "airsim_timestamp_ns": 1767408326632637400,
    "pose": {
      "timestamp_ns": 1767408326632637400,
      "position": {
        "x": 26.664709091186523,
        "y": 9.435123443603516,
        "z": -20.466211318969727
      },
      "orientation": {
        "w": 0.981684148311615,
        "x": -0.018185783177614212,
        "y": 0.08494669944047928,
        "z": 0.1695568561553955
      },
      "linear_velocity": {
        "x": 3.3599166870117188,
        "y": 1.124146580696106,
        "z": -0.15562021732330322
      },
      "angular_velocity": {
        "x": -0.004342660773545504,
        "y": 1.534151554107666,
        "z": 0.00011129214544780552
      }
    },
    "imu": {
      "timestamp_ns": 1767408326632339600,
      "linear_acceleration": {
        "x": -0.11568400263786316,
        "y": 0.0040396153926849365,
        "z": -15.162653923034668
      },
      "angular_velocity": {
        "x": -0.004342660773545504,
        "y": 1.534151554107666,
        "z": 0.00011129214544780552
      },
      "orientation": {
        "w": 0.9812502264976501,
        "x": -0.019031599164009094,
        "y": 0.08981850743293762,
        "z": 0.16946521401405334
      }
    },
    "battery_percent": 95.12584841874138,
    "landed_state": "flying",
    "latency_ms": 122.7251999953296
  },
  "files": {
    "rgb": "data\\maps\\sequence_patrol_recharge_001_preflight_20260102_214451\\frames\\1767408326509815100.png",
    "depth": "data\\maps\\sequence_patrol_recharge_001_preflight_20260102_214451\\frames\\1767408326509815100_depth.npy"
  }
}