{
  "frame_id": "1767408321517472900",
  "sequence": 2416,
  "timestamp": "2026-01-02T21:45:21.517472",
  "timestamp_ns": 1767408321517472900,
  "camera": {
    "name": "front_center",
    "resolution": [
      1920,
      1080
    ],
    "fov_deg": 89.90362548828125,
    "intrinsics": {
      "fx": 961.6161300315734,
      "fy": 961.6161300315734,
      "cx": 960.0,
      "cy": 540.0
    },
    "pose": {
      "position": {
        "x": 12.940828323364258,
        "y": 4.574484825134277,
        "z": -20.83359146118164
      },
      "orientation": {
        "w": 0.983197033405304,
        "x": 0.010980071499943733,
        "y": -0.06990384310483932,
        "z": 0.16827493906021118
      }
    }
  },
  "telemetry": {
    "sequence": 2417,
    "server_timestamp_ms": 1767408321641.5867,
    "airsim_timestamp_ns": 1767408321641586800,
    "pose": {
      "timestamp_ns": 1767408321641586800,
      "position": {
        "x": 12.506354331970215,
        "y": 4.42207670211792,
        "z": -20.475814819335938
      },
      "orientation": {
        "w": 0.9839099645614624,
        "x": -0.011078152805566788,
        "y": 0.059027161449193954,
        "z": 0.16826851665973663
      },
      "linear_velocity": {
        "x": 3.4813361167907715,
        "y": 1.22694993019104,
        "z": -0.01391606219112873
      },
      "angular_velocity": {
        "x": -0.0635608658194542,
        "y": 2.0150742530822754,
        "z": 0.0008941239211708307
      }
    },
    "imu": {
      "timestamp_ns": 1767408321641821700,
      "linear_acceleration": {
        "x": -0.11126083135604858,
        "y": 0.006000041961669922,
        "z": -14.976698875427246
      },
      "angular_velocity": {
        "x": -0.06468655169010162,
        "y": 1.9103144407272339,
        "z": 0.0009208775009028614
      },
      "orientation": {
        "w": 0.9835156798362732,
        "x": -0.012333394959568977,
        "y": 0.06519444286823273,
        "z": 0.16820980608463287
      }
    },
    "battery_percent": 96.43535499832231,
    "landed_state": "flying",
    "latency_ms": 124.42050000390736
  },
  "files": {
    "rgb": "data\\maps\\sequence_patrol_recharge_001_preflight_20260102_214451\\frames\\1767408321517472900.png",
    "depth": "data\\maps\\sequence_patrol_recharge_001_preflight_20260102_214451\\frames\\1767408321517472900_depth.npy"
  }
}