{
  "frame_id": "1767408336474683900",
  "sequence": 3096,
  "timestamp": "2026-01-02T21:45:36.474683",
  "timestamp_ns": 1767408336474683900,
  "camera": {
    "name": "front_center",
    "resolution": [
      1920,
      1080
    ],
    "fov_deg": 89.90362548828125,
    "intrinsics": {
      "fx": 961.6161300315734,
      "fy": 961.6161300315734,
      "cx": 960.0,
      "cy": 540.0
    },
    "pose": {
      "position": {
        "x": 54.25838851928711,
        "y": 19.163341522216797,
        "z": -21.0106201171875
      },
      "orientation": {
        "w": 0.9846397042274475,
        "x": -0.00801226869225502,
        "y": 0.03671601787209511,
        "z": 0.17050635814666748
      }
    }
  },
  "telemetry": {
    "sequence": 3097,
    "server_timestamp_ms": 1767408336570.8071,
    "airsim_timestamp_ns": 1767408336570807300,
    "pose": {
      "timestamp_ns": 1767408336570807300,
      "position": {
        "x": 53.90689468383789,
        "y": 19.039348602294922,
        "z": -20.562204360961914
      },
      "orientation": {
        "w": 0.9714235663414001,
        "x": -0.030199268832802773,
        "y": 0.16492317616939545,
        "z": 0.16800184547901154
      },
      "linear_velocity": {
        "x": 2.6629884243011475,
        "y": 0.8680527210235596,
        "z": -0.7528935074806213
      },
      "angular_velocity": {
        "x": -0.06258686631917953,
        "y": 0.3809044063091278,
        "z": 0.0025607096031308174
      }
    },
    "imu": {
      "timestamp_ns": 1767408336571251400,
      "linear_acceleration": {
        "x": -0.1296614110469818,
        "y": 0.005903750658035278,
        "z": -10.213560104370117
      },
      "angular_velocity": {
        "x": -0.06417114287614822,
        "y": 0.3733927607536316,
        "z": 0.0025367606431245804
      },
      "orientation": {
        "w": 0.9709162712097168,
        "x": -0.031131353229284286,
        "y": 0.16770975291728973,
        "z": 0.16800585389137268
      }
    },
    "battery_percent": 92.54384633042548,
    "landed_state": "flying",
    "latency_ms": 96.69999999459833
  },
  "files": {
    "rgb": "data\\maps\\sequence_patrol_recharge_001_preflight_20260102_214451\\frames\\1767408336474683900.png",
    "depth": "data\\maps\\sequence_patrol_recharge_001_preflight_20260102_214451\\frames\\1767408336474683900_depth.npy"
  }
}