{
  "frame_id": "1767376695759568400",
  "sequence": 50,
  "timestamp": "2026-01-02T12:58:15.759568",
  "timestamp_ns": 1767376695759568400,
  "camera": {
    "name": "front_center",
    "resolution": [
      1280,
      720
    ],
    "fov_deg": 89.90362548828125,
    "intrinsics": {
      "fx": 641.077420021049,
      "fy": 641.077420021049,
      "cx": 640.0,
      "cy": 360.0
    },
    "pose": {
      "position": {
        "x": 20.47568702697754,
        "y": 8.40744686126709,
        "z": -24.614809036254883
      },
      "orientation": {
        "w": 0.06220274046063423,
        "x": 0.08205971121788025,
        "y": -0.005181542597711086,
        "z": 0.9946708679199219
      }
    }
  },
  "telemetry": {
    "sequence": 51,
    "server_timestamp_ms": 1767376707863.8726,
    "airsim_timestamp_ns": 1767376707863872400,
    "pose": {
      "timestamp_ns": 1767376707863872400,
      "position": {
        "x": 20.722440719604492,
        "y": 8.376283645629883,
        "z": -24.512468338012695
      },
      "orientation": {
        "w": 0.06071128323674202,
        "x": -0.004678963217884302,
        "y": 0.0001849980908446014,
        "z": 0.9981443881988525
      },
      "linear_velocity": {
        "x": -0.025566795840859413,
        "y": -0.010755827650427818,
        "z": -0.010514311492443085
      },
      "angular_velocity": {
        "x": -0.010794657282531261,
        "y": -0.04196549579501152,
        "z": 0.2780470848083496
      }
    },
    "imu": {
      "timestamp_ns": 1767376696063445760,
      "linear_acceleration": {
        "x": 0.15728989243507385,
        "y": 0.0026923827826976776,
        "z": -9.753984451293945
      },
      "angular_velocity": {
        "x": -0.010794657282531261,
        "y": -0.04196549579501152,
        "z": 0.2780470848083496
      },
      "orientation": {
        "w": -0.06071128323674202,
        "x": 0.004678963217884302,
        "y": -0.0001849980908446014,
        "z": -0.9981443881988525
      }
    },
    "battery_percent": 89.5599805396049,
    "landed_state": "flying",
    "latency_ms": 12094.47629999886
  },
  "files": {
    "rgb": "data\\maps\\sequence_weather_001_preflight_20260102_125751\\frames\\1767376695759568400.png",
    "depth": "data\\maps\\sequence_weather_001_preflight_20260102_125751\\frames\\1767376695759568400_depth.npy"
  }
}