{
  "frame_id": "1767375678935916400",
  "sequence": 15,
  "timestamp": "2026-01-02T12:41:18.935916",
  "timestamp_ns": 1767375678935916400,
  "camera": {
    "name": "front_center",
    "resolution": [
      1280,
      720
    ],
    "fov_deg": 89.90362548828125,
    "intrinsics": {
      "fx": 641.077420021049,
      "fy": 641.077420021049,
      "cx": 640.0,
      "cy": 360.0
    },
    "pose": {
      "position": {
        "x": 6.106467247009277,
        "y": -0.2646315097808838,
        "z": -19.91515350341797
      },
      "orientation": {
        "w": 0.9524826407432556,
        "x": -0.013918347656726837,
        "y": -0.08800215274095535,
        "z": -0.29127082228660583
      }
    }
  },
  "telemetry": {
    "sequence": 16,
    "server_timestamp_ms": 1767375679269.593,
    "airsim_timestamp_ns": 1767375679269593200,
    "pose": {
      "timestamp_ns": 1767375679268591600,
      "position": {
        "x": 5.897366046905518,
        "y": -0.12718306481838226,
        "z": -19.815731048583984
      },
      "orientation": {
        "w": 0.9565280675888062,
        "x": 0.01152054127305746,
        "y": -0.004652941133826971,
        "z": -0.2913755178451538
      },
      "linear_velocity": {
        "x": 0.15529471635818481,
        "y": 0.14464424550533295,
        "z": 0.7195978164672852
      },
      "angular_velocity": {
        "x": -0.3210674524307251,
        "y": 0.06784066557884216,
        "z": 0.15574467182159424
      }
    },
    "imu": {
      "timestamp_ns": 1767375664677324032,
      "linear_acceleration": {
        "x": -0.010692767798900604,
        "y": -0.05202885717153549,
        "z": -15.717242240905762
      },
      "angular_velocity": {
        "x": -0.3210674524307251,
        "y": 0.06784066557884216,
        "z": 0.15574467182159424
      },
      "orientation": {
        "w": 0.956753671169281,
        "x": 0.010122901760041714,
        "y": -0.003911488689482212,
        "z": -0.29069674015045166
      }
    },
    "battery_percent": 98.09488270497198,
    "landed_state": "flying",
    "latency_ms": 192.47100000029604
  },
  "files": {
    "rgb": "data\\maps\\sequence_showcase_001_preflight_20260102_124055\\frames\\1767375678935916400.png",
    "depth": "data\\maps\\sequence_showcase_001_preflight_20260102_124055\\frames\\1767375678935916400_depth.npy"
  }
}