{
  "frame_id": "1767405957008080700",
  "sequence": 308,
  "timestamp": "2026-01-02T21:05:57.008080",
  "timestamp_ns": 1767405957008080700,
  "camera": {
    "name": "front_center",
    "resolution": [
      1920,
      1080
    ],
    "fov_deg": 89.90362548828125,
    "intrinsics": {
      "fx": 961.6161300315734,
      "fy": 961.6161300315734,
      "cx": 960.0,
      "cy": 540.0
    },
    "pose": {
      "position": {
        "x": 26.04669761657715,
        "y": 21.450481414794922,
        "z": -21.06929588317871
      },
      "orientation": {
        "w": 0.8980313539505005,
        "x": -0.021661795675754547,
        "y": 0.029356669634580612,
        "z": 0.4384160339832306
      }
    }
  },
  "telemetry": {
    "sequence": 309,
    "server_timestamp_ms": 1767405957220.0388,
    "airsim_timestamp_ns": 1767405957220038800,
    "pose": {
      "timestamp_ns": 1767405957220038800,
      "position": {
        "x": 25.812030792236328,
        "y": 21.158939361572266,
        "z": -20.622156143188477
      },
      "orientation": {
        "w": 0.8865167498588562,
        "x": -0.07870125025510788,
        "y": 0.1463221311569214,
        "z": 0.43183788657188416
      },
      "linear_velocity": {
        "x": 1.7582496404647827,
        "y": 2.181487798690796,
        "z": -0.7438132762908936
      },
      "angular_velocity": {
        "x": -0.1477741003036499,
        "y": 0.20468223094940186,
        "z": 0.001622653566300869
      }
    },
    "imu": {
      "timestamp_ns": 1767405957205388400,
      "linear_acceleration": {
        "x": -0.1012495756149292,
        "y": 0.022669583559036255,
        "z": -9.743963241577148
      },
      "angular_velocity": {
        "x": -0.1477741003036499,
        "y": 0.20468223094940186,
        "z": 0.001622653566300869
      },
      "orientation": {
        "w": 0.8863186836242676,
        "x": -0.0797017440199852,
        "y": 0.1469050645828247,
        "z": 0.43186306953430176
      }
    },
    "battery_percent": 88.59242938658474,
    "landed_state": "flying",
    "latency_ms": 211.72029999434017
  },
  "files": {
    "rgb": "data\\maps\\sequence_normal_ops_001_preflight_20260102_210505\\frames\\1767405957008080700.png",
    "depth": "data\\maps\\sequence_normal_ops_001_preflight_20260102_210505\\frames\\1767405957008080700_depth.npy"
  }
}