{
  "frame_id": "1767405949604704700",
  "sequence": 306,
  "timestamp": "2026-01-02T21:05:49.604704",
  "timestamp_ns": 1767405949604704700,
  "camera": {
    "name": "front_center",
    "resolution": [
      1920,
      1080
    ],
    "fov_deg": 89.90362548828125,
    "intrinsics": {
      "fx": 961.6161300315734,
      "fy": 961.6161300315734,
      "cx": 960.0,
      "cy": 540.0
    },
    "pose": {
      "position": {
        "x": 17.280244827270508,
        "y": 9.876294136047363,
        "z": -20.572649002075195
      },
      "orientation": {
        "w": 0.997962474822998,
        "x": -0.0005058563547208905,
        "y": 0.04911622777581215,
        "z": -0.04072101041674614
      }
    }
  },
  "telemetry": {
    "sequence": 307,
    "server_timestamp_ms": 1767405949810.3538,
    "airsim_timestamp_ns": 1767405949810353600,
    "pose": {
      "timestamp_ns": 1767405949810353600,
      "position": {
        "x": 16.91933822631836,
        "y": 9.908002853393555,
        "z": -20.115766525268555
      },
      "orientation": {
        "w": 0.9830138087272644,
        "x": 0.0048136296682059765,
        "y": 0.1789562702178955,
        "z": -0.040438663214445114
      },
      "linear_velocity": {
        "x": 1.6992428302764893,
        "y": -0.00821319967508316,
        "z": -0.2982681393623352
      },
      "angular_velocity": {
        "x": -0.024125099182128906,
        "y": -0.017857316881418228,
        "z": -0.012836414389312267
      }
    },
    "imu": {
      "timestamp_ns": 1767405949809708900,
      "linear_acceleration": {
        "x": -0.08290614187717438,
        "y": 2.603977918624878e-05,
        "z": -8.711143493652344
      },
      "angular_velocity": {
        "x": -0.024125099182128906,
        "y": -0.017857316881418228,
        "z": -0.012836414389312267
      },
      "orientation": {
        "w": 0.9830281138420105,
        "x": 0.004554715007543564,
        "y": 0.17886781692504883,
        "z": -0.04051463305950165
      }
    },
    "battery_percent": 90.50612987796254,
    "landed_state": "flying",
    "latency_ms": 204.8168000037549
  },
  "files": {
    "rgb": "data\\maps\\sequence_normal_ops_001_preflight_20260102_210505\\frames\\1767405949604704700.png",
    "depth": "data\\maps\\sequence_normal_ops_001_preflight_20260102_210505\\frames\\1767405949604704700_depth.npy"
  }
}