{
  "frame_id": "1767407878839111300",
  "sequence": 1499,
  "timestamp": "2026-01-02T21:37:58.839111",
  "timestamp_ns": 1767407878839111300,
  "camera": {
    "name": "front_center",
    "resolution": [
      1920,
      1080
    ],
    "fov_deg": 89.90362548828125,
    "intrinsics": {
      "fx": 961.6161300315734,
      "fy": 961.6161300315734,
      "cx": 960.0,
      "cy": 540.0
    },
    "pose": {
      "position": {
        "x": 44.09324645996094,
        "y": 40.594154357910156,
        "z": -20.866003036499023
      },
      "orientation": {
        "w": 0.9102838039398193,
        "x": -0.0019418104784563184,
        "y": -0.019474126398563385,
        "z": 0.41352197527885437
      }
    }
  },
  "telemetry": {
    "sequence": 1500,
    "server_timestamp_ms": 1767407879023.7678,
    "airsim_timestamp_ns": 1767407879023767900,
    "pose": {
      "timestamp_ns": 1767407879023767900,
      "position": {
        "x": 43.81132125854492,
        "y": 40.283714294433594,
        "z": -20.460857391357422
      },
      "orientation": {
        "w": 0.905038058757782,
        "x": -0.05590064451098442,
        "y": 0.09950835257768631,
        "z": 0.4097307622432709
      },
      "linear_velocity": {
        "x": 2.393186330795288,
        "y": 2.628093957901001,
        "z": -0.34164267778396606
      },
      "angular_velocity": {
        "x": -0.07956672459840775,
        "y": 1.4537967443466187,
        "z": -0.0010593885090202093
      }
    },
    "imu": {
      "timestamp_ns": 1767407879022221200,
      "linear_acceleration": {
        "x": -0.0824441909790039,
        "y": 0.02107083797454834,
        "z": -15.679203033447266
      },
      "angular_velocity": {
        "x": -0.07956672459840775,
        "y": 1.4537967443466187,
        "z": -0.0010593885090202093
      },
      "orientation": {
        "w": 0.905038058757782,
        "x": -0.05590064451098442,
        "y": 0.09950835257768631,
        "z": 0.4097307622432709
      }
    },
    "battery_percent": 91.12724298538103,
    "landed_state": "flying",
    "latency_ms": 184.77510000229813
  },
  "files": {
    "rgb": "data\\maps\\sequence_normal_ops_001_preflight_20260102_213722\\frames\\1767407878839111300.png",
    "depth": "data\\maps\\sequence_normal_ops_001_preflight_20260102_213722\\frames\\1767407878839111300_depth.npy"
  }
}