{
  "frame_id": "1767407923350623400",
  "sequence": 3060,
  "timestamp": "2026-01-02T21:38:43.350623",
  "timestamp_ns": 1767407923350623400,
  "camera": {
    "name": "front_center",
    "resolution": [
      1920,
      1080
    ],
    "fov_deg": 89.90362548828125,
    "intrinsics": {
      "fx": 961.6161300315734,
      "fy": 961.6161300315734,
      "cx": 960.0,
      "cy": 540.0
    },
    "pose": {
      "position": {
        "x": 124.01866149902344,
        "y": 125.1065902709961,
        "z": -21.05548095703125
      },
      "orientation": {
        "w": 0.900687575340271,
        "x": -0.017529085278511047,
        "y": -0.036853156983852386,
        "z": 0.432546466588974
      }
    }
  },
  "telemetry": {
    "sequence": 3061,
    "server_timestamp_ms": 1767407923523.5671,
    "airsim_timestamp_ns": 1767407923523567200,
    "pose": {
      "timestamp_ns": 1767407923523567200,
      "position": {
        "x": 123.73193359375,
        "y": 124.79012298583984,
        "z": -20.658451080322266
      },
      "orientation": {
        "w": 0.897792398929596,
        "x": -0.0738377645611763,
        "y": 0.08102545142173767,
        "z": 0.4265579581260681
      },
      "linear_velocity": {
        "x": 0.6258898377418518,
        "y": -0.2725317180156708,
        "z": 0.321994811296463
      },
      "angular_velocity": {
        "x": 0.058062318712472916,
        "y": -0.16726957261562347,
        "z": 0.0001134066260419786
      }
    },
    "imu": {
      "timestamp_ns": 1767407923522713000,
      "linear_acceleration": {
        "x": -0.017233669757843018,
        "y": 0.033380597829818726,
        "z": -10.052984237670898
      },
      "angular_velocity": {
        "x": 0.058062318712472916,
        "y": -0.16726957261562347,
        "z": 0.0001134066260419786
      },
      "orientation": {
        "w": 0.8980545401573181,
        "x": -0.07201548665761948,
        "y": 0.0791080966591835,
        "z": 0.42667752504348755
      }
    },
    "battery_percent": 79.81123520083038,
    "landed_state": "flying",
    "latency_ms": 172.95040000317385
  },
  "files": {
    "rgb": "data\\maps\\sequence_normal_ops_001_preflight_20260102_213722\\frames\\1767407923350623400.png",
    "depth": "data\\maps\\sequence_normal_ops_001_preflight_20260102_213722\\frames\\1767407923350623400_depth.npy"
  }
}