{
  "frame_id": "1767407956626528500",
  "sequence": 4149,
  "timestamp": "2026-01-02T21:39:16.626528",
  "timestamp_ns": 1767407956626528500,
  "camera": {
    "name": "front_center",
    "resolution": [
      1920,
      1080
    ],
    "fov_deg": 89.90362548828125,
    "intrinsics": {
      "fx": 961.6161300315734,
      "fy": 961.6161300315734,
      "cx": 960.0,
      "cy": 540.0
    },
    "pose": {
      "position": {
        "x": 167.2763671875,
        "y": 158.59323120117188,
        "z": -20.395647048950195
      },
      "orientation": {
        "w": 0.9999740123748779,
        "x": 0.0007517767953686416,
        "y": -0.005875995848327875,
        "z": 0.004110955633223057
      }
    }
  },
  "telemetry": {
    "sequence": 4150,
    "server_timestamp_ms": 1767407956833.222,
    "airsim_timestamp_ns": 1767407956833221900,
    "pose": {
      "timestamp_ns": 1767407956833221900,
      "position": {
        "x": 166.8661651611328,
        "y": 158.58924865722656,
        "z": -19.98125457763672
      },
      "orientation": {
        "w": 0.9921860694885254,
        "x": 0.00020875786140095443,
        "y": 0.12469707429409027,
        "z": 0.004173912573605776
      },
      "linear_velocity": {
        "x": 2.337751865386963,
        "y": -0.0057767885737121105,
        "z": 0.22225257754325867
      },
      "angular_velocity": {
        "x": 0.009181365370750427,
        "y": 0.42542603611946106,
        "z": -5.681327820639126e-05
      }
    },
    "imu": {
      "timestamp_ns": 1767407956830827100,
      "linear_acceleration": {
        "x": -0.09111253917217255,
        "y": -0.0004493948072195053,
        "z": -16.575096130371094
      },
      "angular_velocity": {
        "x": 0.009181365370750427,
        "y": 0.42542603611946106,
        "z": -5.681327820639126e-05
      },
      "orientation": {
        "w": 0.9920229911804199,
        "x": 0.00023108505411073565,
        "y": 0.12598782777786255,
        "z": 0.004170522093772888
      }
    },
    "battery_percent": 71.56553414253773,
    "landed_state": "flying",
    "latency_ms": 206.1653999990085
  },
  "files": {
    "rgb": "data\\maps\\sequence_normal_ops_001_preflight_20260102_213722\\frames\\1767407956626528500.png",
    "depth": "data\\maps\\sequence_normal_ops_001_preflight_20260102_213722\\frames\\1767407956626528500_depth.npy"
  }
}