{
  "frame_id": "1767407855506845200",
  "sequence": 789,
  "timestamp": "2026-01-02T21:37:35.506845",
  "timestamp_ns": 1767407855506845200,
  "camera": {
    "name": "front_center",
    "resolution": [
      1920,
      1080
    ],
    "fov_deg": 89.90362548828125,
    "intrinsics": {
      "fx": 961.6161300315734,
      "fy": 961.6161300315734,
      "cx": 960.0,
      "cy": 540.0
    },
    "pose": {
      "position": {
        "x": 5.982135772705078,
        "y": 0.17153038084506989,
        "z": -20.13007164001465
      },
      "orientation": {
        "w": 0.708085298538208,
        "x": 0.01127550844103098,
        "y": -0.013557602651417255,
        "z": 0.7059066891670227
      }
    }
  },
  "telemetry": {
    "sequence": 790,
    "server_timestamp_ms": 1767407855687.5571,
    "airsim_timestamp_ns": 1767407855687557200,
    "pose": {
      "timestamp_ns": 1767407855687557200,
      "position": {
        "x": 5.97953462600708,
        "y": -0.24825212359428406,
        "z": -19.725379943847656
      },
      "orientation": {
        "w": 0.7037971615791321,
        "x": -0.08096027374267578,
        "y": 0.07898206263780594,
        "z": 0.7013393640518188
      },
      "linear_velocity": {
        "x": 0.016067039221525192,
        "y": 3.5199015140533447,
        "z": -0.4058106243610382
      },
      "angular_velocity": {
        "x": 0.018688635900616646,
        "y": 1.129836916923523,
        "z": -0.00023533850617241114
      }
    },
    "imu": {
      "timestamp_ns": 1767407855686659500,
      "linear_acceleration": {
        "x": -0.03293168544769287,
        "y": 0.02754688262939453,
        "z": -13.93477725982666
      },
      "angular_velocity": {
        "x": 0.018688635900616646,
        "y": 1.129836916923523,
        "z": -0.00023533850617241114
      },
      "orientation": {
        "w": 0.7036619782447815,
        "x": -0.0821535736322403,
        "y": 0.08021822571754456,
        "z": 0.7011958956718445
      }
    },
    "battery_percent": 96.94876479621782,
    "landed_state": "flying",
    "latency_ms": 180.15829999785637
  },
  "files": {
    "rgb": "data\\maps\\sequence_normal_ops_001_preflight_20260102_213722\\frames\\1767407855506845200.png",
    "depth": "data\\maps\\sequence_normal_ops_001_preflight_20260102_213722\\frames\\1767407855506845200_depth.npy"
  }
}