{
  "frame_id": "1767407970146927000",
  "sequence": 4517,
  "timestamp": "2026-01-02T21:39:30.146927",
  "timestamp_ns": 1767407970146927000,
  "camera": {
    "name": "front_center",
    "resolution": [
      1920,
      1080
    ],
    "fov_deg": 89.90362548828125,
    "intrinsics": {
      "fx": 961.6161300315734,
      "fy": 961.6161300315734,
      "cx": 960.0,
      "cy": 540.0
    },
    "pose": {
      "position": {
        "x": 190.38839721679688,
        "y": 177.45510864257812,
        "z": -21.236473083496094
      },
      "orientation": {
        "w": 0.9382489919662476,
        "x": -0.03537173569202423,
        "y": 0.0216521043330431,
        "z": 0.3434658944606781
      }
    }
  },
  "telemetry": {
    "sequence": 4518,
    "server_timestamp_ms": 1767407970317.9915,
    "airsim_timestamp_ns": 1767407970317991300,
    "pose": {
      "timestamp_ns": 1767407970317991300,
      "position": {
        "x": 190.0859375,
        "y": 177.22854614257812,
        "z": -20.79241180419922
      },
      "orientation": {
        "w": 0.9273959994316101,
        "x": -0.07990042120218277,
        "y": 0.14393293857574463,
        "z": 0.3359105587005615
      },
      "linear_velocity": {
        "x": 1.2380173206329346,
        "y": 0.5865976810455322,
        "z": 0.023004667833447456
      },
      "angular_velocity": {
        "x": -0.06903412938117981,
        "y": -0.16517853736877441,
        "z": 0.0008450080640614033
      }
    },
    "imu": {
      "timestamp_ns": 1767407970316660000,
      "linear_acceleration": {
        "x": -0.052606821060180664,
        "y": 0.02095535397529602,
        "z": -8.887372970581055
      },
      "angular_velocity": {
        "x": -0.06903412938117981,
        "y": -0.16517853736877441,
        "z": 0.0008450080640614033
      },
      "orientation": {
        "w": 0.9274492263793945,
        "x": -0.07992883771657944,
        "y": 0.1434054672718048,
        "z": 0.3359825313091278
      }
    },
    "battery_percent": 68.30182924950508,
    "landed_state": "flying",
    "latency_ms": 169.81759999907808
  },
  "files": {
    "rgb": "data\\maps\\sequence_normal_ops_001_preflight_20260102_213722\\frames\\1767407970146927000.png",
    "depth": "data\\maps\\sequence_normal_ops_001_preflight_20260102_213722\\frames\\1767407970146927000_depth.npy"
  }
}