{
  "frame_id": "1767407975113152700",
  "sequence": 4675,
  "timestamp": "2026-01-02T21:39:35.113152",
  "timestamp_ns": 1767407975113152700,
  "camera": {
    "name": "front_center",
    "resolution": [
      1920,
      1080
    ],
    "fov_deg": 89.90362548828125,
    "intrinsics": {
      "fx": 961.6161300315734,
      "fy": 961.6161300315734,
      "cx": 960.0,
      "cy": 540.0
    },
    "pose": {
      "position": {
        "x": 200.14410400390625,
        "y": 185.38092041015625,
        "z": -20.889862060546875
      },
      "orientation": {
        "w": 0.9383960962295532,
        "x": -0.008657477796077728,
        "y": 0.0002872047189157456,
        "z": 0.3454528748989105
      }
    }
  },
  "telemetry": {
    "sequence": 4676,
    "server_timestamp_ms": 1767407975336.1536,
    "airsim_timestamp_ns": 1767407975336153500,
    "pose": {
      "timestamp_ns": 1767407975336153500,
      "position": {
        "x": 199.83323669433594,
        "y": 185.12503051757812,
        "z": -20.468095779418945
      },
      "orientation": {
        "w": 0.9303305149078369,
        "x": -0.053674060851335526,
        "y": 0.12277001887559891,
        "z": 0.3413674533367157
      },
      "linear_velocity": {
        "x": 2.6534106731414795,
        "y": 2.049985647201538,
        "z": -0.5165069699287415
      },
      "angular_velocity": {
        "x": -0.039866842329502106,
        "y": 1.0706441402435303,
        "z": -0.0011234799167141318
      }
    },
    "imu": {
      "timestamp_ns": 1767407975334112300,
      "linear_acceleration": {
        "x": -0.10029065608978271,
        "y": 0.016689956188201904,
        "z": -16.065448760986328
      },
      "angular_velocity": {
        "x": -0.039866842329502106,
        "y": 1.0706441402435303,
        "z": -0.0011234799167141318
      },
      "orientation": {
        "w": 0.9299179911613464,
        "x": -0.05490267649292946,
        "y": 0.1257781684398651,
        "z": 0.34120094776153564
      }
    },
    "battery_percent": 67.02705679097632,
    "landed_state": "flying",
    "latency_ms": 208.34520000062184
  },
  "files": {
    "rgb": "data\\maps\\sequence_normal_ops_001_preflight_20260102_213722\\frames\\1767407975113152700.png",
    "depth": "data\\maps\\sequence_normal_ops_001_preflight_20260102_213722\\frames\\1767407975113152700_depth.npy"
  }
}