{
  "frame_id": "1767407922606744400",
  "sequence": 3037,
  "timestamp": "2026-01-02T21:38:42.606744",
  "timestamp_ns": 1767407922606744400,
  "camera": {
    "name": "front_center",
    "resolution": [
      1920,
      1080
    ],
    "fov_deg": 89.90362548828125,
    "intrinsics": {
      "fx": 961.6161300315734,
      "fy": 961.6161300315734,
      "cx": 960.0,
      "cy": 540.0
    },
    "pose": {
      "position": {
        "x": 123.24002075195312,
        "y": 124.64336395263672,
        "z": -21.184005737304688
      },
      "orientation": {
        "w": 0.9033718109130859,
        "x": -0.03275182843208313,
        "y": 0.027275511994957924,
        "z": 0.42673495411872864
      }
    }
  },
  "telemetry": {
    "sequence": 3038,
    "server_timestamp_ms": 1767407922778.6243,
    "airsim_timestamp_ns": 1767407922778624200,
    "pose": {
      "timestamp_ns": 1767407922778624200,
      "position": {
        "x": 122.99185943603516,
        "y": 124.36614990234375,
        "z": -20.73503875732422
      },
      "orientation": {
        "w": 0.8920831680297852,
        "x": -0.08817172050476074,
        "y": 0.1449558436870575,
        "z": 0.4188092052936554
      },
      "linear_velocity": {
        "x": 1.4974303245544434,
        "y": 1.427840232849121,
        "z": -0.35392332077026367
      },
      "angular_velocity": {
        "x": -0.13944727182388306,
        "y": -0.12781541049480438,
        "z": 0.0017316847806796432
      }
    },
    "imu": {
      "timestamp_ns": 1767407922778644200,
      "linear_acceleration": {
        "x": -0.07298481464385986,
        "y": 0.025961056351661682,
        "z": -8.344974517822266
      },
      "angular_velocity": {
        "x": -0.13944727182388306,
        "y": -0.12781541049480438,
        "z": 0.0017316847806796432
      },
      "orientation": {
        "w": 0.8920912146568298,
        "x": -0.08827856928110123,
        "y": 0.14469848573207855,
        "z": 0.41885867714881897
      }
    },
    "battery_percent": 79.970980187206,
    "landed_state": "flying",
    "latency_ms": 171.67950000293786
  },
  "files": {
    "rgb": "data\\maps\\sequence_normal_ops_001_preflight_20260102_213722\\frames\\1767407922606744400.png",
    "depth": "data\\maps\\sequence_normal_ops_001_preflight_20260102_213722\\frames\\1767407922606744400_depth.npy"
  }
}