{
  "frame_id": "1767407964147865200",
  "sequence": 4332,
  "timestamp": "2026-01-02T21:39:24.147865",
  "timestamp_ns": 1767407964147865200,
  "camera": {
    "name": "front_center",
    "resolution": [
      1920,
      1080
    ],
    "fov_deg": 89.90362548828125,
    "intrinsics": {
      "fx": 961.6161300315734,
      "fy": 961.6161300315734,
      "cx": 960.0,
      "cy": 540.0
    },
    "pose": {
      "position": {
        "x": 178.48374938964844,
        "y": 168.17967224121094,
        "z": -21.075294494628906
      },
      "orientation": {
        "w": 0.933316171169281,
        "x": -0.023812131956219673,
        "y": 0.03521743416786194,
        "z": 0.35652995109558105
      }
    }
  },
  "telemetry": {
    "sequence": 4333,
    "server_timestamp_ms": 1767407964348.5674,
    "airsim_timestamp_ns": 1767407964348567500,
    "pose": {
      "timestamp_ns": 1767407964348567500,
      "position": {
        "x": 178.2029266357422,
        "y": 167.93975830078125,
        "z": -20.624095916748047
      },
      "orientation": {
        "w": 0.9207347631454468,
        "x": -0.07014491409063339,
        "y": 0.15673835575580597,
        "z": 0.35037168860435486
      },
      "linear_velocity": {
        "x": 2.0105831623077393,
        "y": 1.7545838356018066,
        "z": -0.7198938727378845
      },
      "angular_velocity": {
        "x": -0.1711246520280838,
        "y": 0.176937535405159,
        "z": 0.0009940540185198188
      }
    },
    "imu": {
      "timestamp_ns": 1767407964347260700,
      "linear_acceleration": {
        "x": -0.10789167881011963,
        "y": 0.017805397510528564,
        "z": -9.407378196716309
      },
      "angular_velocity": {
        "x": -0.1711246520280838,
        "y": 0.176937535405159,
        "z": 0.0009940540185198188
      },
      "orientation": {
        "w": 0.9203432202339172,
        "x": -0.07216808199882507,
        "y": 0.1578443944454193,
        "z": 0.35049283504486084
      }
    },
    "battery_percent": 69.79376556023139,
    "landed_state": "flying",
    "latency_ms": 201.41349999903468
  },
  "files": {
    "rgb": "data\\maps\\sequence_normal_ops_001_preflight_20260102_213722\\frames\\1767407964147865200.png",
    "depth": "data\\maps\\sequence_normal_ops_001_preflight_20260102_213722\\frames\\1767407964147865200_depth.npy"
  }
}