{
  "frame_id": "1767407939981551900",
  "sequence": 3639,
  "timestamp": "2026-01-02T21:38:59.981551",
  "timestamp_ns": 1767407939981551900,
  "camera": {
    "name": "front_center",
    "resolution": [
      1920,
      1080
    ],
    "fov_deg": 89.90362548828125,
    "intrinsics": {
      "fx": 961.6161300315734,
      "fy": 961.6161300315734,
      "cx": 960.0,
      "cy": 540.0
    },
    "pose": {
      "position": {
        "x": 157.18809509277344,
        "y": 151.10145568847656,
        "z": -21.199922561645508
      },
      "orientation": {
        "w": 0.9367119669914246,
        "x": -0.035042401403188705,
        "y": 0.008317429572343826,
        "z": 0.3482435345649719
      }
    }
  },
  "telemetry": {
    "sequence": 3640,
    "server_timestamp_ms": 1767407940175.147,
    "airsim_timestamp_ns": 1767407940175147100,
    "pose": {
      "timestamp_ns": 1767407940174148100,
      "position": {
        "x": 156.90782165527344,
        "y": 150.87867736816406,
        "z": -20.76085090637207
      },
      "orientation": {
        "w": 0.9279133081436157,
        "x": -0.07978054881095886,
        "y": 0.12784691154956818,
        "z": 0.3409796357154846
      },
      "linear_velocity": {
        "x": 0.9862373471260071,
        "y": 0.34946393966674805,
        "z": 0.1735796332359314
      },
      "angular_velocity": {
        "x": -0.030855512246489525,
        "y": -0.17968690395355225,
        "z": 0.0003987829259131104
      }
    },
    "imu": {
      "timestamp_ns": 1767407940172210800,
      "linear_acceleration": {
        "x": -0.04121512174606323,
        "y": 0.021159112453460693,
        "z": -9.2855224609375
      },
      "angular_velocity": {
        "x": -0.030855512246489525,
        "y": -0.17968690395355225,
        "z": 0.0003987829259131104
      },
      "orientation": {
        "w": 0.9279133081436157,
        "x": -0.07978054881095886,
        "y": 0.12784691154956818,
        "z": 0.3409796357154846
      }
    },
    "battery_percent": 75.58293941419268,
    "landed_state": "flying",
    "latency_ms": 192.66259999858448
  },
  "files": {
    "rgb": "data\\maps\\sequence_normal_ops_001_preflight_20260102_213722\\frames\\1767407939981551900.png",
    "depth": "data\\maps\\sequence_normal_ops_001_preflight_20260102_213722\\frames\\1767407939981551900_depth.npy"
  }
}