{
  "frame_id": "1767407992086947800",
  "sequence": 5244,
  "timestamp": "2026-01-02T21:39:52.086947",
  "timestamp_ns": 1767407992086947800,
  "camera": {
    "name": "front_center",
    "resolution": [
      1920,
      1080
    ],
    "fov_deg": 89.90362548828125,
    "intrinsics": {
      "fx": 961.6161300315734,
      "fy": 961.6161300315734,
      "cx": 960.0,
      "cy": 540.0
    },
    "pose": {
      "position": {
        "x": 234.12852478027344,
        "y": 212.3873748779297,
        "z": -21.121150970458984
      },
      "orientation": {
        "w": 0.9286755323410034,
        "x": -0.02922557294368744,
        "y": 0.037179894745349884,
        "z": 0.36786583065986633
      }
    }
  },
  "telemetry": {
    "sequence": 5245,
    "server_timestamp_ms": 1767407992260.2012,
    "airsim_timestamp_ns": 1767407992260201100,
    "pose": {
      "timestamp_ns": 1767407992260201100,
      "position": {
        "x": 233.8539581298828,
        "y": 212.14553833007812,
        "z": -20.667133331298828
      },
      "orientation": {
        "w": 0.915877640247345,
        "x": -0.07699166983366013,
        "y": 0.15807829797267914,
        "z": 0.3609039783477783
      },
      "linear_velocity": {
        "x": 1.8284027576446533,
        "y": 1.5946296453475952,
        "z": -0.6087997555732727
      },
      "angular_velocity": {
        "x": -0.16931580007076263,
        "y": 0.025554291903972626,
        "z": 0.0009736736537888646
      }
    },
    "imu": {
      "timestamp_ns": 1767407992260812500,
      "linear_acceleration": {
        "x": -0.09667539596557617,
        "y": 0.0191878080368042,
        "z": -8.674894332885742
      },
      "angular_velocity": {
        "x": -0.16931580007076263,
        "y": 0.025554291903972626,
        "z": 0.0009736736537888646
      },
      "orientation": {
        "w": 0.915794312953949,
        "x": -0.07774138450622559,
        "y": 0.1579352170228958,
        "z": 0.3610174357891083
      }
    },
    "battery_percent": 62.696677948329544,
    "landed_state": "flying",
    "latency_ms": 173.5945000036736
  },
  "files": {
    "rgb": "data\\maps\\sequence_normal_ops_001_preflight_20260102_213722\\frames\\1767407992086947800.png",
    "depth": "data\\maps\\sequence_normal_ops_001_preflight_20260102_213722\\frames\\1767407992086947800_depth.npy"
  }
}