{
  "frame_id": "1767407868418875200",
  "sequence": 1156,
  "timestamp": "2026-01-02T21:37:48.418875",
  "timestamp_ns": 1767407868418875200,
  "camera": {
    "name": "front_center",
    "resolution": [
      1920,
      1080
    ],
    "fov_deg": 89.90362548828125,
    "intrinsics": {
      "fx": 961.6161300315734,
      "fy": 961.6161300315734,
      "cx": 960.0,
      "cy": 540.0
    },
    "pose": {
      "position": {
        "x": 25.900691986083984,
        "y": 21.251094818115234,
        "z": -20.976608276367188
      },
      "orientation": {
        "w": 0.9087440371513367,
        "x": -0.011630289256572723,
        "y": 0.01685519330203533,
        "z": 0.4168512523174286
      }
    }
  },
  "telemetry": {
    "sequence": 1157,
    "server_timestamp_ms": 1767407868621.9277,
    "airsim_timestamp_ns": 1767407868621927700,
    "pose": {
      "timestamp_ns": 1767407868621927700,
      "position": {
        "x": 25.645240783691406,
        "y": 20.958927154541016,
        "z": -20.541425704956055
      },
      "orientation": {
        "w": 0.8987695574760437,
        "x": -0.06594079732894897,
        "y": 0.13532589375972748,
        "z": 0.41176697611808777
      },
      "linear_velocity": {
        "x": 2.0989911556243896,
        "y": 2.1613495349884033,
        "z": -0.7376488447189331
      },
      "angular_velocity": {
        "x": -0.04599539935588837,
        "y": 0.464264839887619,
        "z": 0.0032903277315199375
      }
    },
    "imu": {
      "timestamp_ns": 1767407868621021900,
      "linear_acceleration": {
        "x": -0.10607409477233887,
        "y": 0.021764054894447327,
        "z": -11.382142066955566
      },
      "angular_velocity": {
        "x": -0.04599539935588837,
        "y": 0.464264839887619,
        "z": 0.0032903277315199375
      },
      "orientation": {
        "w": 0.8974573612213135,
        "x": -0.0701059103012085,
        "y": 0.14318862557411194,
        "z": 0.4112814962863922
      }
    },
    "battery_percent": 93.7504378286561,
    "landed_state": "flying",
    "latency_ms": 201.62379999965196
  },
  "files": {
    "rgb": "data\\maps\\sequence_normal_ops_001_preflight_20260102_213722\\frames\\1767407868418875200.png",
    "depth": "data\\maps\\sequence_normal_ops_001_preflight_20260102_213722\\frames\\1767407868418875200_depth.npy"
  }
}