{
  "frame_id": "1767408000543739400",
  "sequence": 5448,
  "timestamp": "2026-01-02T21:40:00.543739",
  "timestamp_ns": 1767408000543739400,
  "camera": {
    "name": "front_center",
    "resolution": [
      1920,
      1080
    ],
    "fov_deg": 89.90362548828125,
    "intrinsics": {
      "fx": 961.6161300315734,
      "fy": 961.6161300315734,
      "cx": 960.0,
      "cy": 540.0
    },
    "pose": {
      "position": {
        "x": 224.44703674316406,
        "y": 200.00140380859375,
        "z": -20.86821746826172
      },
      "orientation": {
        "w": 0.413980096578598,
        "x": -0.015727365389466286,
        "y": -0.0038042182568460703,
        "z": -0.9101421236991882
      }
    }
  },
  "telemetry": {
    "sequence": 5449,
    "server_timestamp_ms": 1767408000727.7053,
    "airsim_timestamp_ns": 1767408000727705400,
    "pose": {
      "timestamp_ns": 1767408000727705400,
      "position": {
        "x": 224.72390747070312,
        "y": 200.31515502929688,
        "z": -20.462129592895508
      },
      "orientation": {
        "w": 0.41093501448631287,
        "x": 0.10320457071065903,
        "y": 0.050263576209545135,
        "z": -0.9044085741043091
      },
      "linear_velocity": {
        "x": -2.44659161567688,
        "y": -2.736243724822998,
        "z": -0.3496847152709961
      },
      "angular_velocity": {
        "x": -0.16412930190563202,
        "y": 1.4930931329727173,
        "z": 0.0015422499272972345
      }
    },
    "imu": {
      "timestamp_ns": 1767408000726057900,
      "linear_acceleration": {
        "x": 0.034042298793792725,
        "y": -0.007513999938964844,
        "z": -15.597359657287598
      },
      "angular_velocity": {
        "x": -0.16412930190563202,
        "y": 1.4930931329727173,
        "z": 0.0015422499272972345
      },
      "orientation": {
        "w": 0.4107517898082733,
        "x": 0.10719728469848633,
        "y": 0.05260847136378288,
        "z": -0.9038938283920288
      }
    },
    "battery_percent": 60.7042317555092,
    "landed_state": "flying",
    "latency_ms": 182.09980000392534
  },
  "files": {
    "rgb": "data\\maps\\sequence_normal_ops_001_preflight_20260102_213722\\frames\\1767408000543739400.png",
    "depth": "data\\maps\\sequence_normal_ops_001_preflight_20260102_213722\\frames\\1767408000543739400_depth.npy"
  }
}