{
  "frame_id": "1767407895155585000",
  "sequence": 2056,
  "timestamp": "2026-01-02T21:38:15.155585",
  "timestamp_ns": 1767407895155585000,
  "camera": {
    "name": "front_center",
    "resolution": [
      1920,
      1080
    ],
    "fov_deg": 89.90362548828125,
    "intrinsics": {
      "fx": 961.6161300315734,
      "fy": 961.6161300315734,
      "cx": 960.0,
      "cy": 540.0
    },
    "pose": {
      "position": {
        "x": 75.39554595947266,
        "y": 73.52889251708984,
        "z": -21.16067886352539
      },
      "orientation": {
        "w": 0.9111286401748657,
        "x": -0.03518218919634819,
        "y": -0.003120261477306485,
        "z": 0.41060569882392883
      }
    }
  },
  "telemetry": {
    "sequence": 2057,
    "server_timestamp_ms": 1767407895354.9058,
    "airsim_timestamp_ns": 1767407895354905800,
    "pose": {
      "timestamp_ns": 1767407895354905800,
      "position": {
        "x": 75.11241149902344,
        "y": 73.25133514404297,
        "z": -20.733131408691406
      },
      "orientation": {
        "w": 0.9037411212921143,
        "x": -0.08847600221633911,
        "y": 0.11583258956670761,
        "z": 0.402500718832016
      },
      "linear_velocity": {
        "x": 1.0202207565307617,
        "y": 0.5395449995994568,
        "z": 0.16774964332580566
      },
      "angular_velocity": {
        "x": -0.03883656486868858,
        "y": -0.18965347111225128,
        "z": 7.210223702713847e-05
      }
    },
    "imu": {
      "timestamp_ns": 1767407895353291300,
      "linear_acceleration": {
        "x": -0.039647698402404785,
        "y": 0.02690267190337181,
        "z": -9.265710830688477
      },
      "angular_velocity": {
        "x": -0.03883656486868858,
        "y": -0.18965347111225128,
        "z": 7.210223702713847e-05
      },
      "orientation": {
        "w": 0.9037962555885315,
        "x": -0.08835479617118835,
        "y": 0.11527034640312195,
        "z": 0.40256500244140625
      }
    },
    "battery_percent": 86.93296247649414,
    "landed_state": "flying",
    "latency_ms": 198.95359999645734
  },
  "files": {
    "rgb": "data\\maps\\sequence_normal_ops_001_preflight_20260102_213722\\frames\\1767407895155585000.png",
    "depth": "data\\maps\\sequence_normal_ops_001_preflight_20260102_213722\\frames\\1767407895155585000_depth.npy"
  }
}