{
  "frame_id": "1767407911050567200",
  "sequence": 2624,
  "timestamp": "2026-01-02T21:38:31.050567",
  "timestamp_ns": 1767407911050567200,
  "camera": {
    "name": "front_center",
    "resolution": [
      1920,
      1080
    ],
    "fov_deg": 89.90362548828125,
    "intrinsics": {
      "fx": 961.6161300315734,
      "fy": 961.6161300315734,
      "cx": 960.0,
      "cy": 540.0
    },
    "pose": {
      "position": {
        "x": 102.32617950439453,
        "y": 102.48040771484375,
        "z": -20.8708438873291
      },
      "orientation": {
        "w": 0.9115615487098694,
        "x": 0.0014501556288450956,
        "y": -0.02681516483426094,
        "z": 0.41028568148612976
      }
    }
  },
  "telemetry": {
    "sequence": 2625,
    "server_timestamp_ms": 1767407911229.0952,
    "airsim_timestamp_ns": 1767407911229095200,
    "pose": {
      "timestamp_ns": 1767407911229095200,
      "position": {
        "x": 102.03791046142578,
        "y": 102.16693115234375,
        "z": -20.472558975219727
      },
      "orientation": {
        "w": 0.9072631001472473,
        "x": -0.05211527645587921,
        "y": 0.09239690005779266,
        "z": 0.40696489810943604
      },
      "linear_velocity": {
        "x": 2.434739828109741,
        "y": 2.6198925971984863,
        "z": -0.30055850744247437
      },
      "angular_velocity": {
        "x": -0.0492573156952858,
        "y": 1.5975937843322754,
        "z": -0.0013742565643042326
      }
    },
    "imu": {
      "timestamp_ns": 1767407911228289900,
      "linear_acceleration": {
        "x": -0.07821083068847656,
        "y": 0.01954597234725952,
        "z": -15.53831958770752
      },
      "angular_velocity": {
        "x": -0.0492573156952858,
        "y": 1.5975937843322754,
        "z": -0.0013742565643042326
      },
      "orientation": {
        "w": 0.9070326089859009,
        "x": -0.05316808447241783,
        "y": 0.0945805087685585,
        "z": 0.406840980052948
      }
    },
    "battery_percent": 82.92728054938856,
    "landed_state": "flying",
    "latency_ms": 178.91620000591502
  },
  "files": {
    "rgb": "data\\maps\\sequence_normal_ops_001_preflight_20260102_213722\\frames\\1767407911050567200.png",
    "depth": "data\\maps\\sequence_normal_ops_001_preflight_20260102_213722\\frames\\1767407911050567200_depth.npy"
  }
}