{
  "frame_id": "1767407985723600700",
  "sequence": 5040,
  "timestamp": "2026-01-02T21:39:45.723600",
  "timestamp_ns": 1767407985723600700,
  "camera": {
    "name": "front_center",
    "resolution": [
      1920,
      1080
    ],
    "fov_deg": 89.90362548828125,
    "intrinsics": {
      "fx": 961.6161300315734,
      "fy": 961.6161300315734,
      "cx": 960.0,
      "cy": 540.0
    },
    "pose": {
      "position": {
        "x": 223.8863067626953,
        "y": 203.9575958251953,
        "z": -21.194093704223633
      },
      "orientation": {
        "w": 0.9389684200286865,
        "x": -0.03535637632012367,
        "y": 0.0030617588199675083,
        "z": 0.34216779470443726
      }
    }
  },
  "telemetry": {
    "sequence": 5041,
    "server_timestamp_ms": 1767407985920.9587,
    "airsim_timestamp_ns": 1767407985920958700,
    "pose": {
      "timestamp_ns": 1767407985920958700,
      "position": {
        "x": 223.56817626953125,
        "y": 203.7259521484375,
        "z": -20.763824462890625
      },
      "orientation": {
        "w": 0.9305357933044434,
        "x": -0.07971575856208801,
        "y": 0.12559553980827332,
        "z": 0.33462557196617126
      },
      "linear_velocity": {
        "x": 0.8620647192001343,
        "y": 0.17618632316589355,
        "z": 0.23811845481395721
      },
      "angular_velocity": {
        "x": -0.0050449981354177,
        "y": -0.18715113401412964,
        "z": 0.000163501754286699
      }
    },
    "imu": {
      "timestamp_ns": 1767407985920780500,
      "linear_acceleration": {
        "x": -0.0358433723449707,
        "y": 0.021028712391853333,
        "z": -9.459718704223633
      },
      "angular_velocity": {
        "x": -0.004123794846236706,
        "y": -0.18732595443725586,
        "z": 0.0001612486521480605
      },
      "orientation": {
        "w": 0.930740237236023,
        "x": -0.07921061664819717,
        "y": 0.12401021271944046,
        "z": 0.3347683548927307
      }
    },
    "battery_percent": 64.28605034048776,
    "landed_state": "flying",
    "latency_ms": 197.33879999694182
  },
  "files": {
    "rgb": "data\\maps\\sequence_normal_ops_001_preflight_20260102_213722\\frames\\1767407985723600700.png",
    "depth": "data\\maps\\sequence_normal_ops_001_preflight_20260102_213722\\frames\\1767407985723600700_depth.npy"
  }
}