{
  "frame_id": "1767407884305373300",
  "sequence": 1692,
  "timestamp": "2026-01-02T21:38:04.305373",
  "timestamp_ns": 1767407884305373300,
  "camera": {
    "name": "front_center",
    "resolution": [
      1920,
      1080
    ],
    "fov_deg": 89.90362548828125,
    "intrinsics": {
      "fx": 961.6161300315734,
      "fy": 961.6161300315734,
      "cx": 960.0,
      "cy": 540.0
    },
    "pose": {
      "position": {
        "x": 55.48634719848633,
        "y": 52.53874969482422,
        "z": -21.16530990600586
      },
      "orientation": {
        "w": 0.9153327941894531,
        "x": -0.02970237098634243,
        "y": 0.03281914442777634,
        "z": 0.4002581536769867
      }
    }
  },
  "telemetry": {
    "sequence": 1693,
    "server_timestamp_ms": 1767407884519.1924,
    "airsim_timestamp_ns": 1767407884519192600,
    "pose": {
      "timestamp_ns": 1767407884519192600,
      "position": {
        "x": 55.22698974609375,
        "y": 52.2763557434082,
        "z": -20.713775634765625
      },
      "orientation": {
        "w": 0.9032182097434998,
        "x": -0.08169243484735489,
        "y": 0.15201327204704285,
        "z": 0.39295694231987
      },
      "linear_velocity": {
        "x": 1.6475493907928467,
        "y": 1.497186303138733,
        "z": -0.4718818962574005
      },
      "angular_velocity": {
        "x": -0.15332560241222382,
        "y": -0.07040499150753021,
        "z": 0.0021221430506557226
      }
    },
    "imu": {
      "timestamp_ns": 1767407884517095600,
      "linear_acceleration": {
        "x": -0.08336460590362549,
        "y": 0.023101747035980225,
        "z": -8.402959823608398
      },
      "angular_velocity": {
        "x": -0.15332560241222382,
        "y": -0.07040499150753021,
        "z": 0.0021221430506557226
      },
      "orientation": {
        "w": 0.9032138586044312,
        "x": -0.08185932040214539,
        "y": 0.1518293172121048,
        "z": 0.39300334453582764
      }
    },
    "battery_percent": 89.68580023574107,
    "landed_state": "flying",
    "latency_ms": 213.71979999821633
  },
  "files": {
    "rgb": "data\\maps\\sequence_normal_ops_001_preflight_20260102_213722\\frames\\1767407884305373300.png",
    "depth": "data\\maps\\sequence_normal_ops_001_preflight_20260102_213722\\frames\\1767407884305373300_depth.npy"
  }
}