{
  "frame_id": "1767407992842042600",
  "sequence": 5264,
  "timestamp": "2026-01-02T21:39:52.842042",
  "timestamp_ns": 1767407992842042600,
  "camera": {
    "name": "front_center",
    "resolution": [
      1920,
      1080
    ],
    "fov_deg": 89.90362548828125,
    "intrinsics": {
      "fx": 961.6161300315734,
      "fy": 961.6161300315734,
      "cx": 960.0,
      "cy": 540.0
    },
    "pose": {
      "position": {
        "x": 235.06802368164062,
        "y": 212.9728546142578,
        "z": -21.098806381225586
      },
      "orientation": {
        "w": 0.9254798889160156,
        "x": -0.030484741553664207,
        "y": -0.023417945951223373,
        "z": 0.37684109807014465
      }
    }
  },
  "telemetry": {
    "sequence": 5265,
    "server_timestamp_ms": 1767407993017.7778,
    "airsim_timestamp_ns": 1767407993017778000,
    "pose": {
      "timestamp_ns": 1767407993017778000,
      "position": {
        "x": 234.75045776367188,
        "y": 212.705810546875,
        "z": -20.68911361694336
      },
      "orientation": {
        "w": 0.9206189513206482,
        "x": -0.0794115737080574,
        "y": 0.09758176654577255,
        "z": 0.3696381151676178
      },
      "linear_velocity": {
        "x": 0.6198405623435974,
        "y": -0.1487233191728592,
        "z": 0.32910576462745667
      },
      "angular_velocity": {
        "x": 0.051224157214164734,
        "y": -0.18526089191436768,
        "z": 2.781952207442373e-05
      }
    },
    "imu": {
      "timestamp_ns": 1767407993016971500,
      "linear_acceleration": {
        "x": -0.023870110511779785,
        "y": 0.02538689225912094,
        "z": -9.893335342407227
      },
      "angular_velocity": {
        "x": 0.051224157214164734,
        "y": -0.18526089191436768,
        "z": 2.781952207442373e-05
      },
      "orientation": {
        "w": 0.9207180738449097,
        "x": -0.07889459282159805,
        "y": 0.0968957170844078,
        "z": 0.3696824014186859
      }
    },
    "battery_percent": 62.52993721896296,
    "landed_state": "flying",
    "latency_ms": 175.8583999981056
  },
  "files": {
    "rgb": "data\\maps\\sequence_normal_ops_001_preflight_20260102_213722\\frames\\1767407992842042600.png",
    "depth": "data\\maps\\sequence_normal_ops_001_preflight_20260102_213722\\frames\\1767407992842042600_depth.npy"
  }
}