{
  "frame_id": "1767407979886165900",
  "sequence": 4832,
  "timestamp": "2026-01-02T21:39:39.886165",
  "timestamp_ns": 1767407979886165900,
  "camera": {
    "name": "front_center",
    "resolution": [
      1920,
      1080
    ],
    "fov_deg": 89.90362548828125,
    "intrinsics": {
      "fx": 961.6161300315734,
      "fy": 961.6161300315734,
      "cx": 960.0,
      "cy": 540.0
    },
    "pose": {
      "position": {
        "x": 210.9894256591797,
        "y": 193.9836883544922,
        "z": -20.887388229370117
      },
      "orientation": {
        "w": 0.9431194067001343,
        "x": -0.007863572798669338,
        "y": -0.0037416948471218348,
        "z": 0.3323400616645813
      }
    }
  },
  "telemetry": {
    "sequence": 4833,
    "server_timestamp_ms": 1767407980080.0317,
    "airsim_timestamp_ns": 1767407980080031800,
    "pose": {
      "timestamp_ns": 1767407980080031800,
      "position": {
        "x": 210.66851806640625,
        "y": 193.73475646972656,
        "z": -20.46900749206543
      },
      "orientation": {
        "w": 0.9355393052101135,
        "x": -0.05117538198828697,
        "y": 0.11939210444688797,
        "z": 0.3284704387187958
      },
      "linear_velocity": {
        "x": 2.736517906188965,
        "y": 2.0555331707000732,
        "z": -0.46643203496932983
      },
      "angular_velocity": {
        "x": -0.0673026293516159,
        "y": 1.1999527215957642,
        "z": -0.0008036518120206892
      }
    },
    "imu": {
      "timestamp_ns": 1767407980078270000,
      "linear_acceleration": {
        "x": -0.0998830795288086,
        "y": 0.016293108463287354,
        "z": -16.178287506103516
      },
      "angular_velocity": {
        "x": -0.0673026293516159,
        "y": 1.1999527215957642,
        "z": -0.0008036518120206892
      },
      "orientation": {
        "w": 0.9353156685829163,
        "x": -0.05186760425567627,
        "y": 0.12106146663427353,
        "z": 0.32838764786720276
      }
    },
    "battery_percent": 65.78929475255701,
    "landed_state": "flying",
    "latency_ms": 193.37410000298405
  },
  "files": {
    "rgb": "data\\maps\\sequence_normal_ops_001_preflight_20260102_213722\\frames\\1767407979886165900.png",
    "depth": "data\\maps\\sequence_normal_ops_001_preflight_20260102_213722\\frames\\1767407979886165900_depth.npy"
  }
}