{
  "frame_id": "1767407863378696200",
  "sequence": 983,
  "timestamp": "2026-01-02T21:37:43.378696",
  "timestamp_ns": 1767407863378696200,
  "camera": {
    "name": "front_center",
    "resolution": [
      1920,
      1080
    ],
    "fov_deg": 89.90362548828125,
    "intrinsics": {
      "fx": 961.6161300315734,
      "fy": 961.6161300315734,
      "cx": 960.0,
      "cy": 540.0
    },
    "pose": {
      "position": {
        "x": 17.35717010498047,
        "y": 11.700300216674805,
        "z": -21.233610153198242
      },
      "orientation": {
        "w": 0.9257622361183167,
        "x": -0.040187299251556396,
        "y": 0.008161366917192936,
        "z": 0.3758758306503296
      }
    }
  },
  "telemetry": {
    "sequence": 984,
    "server_timestamp_ms": 1767407863552.451,
    "airsim_timestamp_ns": 1767407863552450900,
    "pose": {
      "timestamp_ns": 1767407863552450900,
      "position": {
        "x": 17.06010627746582,
        "y": 11.452250480651855,
        "z": -20.797462463378906
      },
      "orientation": {
        "w": 0.9167769551277161,
        "x": -0.08890513330698013,
        "y": 0.12892776727676392,
        "z": 0.3674146831035614
      },
      "linear_velocity": {
        "x": 1.1150909662246704,
        "y": 0.6075806617736816,
        "z": 0.09569168090820312
      },
      "angular_velocity": {
        "x": -0.05280192941427231,
        "y": -0.18210916221141815,
        "z": 0.00023363321088254452
      }
    },
    "imu": {
      "timestamp_ns": 1767407863552635100,
      "linear_acceleration": {
        "x": -0.04664766788482666,
        "y": 0.022855423390865326,
        "z": -9.058103561401367
      },
      "angular_velocity": {
        "x": -0.05180376395583153,
        "y": -0.18237532675266266,
        "z": 0.00022802973398938775
      },
      "orientation": {
        "w": 0.9168050289154053,
        "x": -0.08887659758329391,
        "y": 0.12864865362644196,
        "z": 0.3674493432044983
      }
    },
    "battery_percent": 95.03972717602335,
    "landed_state": "flying",
    "latency_ms": 173.74070000369102
  },
  "files": {
    "rgb": "data\\maps\\sequence_normal_ops_001_preflight_20260102_213722\\frames\\1767407863378696200.png",
    "depth": "data\\maps\\sequence_normal_ops_001_preflight_20260102_213722\\frames\\1767407863378696200_depth.npy"
  }
}