{
  "frame_id": "1767408022100465000",
  "sequence": 6127,
  "timestamp": "2026-01-02T21:40:22.100465",
  "timestamp_ns": 1767408022100465000,
  "camera": {
    "name": "front_center",
    "resolution": [
      1920,
      1080
    ],
    "fov_deg": 89.90362548828125,
    "intrinsics": {
      "fx": 961.6161300315734,
      "fy": 961.6161300315734,
      "cx": 960.0,
      "cy": 540.0
    },
    "pose": {
      "position": {
        "x": 188.3023223876953,
        "y": 152.17823791503906,
        "z": -21.174291610717773
      },
      "orientation": {
        "w": 0.4549097418785095,
        "x": 0.032403286546468735,
        "y": 0.03278334438800812,
        "z": -0.889343798160553
      }
    }
  },
  "telemetry": {
    "sequence": 6128,
    "server_timestamp_ms": 1767408022291.6812,
    "airsim_timestamp_ns": 1767408022291681100,
    "pose": {
      "timestamp_ns": 1767408022291681100,
      "position": {
        "x": 188.52737426757812,
        "y": 152.46853637695312,
        "z": -20.721435546875
      },
      "orientation": {
        "w": 0.4467388391494751,
        "x": 0.14820873737335205,
        "y": 0.09188051521778107,
        "z": -0.877505898475647
      },
      "linear_velocity": {
        "x": -1.5287466049194336,
        "y": -1.7650936841964722,
        "z": -0.50137859582901
      },
      "angular_velocity": {
        "x": -0.14661534130573273,
        "y": -0.10572955757379532,
        "z": 0.002542182570323348
      }
    },
    "imu": {
      "timestamp_ns": 1767408022290459700,
      "linear_acceleration": {
        "x": -0.012736469507217407,
        "y": -0.010758399963378906,
        "z": -8.226434707641602
      },
      "angular_velocity": {
        "x": -0.14661534130573273,
        "y": -0.10572955757379532,
        "z": 0.002542182570323348
      },
      "orientation": {
        "w": 0.44683897495269775,
        "x": 0.14774255454540253,
        "y": 0.09212688356637955,
        "z": -0.8775076866149902
      }
    },
    "battery_percent": 55.14023894637481,
    "landed_state": "flying",
    "latency_ms": 190.86769999557873
  },
  "files": {
    "rgb": "data\\maps\\sequence_normal_ops_001_preflight_20260102_213722\\frames\\1767408022100465000.png",
    "depth": "data\\maps\\sequence_normal_ops_001_preflight_20260102_213722\\frames\\1767408022100465000_depth.npy"
  }
}