{
  "frame_id": "1767407888934369500",
  "sequence": 1853,
  "timestamp": "2026-01-02T21:38:08.934369",
  "timestamp_ns": 1767407888934369500,
  "camera": {
    "name": "front_center",
    "resolution": [
      1920,
      1080
    ],
    "fov_deg": 89.90362548828125,
    "intrinsics": {
      "fx": 961.6161300315734,
      "fy": 961.6161300315734,
      "cx": 960.0,
      "cy": 540.0
    },
    "pose": {
      "position": {
        "x": 63.3123893737793,
        "y": 61.00818634033203,
        "z": -20.91318702697754
      },
      "orientation": {
        "w": 0.911726713180542,
        "x": -0.005297152325510979,
        "y": -0.014402339234948158,
        "z": 0.41051051020622253
      }
    }
  },
  "telemetry": {
    "sequence": 1854,
    "server_timestamp_ms": 1767407889118.978,
    "airsim_timestamp_ns": 1767407889118978100,
    "pose": {
      "timestamp_ns": 1767407889118978100,
      "position": {
        "x": 63.03101348876953,
        "y": 60.70381546020508,
        "z": -20.50307846069336
      },
      "orientation": {
        "w": 0.9058066606521606,
        "x": -0.05883420631289482,
        "y": 0.10472509264945984,
        "z": 0.4063071012496948
      },
      "linear_velocity": {
        "x": 2.3649120330810547,
        "y": 2.589017629623413,
        "z": -0.4093567430973053
      },
      "angular_velocity": {
        "x": -0.09368884563446045,
        "y": 1.2894712686538696,
        "z": -0.0004363505868241191
      }
    },
    "imu": {
      "timestamp_ns": 1767407889118127700,
      "linear_acceleration": {
        "x": -0.0873727798461914,
        "y": 0.021242260932922363,
        "z": -16.016159057617188
      },
      "angular_velocity": {
        "x": -0.09368884563446045,
        "y": 1.2894712686538696,
        "z": -0.0004363505868241191
      },
      "orientation": {
        "w": 0.9055923223495483,
        "x": -0.059755273163318634,
        "y": 0.10643833875656128,
        "z": 0.406205415725708
      }
    },
    "battery_percent": 88.52996216022746,
    "landed_state": "flying",
    "latency_ms": 185.1561999937985
  },
  "files": {
    "rgb": "data\\maps\\sequence_normal_ops_001_preflight_20260102_213722\\frames\\1767407888934369500.png",
    "depth": "data\\maps\\sequence_normal_ops_001_preflight_20260102_213722\\frames\\1767407888934369500_depth.npy"
  }
}