{
  "frame_id": "1767407900552133700",
  "sequence": 2252,
  "timestamp": "2026-01-02T21:38:20.552133",
  "timestamp_ns": 1767407900552133700,
  "camera": {
    "name": "front_center",
    "resolution": [
      1920,
      1080
    ],
    "fov_deg": 89.90362548828125,
    "intrinsics": {
      "fx": 961.6161300315734,
      "fy": 961.6161300315734,
      "cx": 960.0,
      "cy": 540.0
    },
    "pose": {
      "position": {
        "x": 84.55384826660156,
        "y": 83.50821685791016,
        "z": -21.212451934814453
      },
      "orientation": {
        "w": 0.9070448875427246,
        "x": -0.029032452031970024,
        "y": 0.028171734884381294,
        "z": 0.4190859794616699
      }
    }
  },
  "telemetry": {
    "sequence": 2253,
    "server_timestamp_ms": 1767407900754.3354,
    "airsim_timestamp_ns": 1767407900754335400,
    "pose": {
      "timestamp_ns": 1767407900754335400,
      "position": {
        "x": 84.30277252197266,
        "y": 83.23271179199219,
        "z": -20.76405906677246
      },
      "orientation": {
        "w": 0.8956078290939331,
        "x": -0.08348576724529266,
        "y": 0.14632382988929749,
        "z": 0.4117111265659332
      },
      "linear_velocity": {
        "x": 1.5434142351150513,
        "y": 1.4034826755523682,
        "z": -0.3640933632850647
      },
      "angular_velocity": {
        "x": -0.13480564951896667,
        "y": -0.11930160969495773,
        "z": 0.0030194222927093506
      }
    },
    "imu": {
      "timestamp_ns": 1767407900754250900,
      "linear_acceleration": {
        "x": -0.0741117000579834,
        "y": 0.02576233446598053,
        "z": -8.367144584655762
      },
      "angular_velocity": {
        "x": -0.13452976942062378,
        "y": -0.12110130488872528,
        "z": 0.002978354459628463
      },
      "orientation": {
        "w": 0.8956155180931091,
        "x": -0.08359192311763763,
        "y": 0.14607925713062286,
        "z": 0.4117598235607147
      }
    },
    "battery_percent": 85.56161046567671,
    "landed_state": "flying",
    "latency_ms": 201.6169999988051
  },
  "files": {
    "rgb": "data\\maps\\sequence_normal_ops_001_preflight_20260102_213722\\frames\\1767407900552133700.png",
    "depth": "data\\maps\\sequence_normal_ops_001_preflight_20260102_213722\\frames\\1767407900552133700_depth.npy"
  }
}