{
  "frame_id": "1767407928435252600",
  "sequence": 3242,
  "timestamp": "2026-01-02T21:38:48.435252",
  "timestamp_ns": 1767407928435252600,
  "camera": {
    "name": "front_center",
    "resolution": [
      1920,
      1080
    ],
    "fov_deg": 89.90362548828125,
    "intrinsics": {
      "fx": 961.6161300315734,
      "fy": 961.6161300315734,
      "cx": 960.0,
      "cy": 540.0
    },
    "pose": {
      "position": {
        "x": 133.64524841308594,
        "y": 132.62864685058594,
        "z": -20.915605545043945
      },
      "orientation": {
        "w": 0.9374104142189026,
        "x": -0.006864496041089296,
        "y": -0.010780840180814266,
        "z": 0.34799182415008545
      }
    }
  },
  "telemetry": {
    "sequence": 3243,
    "server_timestamp_ms": 1767407928630.1912,
    "airsim_timestamp_ns": 1767407928630191100,
    "pose": {
      "timestamp_ns": 1767407928630191100,
      "position": {
        "x": 133.3277130126953,
        "y": 132.36639404296875,
        "z": -20.502811431884766
      },
      "orientation": {
        "w": 0.9307979345321655,
        "x": -0.052227817475795746,
        "y": 0.11166800558567047,
        "z": 0.34411871433258057
      },
      "linear_velocity": {
        "x": 2.6473891735076904,
        "y": 1.950461983680725,
        "z": -0.5544918179512024
      },
      "angular_velocity": {
        "x": 0.04888979718089104,
        "y": 0.9802662134170532,
        "z": -0.0005688054370693862
      }
    },
    "imu": {
      "timestamp_ns": 1767407928629923600,
      "linear_acceleration": {
        "x": -0.1049046516418457,
        "y": 0.014524996280670166,
        "z": -14.731338500976562
      },
      "angular_velocity": {
        "x": 0.05160895735025406,
        "y": 0.9557005763053894,
        "z": -0.0005760782514698803
      },
      "orientation": {
        "w": 0.9288410544395447,
        "x": -0.05699297785758972,
        "y": 0.1277322918176651,
        "z": 0.343060702085495
      }
    },
    "battery_percent": 78.5076657588494,
    "landed_state": "flying",
    "latency_ms": 195.08939999650465
  },
  "files": {
    "rgb": "data\\maps\\sequence_normal_ops_001_preflight_20260102_213722\\frames\\1767407928435252600.png",
    "depth": "data\\maps\\sequence_normal_ops_001_preflight_20260102_213722\\frames\\1767407928435252600_depth.npy"
  }
}