{
  "frame_id": "1767407916632284500",
  "sequence": 2835,
  "timestamp": "2026-01-02T21:38:36.632284",
  "timestamp_ns": 1767407916632284500,
  "camera": {
    "name": "front_center",
    "resolution": [
      1920,
      1080
    ],
    "fov_deg": 89.90362548828125,
    "intrinsics": {
      "fx": 961.6161300315734,
      "fy": 961.6161300315734,
      "cx": 960.0,
      "cy": 540.0
    },
    "pose": {
      "position": {
        "x": 113.83023071289062,
        "y": 114.46210479736328,
        "z": -21.22162628173828
      },
      "orientation": {
        "w": 0.9139602780342102,
        "x": -0.03562220558524132,
        "y": 0.016869161278009415,
        "z": 0.40388500690460205
      }
    }
  },
  "telemetry": {
    "sequence": 2836,
    "server_timestamp_ms": 1767407916828.2136,
    "airsim_timestamp_ns": 1767407916828213700,
    "pose": {
      "timestamp_ns": 1767407916828213700,
      "position": {
        "x": 113.55824279785156,
        "y": 114.19636535644531,
        "z": -20.779579162597656
      },
      "orientation": {
        "w": 0.9039393663406372,
        "x": -0.08803502470254898,
        "y": 0.13602060079574585,
        "z": 0.395780086517334
      },
      "linear_velocity": {
        "x": 1.3268195390701294,
        "y": 1.0548237562179565,
        "z": -0.11784461885690689
      },
      "angular_velocity": {
        "x": -0.10924748331308365,
        "y": -0.1661030650138855,
        "z": 0.0009342629928141832
      }
    },
    "imu": {
      "timestamp_ns": 1767407916828177500,
      "linear_acceleration": {
        "x": -0.0602266788482666,
        "y": 0.024324484169483185,
        "z": -8.63676643371582
      },
      "angular_velocity": {
        "x": -0.10924748331308365,
        "y": -0.1661030650138855,
        "z": 0.0009342629928141832
      },
      "orientation": {
        "w": 0.9039581418037415,
        "x": -0.08808522671461105,
        "y": 0.13573057949543,
        "z": 0.39582565426826477
      }
    },
    "battery_percent": 81.46339288396993,
    "landed_state": "flying",
    "latency_ms": 196.4391999936197
  },
  "files": {
    "rgb": "data\\maps\\sequence_normal_ops_001_preflight_20260102_213722\\frames\\1767407916632284500.png",
    "depth": "data\\maps\\sequence_normal_ops_001_preflight_20260102_213722\\frames\\1767407916632284500_depth.npy"
  }
}