{
  "frame_id": "1767408011945292900",
  "sequence": 5805,
  "timestamp": "2026-01-02T21:40:11.945292",
  "timestamp_ns": 1767408011945292900,
  "camera": {
    "name": "front_center",
    "resolution": [
      1920,
      1080
    ],
    "fov_deg": 89.90362548828125,
    "intrinsics": {
      "fx": 961.6161300315734,
      "fy": 961.6161300315734,
      "cx": 960.0,
      "cy": 540.0
    },
    "pose": {
      "position": {
        "x": 206.35385131835938,
        "y": 175.94711303710938,
        "z": -20.9298095703125
      },
      "orientation": {
        "w": 0.4625699520111084,
        "x": 0.00614845659583807,
        "y": 0.014481225982308388,
        "z": -0.8864431977272034
      }
    }
  },
  "telemetry": {
    "sequence": 5806,
    "server_timestamp_ms": 1767408012132.2854,
    "airsim_timestamp_ns": 1767408012132285400,
    "pose": {
      "timestamp_ns": 1767408012132285400,
      "position": {
        "x": 206.58673095703125,
        "y": 176.2662811279297,
        "z": -20.500980377197266
      },
      "orientation": {
        "w": 0.4567224085330963,
        "x": 0.12179990857839584,
        "y": 0.07473482936620712,
        "z": -0.8780570030212402
      },
      "linear_velocity": {
        "x": -2.104994773864746,
        "y": -2.6133313179016113,
        "z": -0.6225376129150391
      },
      "angular_velocity": {
        "x": 0.04501919075846672,
        "y": 0.855955183506012,
        "z": 0.0012997223529964685
      }
    },
    "imu": {
      "timestamp_ns": 1767408012131922600,
      "linear_acceleration": {
        "x": 0.0037199854850769043,
        "y": -0.016220569610595703,
        "z": -14.430519104003906
      },
      "angular_velocity": {
        "x": 0.04501919075846672,
        "y": 0.855955183506012,
        "z": 0.0012997223529964685
      },
      "orientation": {
        "w": 0.45661765336990356,
        "x": 0.12297874689102173,
        "y": 0.07527069747447968,
        "z": -0.8779013752937317
      }
    },
    "battery_percent": 57.79319735785846,
    "landed_state": "flying",
    "latency_ms": 186.10489999991842
  },
  "files": {
    "rgb": "data\\maps\\sequence_normal_ops_001_preflight_20260102_213722\\frames\\1767408011945292900.png",
    "depth": "data\\maps\\sequence_normal_ops_001_preflight_20260102_213722\\frames\\1767408011945292900_depth.npy"
  }
}