{
  "frame_id": "1767408006975320900",
  "sequence": 5645,
  "timestamp": "2026-01-02T21:40:06.975320",
  "timestamp_ns": 1767408006975320900,
  "camera": {
    "name": "front_center",
    "resolution": [
      1920,
      1080
    ],
    "fov_deg": 89.90362548828125,
    "intrinsics": {
      "fx": 961.6161300315734,
      "fy": 961.6161300315734,
      "cx": 960.0,
      "cy": 540.0
    },
    "pose": {
      "position": {
        "x": 214.05584716796875,
        "y": 186.36947631835938,
        "z": -21.203208923339844
      },
      "orientation": {
        "w": 0.4740370213985443,
        "x": -0.010937136597931385,
        "y": 0.03040565364062786,
        "z": -0.8799117803573608
      }
    }
  },
  "telemetry": {
    "sequence": 5646,
    "server_timestamp_ms": 1767408007168.5554,
    "airsim_timestamp_ns": 1767408007168555500,
    "pose": {
      "timestamp_ns": 1767408007168555500,
      "position": {
        "x": 214.29905700683594,
        "y": 186.6897735595703,
        "z": -20.781015396118164
      },
      "orientation": {
        "w": 0.4660128355026245,
        "x": 0.10400796681642532,
        "y": 0.09201977401971817,
        "z": -0.8738116025924683
      },
      "linear_velocity": {
        "x": -1.0331664085388184,
        "y": -0.8012444376945496,
        "z": 0.16413427889347076
      },
      "angular_velocity": {
        "x": -0.04525420814752579,
        "y": -0.19998452067375183,
        "z": 2.9725899366894737e-05
      }
    },
    "imu": {
      "timestamp_ns": 1767408007162755000,
      "linear_acceleration": {
        "x": -0.005558967590332031,
        "y": -0.00950312614440918,
        "z": -9.25998592376709
      },
      "angular_velocity": {
        "x": -0.04525420814752579,
        "y": -0.19998452067375183,
        "z": 2.9725899366894737e-05
      },
      "orientation": {
        "w": 0.4661175608634949,
        "x": 0.1031227707862854,
        "y": 0.09178260713815689,
        "z": -0.8738856315612793
      }
    },
    "battery_percent": 59.06772039525709,
    "landed_state": "flying",
    "latency_ms": 193.28759999916656
  },
  "files": {
    "rgb": "data\\maps\\sequence_normal_ops_001_preflight_20260102_213722\\frames\\1767408006975320900.png",
    "depth": "data\\maps\\sequence_normal_ops_001_preflight_20260102_213722\\frames\\1767408006975320900_depth.npy"
  }
}