{
  "frame_id": "1767407934265024700",
  "sequence": 3431,
  "timestamp": "2026-01-02T21:38:54.265024",
  "timestamp_ns": 1767407934265024700,
  "camera": {
    "name": "front_center",
    "resolution": [
      1920,
      1080
    ],
    "fov_deg": 89.90362548828125,
    "intrinsics": {
      "fx": 961.6161300315734,
      "fy": 961.6161300315734,
      "cx": 960.0,
      "cy": 540.0
    },
    "pose": {
      "position": {
        "x": 145.59454345703125,
        "y": 141.99842834472656,
        "z": -21.208391189575195
      },
      "orientation": {
        "w": 0.9378148317337036,
        "x": -0.02975805662572384,
        "y": 0.04024915769696236,
        "z": 0.34350812435150146
      }
    }
  },
  "telemetry": {
    "sequence": 3432,
    "server_timestamp_ms": 1767407934440.9785,
    "airsim_timestamp_ns": 1767407934440978500,
    "pose": {
      "timestamp_ns": 1767407934440978500,
      "position": {
        "x": 145.36114501953125,
        "y": 141.80690002441406,
        "z": -20.764442443847656
      },
      "orientation": {
        "w": 0.924538791179657,
        "x": -0.07581959664821625,
        "y": 0.16073636710643768,
        "z": 0.33711013197898865
      },
      "linear_velocity": {
        "x": 1.696295142173767,
        "y": 1.0894479751586914,
        "z": -0.3715446889400482
      },
      "angular_velocity": {
        "x": -0.12903597950935364,
        "y": -0.07746772468090057,
        "z": 0.0021957899443805218
      }
    },
    "imu": {
      "timestamp_ns": 1767407934439560000,
      "linear_acceleration": {
        "x": -0.07939791679382324,
        "y": 0.02022525668144226,
        "z": -8.421588897705078
      },
      "angular_velocity": {
        "x": -0.12903597950935364,
        "y": -0.07746772468090057,
        "z": 0.0021957899443805218
      },
      "orientation": {
        "w": 0.924538791179657,
        "x": -0.07581959664821625,
        "y": 0.16073636710643768,
        "z": 0.33711013197898865
      }
    },
    "battery_percent": 77.03224150971344,
    "landed_state": "flying",
    "latency_ms": 176.47679999936372
  },
  "files": {
    "rgb": "data\\maps\\sequence_normal_ops_001_preflight_20260102_213722\\frames\\1767407934265024700.png",
    "depth": "data\\maps\\sequence_normal_ops_001_preflight_20260102_213722\\frames\\1767407934265024700_depth.npy"
  }
}