{
  "frame_id": "1767407874288725400",
  "sequence": 1350,
  "timestamp": "2026-01-02T21:37:54.288725",
  "timestamp_ns": 1767407874288725400,
  "camera": {
    "name": "front_center",
    "resolution": [
      1920,
      1080
    ],
    "fov_deg": 89.90362548828125,
    "intrinsics": {
      "fx": 961.6161300315734,
      "fy": 961.6161300315734,
      "cx": 960.0,
      "cy": 540.0
    },
    "pose": {
      "position": {
        "x": 36.547813415527344,
        "y": 32.36653518676758,
        "z": -21.203283309936523
      },
      "orientation": {
        "w": 0.9102991819381714,
        "x": -0.03400544077157974,
        "y": 0.006021800450980663,
        "z": 0.4125078320503235
      }
    }
  },
  "telemetry": {
    "sequence": 1351,
    "server_timestamp_ms": 1767407874484.865,
    "airsim_timestamp_ns": 1767407874484864900,
    "pose": {
      "timestamp_ns": 1767407874484864900,
      "position": {
        "x": 36.2733039855957,
        "y": 32.09033966064453,
        "z": -20.7692813873291
      },
      "orientation": {
        "w": 0.9017254710197449,
        "x": -0.0875575989484787,
        "y": 0.12478817254304886,
        "z": 0.40454018115997314
      },
      "linear_velocity": {
        "x": 1.1274688243865967,
        "y": 0.7232465744018555,
        "z": 0.08250697702169418
      },
      "angular_velocity": {
        "x": -0.0656406581401825,
        "y": -0.18579477071762085,
        "z": 0.0007372900145128369
      }
    },
    "imu": {
      "timestamp_ns": 1767407874484907800,
      "linear_acceleration": {
        "x": -0.045743584632873535,
        "y": 0.02671750634908676,
        "z": -9.051146507263184
      },
      "angular_velocity": {
        "x": -0.0656406581401825,
        "y": -0.18579477071762085,
        "z": 0.0007372900145128369
      },
      "orientation": {
        "w": 0.901970386505127,
        "x": -0.0873849093914032,
        "y": 0.12186051160097122,
        "z": 0.40492379665374756
      }
    },
    "battery_percent": 92.27053627719341,
    "landed_state": "flying",
    "latency_ms": 197.50550000026124
  },
  "files": {
    "rgb": "data\\maps\\sequence_normal_ops_001_preflight_20260102_213722\\frames\\1767407874288725400.png",
    "depth": "data\\maps\\sequence_normal_ops_001_preflight_20260102_213722\\frames\\1767407874288725400_depth.npy"
  }
}