{
  "frame_id": "1767407906434044300",
  "sequence": 2461,
  "timestamp": "2026-01-02T21:38:26.434044",
  "timestamp_ns": 1767407906434044300,
  "camera": {
    "name": "front_center",
    "resolution": [
      1920,
      1080
    ],
    "fov_deg": 89.90362548828125,
    "intrinsics": {
      "fx": 961.6161300315734,
      "fy": 961.6161300315734,
      "cx": 960.0,
      "cy": 540.0
    },
    "pose": {
      "position": {
        "x": 94.47281646728516,
        "y": 93.99310302734375,
        "z": -21.200712203979492
      },
      "orientation": {
        "w": 0.9073017835617065,
        "x": -0.033783670514822006,
        "y": 0.013231041841208935,
        "z": 0.41891181468963623
      }
    }
  },
  "telemetry": {
    "sequence": 2462,
    "server_timestamp_ms": 1767407906613.5562,
    "airsim_timestamp_ns": 1767407906613556100,
    "pose": {
      "timestamp_ns": 1767407906613556100,
      "position": {
        "x": 94.20809173583984,
        "y": 93.7156982421875,
        "z": -20.761425018310547
      },
      "orientation": {
        "w": 0.8978126645088196,
        "x": -0.08817360550165176,
        "y": 0.13154450058937073,
        "z": 0.41091829538345337
      },
      "linear_velocity": {
        "x": 1.2763603925704956,
        "y": 1.012182354927063,
        "z": -0.06725622713565826
      },
      "angular_velocity": {
        "x": -0.100069560110569,
        "y": -0.17730534076690674,
        "z": 0.001334934146143496
      }
    },
    "imu": {
      "timestamp_ns": 1767407906612184400,
      "linear_acceleration": {
        "x": -0.05578720569610596,
        "y": 0.02636035531759262,
        "z": -8.716634750366211
      },
      "angular_velocity": {
        "x": -0.100069560110569,
        "y": -0.17730534076690674,
        "z": 0.001334934146143496
      },
      "orientation": {
        "w": 0.8978539109230042,
        "x": -0.08822698891162872,
        "y": 0.13094450533390045,
        "z": 0.41100847721099854
      }
    },
    "battery_percent": 84.09302282965054,
    "landed_state": "flying",
    "latency_ms": 180.89590000454336
  },
  "files": {
    "rgb": "data\\maps\\sequence_normal_ops_001_preflight_20260102_213722\\frames\\1767407906434044300.png",
    "depth": "data\\maps\\sequence_normal_ops_001_preflight_20260102_213722\\frames\\1767407906434044300_depth.npy"
  }
}