{
  "frame_id": "1767408017021354400",
  "sequence": 5966,
  "timestamp": "2026-01-02T21:40:17.021354",
  "timestamp_ns": 1767408017021354400,
  "camera": {
    "name": "front_center",
    "resolution": [
      1920,
      1080
    ],
    "fov_deg": 89.90362548828125,
    "intrinsics": {
      "fx": 961.6161300315734,
      "fy": 961.6161300315734,
      "cx": 960.0,
      "cy": 540.0
    },
    "pose": {
      "position": {
        "x": 197.13430786132812,
        "y": 163.8666534423828,
        "z": -21.174898147583008
      },
      "orientation": {
        "w": 0.45030537247657776,
        "x": 0.03603673353791237,
        "y": 0.02939964085817337,
        "z": -0.8916625380516052
      }
    }
  },
  "telemetry": {
    "sequence": 5967,
    "server_timestamp_ms": 1767408017196.7756,
    "airsim_timestamp_ns": 1767408017196775600,
    "pose": {
      "timestamp_ns": 1767408017196775600,
      "position": {
        "x": 197.3583526611328,
        "y": 164.15570068359375,
        "z": -20.720745086669922
      },
      "orientation": {
        "w": 0.4426155388355255,
        "x": 0.15211375057697296,
        "y": 0.0879247710108757,
        "z": -0.8793305158615112
      },
      "linear_velocity": {
        "x": -1.633873701095581,
        "y": -1.8876959085464478,
        "z": -0.6131876111030579
      },
      "angular_velocity": {
        "x": -0.14036858081817627,
        "y": -0.03940398618578911,
        "z": 0.003909486345946789
      }
    },
    "imu": {
      "timestamp_ns": 1767408017196207800,
      "linear_acceleration": {
        "x": -0.014244675636291504,
        "y": -0.010802507400512695,
        "z": -8.421736717224121
      },
      "angular_velocity": {
        "x": -0.14036858081817627,
        "y": -0.03940398618578911,
        "z": 0.003909486345946789
      },
      "orientation": {
        "w": 0.4427400827407837,
        "x": 0.1517045646905899,
        "y": 0.08840794116258621,
        "z": -0.8792901039123535
      }
    },
    "battery_percent": 56.464681539134155,
    "landed_state": "flying",
    "latency_ms": 175.47679999552201
  },
  "files": {
    "rgb": "data\\maps\\sequence_normal_ops_001_preflight_20260102_213722\\frames\\1767408017021354400.png",
    "depth": "data\\maps\\sequence_normal_ops_001_preflight_20260102_213722\\frames\\1767408017021354400_depth.npy"
  }
}