{
  "frame_id": "1767377797796296800",
  "sequence": 253,
  "timestamp": "2026-01-02T13:16:37.796296",
  "timestamp_ns": 1767377797796296800,
  "camera": {
    "name": "front_center",
    "resolution": [
      1280,
      720
    ],
    "fov_deg": 89.90362548828125,
    "intrinsics": {
      "fx": 641.077420021049,
      "fy": 641.077420021049,
      "cx": 640.0,
      "cy": 360.0
    },
    "pose": {
      "position": {
        "x": 19.613487243652344,
        "y": 12.64228630065918,
        "z": -17.87774658203125
      },
      "orientation": {
        "w": 0.8758277297019958,
        "x": 0.08579160273075104,
        "y": -0.06792372465133667,
        "z": 0.4700552821159363
      }
    }
  },
  "telemetry": {
    "sequence": 254,
    "server_timestamp_ms": 1767377797943.0093,
    "airsim_timestamp_ns": 1767377797943009300,
    "pose": {
      "timestamp_ns": 1767377797943009300,
      "position": {
        "x": 19.48244857788086,
        "y": 12.426151275634766,
        "z": -17.784934997558594
      },
      "orientation": {
        "w": 0.8784148693084717,
        "x": 0.04449712112545967,
        "y": 0.008668163791298866,
        "z": 0.4757438004016876
      },
      "linear_velocity": {
        "x": 0.6663044691085815,
        "y": -1.2789721488952637,
        "z": 2.7892730236053467
      },
      "angular_velocity": {
        "x": 0.2574070990085602,
        "y": -0.21830596029758453,
        "z": 0.24684396386146545
      }
    },
    "imu": {
      "timestamp_ns": 1767377794122870528,
      "linear_acceleration": {
        "x": -0.01737932860851288,
        "y": 0.07385873794555664,
        "z": -16.42421531677246
      },
      "angular_velocity": {
        "x": 0.2574070990085602,
        "y": -0.21830596029758453,
        "z": 0.24684396386146545
      },
      "orientation": {
        "w": 0.8780257701873779,
        "x": 0.04556731879711151,
        "y": 0.008455599658191204,
        "z": 0.4763641357421875
      }
    },
    "battery_percent": 86.94219302424887,
    "landed_state": "flying",
    "latency_ms": 139.0378000014607
  },
  "files": {
    "rgb": "data\\maps\\sequence_multi_anom_001_preflight_20260102_131637\\frames\\1767377797796296800.png",
    "depth": "data\\maps\\sequence_multi_anom_001_preflight_20260102_131637\\frames\\1767377797796296800_depth.npy"
  }
}