{
  "frame_id": "1767408561516191400",
  "sequence": 6886,
  "timestamp": "2026-01-02T21:49:21.516191",
  "timestamp_ns": 1767408561516191400,
  "camera": {
    "name": "front_center",
    "resolution": [
      1920,
      1080
    ],
    "fov_deg": 89.90362548828125,
    "intrinsics": {
      "fx": 961.6161300315734,
      "fy": 961.6161300315734,
      "cx": 960.0,
      "cy": 540.0
    },
    "pose": {
      "position": {
        "x": 65.57722473144531,
        "y": 62.917476654052734,
        "z": -20.28049087524414
      },
      "orientation": {
        "w": 0.9337478876113892,
        "x": -0.043294601142406464,
        "y": 0.022370142862200737,
        "z": 0.3545984625816345
      }
    }
  },
  "telemetry": {
    "sequence": 6887,
    "server_timestamp_ms": 1767408561944.268,
    "airsim_timestamp_ns": 1767408561944268100,
    "pose": {
      "timestamp_ns": 1767408561944268100,
      "position": {
        "x": 65.27888488769531,
        "y": 62.690399169921875,
        "z": -19.83391761779785
      },
      "orientation": {
        "w": 0.9228396415710449,
        "x": -0.08920859545469284,
        "y": 0.14405731856822968,
        "z": 0.34591373801231384
      },
      "linear_velocity": {
        "x": 1.3640557527542114,
        "y": 0.965553879737854,
        "z": -0.1393226832151413
      },
      "angular_velocity": {
        "x": -0.10398607701063156,
        "y": -0.14812253415584564,
        "z": 0.00013042612408753484
      }
    },
    "imu": {
      "timestamp_ns": 1767408561943946000,
      "linear_acceleration": {
        "x": -0.06440496444702148,
        "y": 0.018693864345550537,
        "z": -8.623432159423828
      },
      "angular_velocity": {
        "x": -0.10292942821979523,
        "y": -0.14905394613742828,
        "z": 0.00012438329576980323
      },
      "orientation": {
        "w": -0.9228578209877014,
        "x": 0.08927471935749054,
        "y": -0.14379778504371643,
        "z": -0.3459561765193939
      }
    },
    "battery_percent": 74.14861826604971,
    "landed_state": "flying",
    "latency_ms": 426.9300999949337
  },
  "files": {
    "rgb": "data\\maps\\sequence_normal_ops_001_preflight_20260102_214718\\frames\\1767408561516191400.png",
    "depth": "data\\maps\\sequence_normal_ops_001_preflight_20260102_214718\\frames\\1767408561516191400_depth.npy"
  }
}