{
  "frame_id": "1767408551249833300",
  "sequence": 6863,
  "timestamp": "2026-01-02T21:49:11.249833",
  "timestamp_ns": 1767408551249833300,
  "camera": {
    "name": "front_center",
    "resolution": [
      1920,
      1080
    ],
    "fov_deg": 89.90362548828125,
    "intrinsics": {
      "fx": 961.6161300315734,
      "fy": 961.6161300315734,
      "cx": 960.0,
      "cy": 540.0
    },
    "pose": {
      "position": {
        "x": 52.241119384765625,
        "y": 49.502525329589844,
        "z": -20.320159912109375
      },
      "orientation": {
        "w": 0.4610899090766907,
        "x": -0.06151093170046806,
        "y": -0.008109286427497864,
        "z": -0.885181725025177
      }
    }
  },
  "telemetry": {
    "sequence": 6864,
    "server_timestamp_ms": 1767408551830.2686,
    "airsim_timestamp_ns": 1767408551830268600,
    "pose": {
      "timestamp_ns": 1767408551830268600,
      "position": {
        "x": 52.5135383605957,
        "y": 49.86277770996094,
        "z": -19.95136833190918
      },
      "orientation": {
        "w": 0.4582037031650543,
        "x": 0.05455470830202103,
        "y": 0.05214440077543259,
        "z": -0.8856377005577087
      },
      "linear_velocity": {
        "x": -0.5387182235717773,
        "y": 0.8326385617256165,
        "z": 0.2389972060918808
      },
      "angular_velocity": {
        "x": 0.11023799329996109,
        "y": -0.11398697644472122,
        "z": 0.00024265296815428883
      }
    },
    "imu": {
      "timestamp_ns": 1767408551829453300,
      "linear_acceleration": {
        "x": 0.011931151151657104,
        "y": -0.0069321393966674805,
        "z": -10.2543306350708
      },
      "angular_velocity": {
        "x": 0.11023799329996109,
        "y": -0.11398697644472122,
        "z": 0.00024265296815428883
      },
      "orientation": {
        "w": -0.45820680260658264,
        "x": -0.053691450506448746,
        "y": -0.049675289541482925,
        "z": 0.8858307600021362
      }
    },
    "battery_percent": 76.55779801358406,
    "landed_state": "flying",
    "latency_ms": 579.82759999868
  },
  "files": {
    "rgb": "data\\maps\\sequence_normal_ops_001_preflight_20260102_214718\\frames\\1767408551249833300.png",
    "depth": "data\\maps\\sequence_normal_ops_001_preflight_20260102_214718\\frames\\1767408551249833300_depth.npy"
  }
}