{
  "frame_id": "1767408484269266100",
  "sequence": 2664,
  "timestamp": "2026-01-02T21:48:04.269266",
  "timestamp_ns": 1767408484269266100,
  "camera": {
    "name": "front_center",
    "resolution": [
      1920,
      1080
    ],
    "fov_deg": 89.90362548828125,
    "intrinsics": {
      "fx": 961.6161300315734,
      "fy": 961.6161300315734,
      "cx": 960.0,
      "cy": 540.0
    },
    "pose": {
      "position": {
        "x": 14.578239440917969,
        "y": 10.967644691467285,
        "z": -21.11396026611328
      },
      "orientation": {
        "w": 0.3246322572231293,
        "x": -0.04476260766386986,
        "y": 0.022945977747440338,
        "z": 0.9445018172264099
      }
    }
  },
  "telemetry": {
    "sequence": 2665,
    "server_timestamp_ms": 1767408484481.3328,
    "airsim_timestamp_ns": 1767408484481332700,
    "pose": {
      "timestamp_ns": 1767408484481332700,
      "position": {
        "x": 14.867302894592285,
        "y": 10.750276565551758,
        "z": -20.656583786010742
      },
      "orientation": {
        "w": 0.31885993480682373,
        "x": -0.1676618903875351,
        "y": 0.06512268632650375,
        "z": 0.9305787682533264
      },
      "linear_velocity": {
        "x": -2.0646610260009766,
        "y": 1.6070311069488525,
        "z": -0.7170138359069824
      },
      "angular_velocity": {
        "x": 0.24038644134998322,
        "y": 0.1152239739894867,
        "z": 0.008427845314145088
      }
    },
    "imu": {
      "timestamp_ns": 1767408484478117500,
      "linear_acceleration": {
        "x": -0.006621837615966797,
        "y": 0.004385709762573242,
        "z": -8.94196605682373
      },
      "angular_velocity": {
        "x": 0.24038644134998322,
        "y": 0.1152239739894867,
        "z": 0.008427845314145088
      },
      "orientation": {
        "w": 0.31921228766441345,
        "x": -0.16846174001693726,
        "y": 0.06926548480987549,
        "z": 0.9300142526626587
      }
    },
    "battery_percent": 92.96416316433167,
    "landed_state": "flying",
    "latency_ms": 211.9756000029156
  },
  "files": {
    "rgb": "data\\maps\\sequence_normal_ops_001_preflight_20260102_214718\\frames\\1767408484269266100.png",
    "depth": "data\\maps\\sequence_normal_ops_001_preflight_20260102_214718\\frames\\1767408484269266100_depth.npy"
  }
}