{
  "frame_id": "1767408491746778900",
  "sequence": 3225,
  "timestamp": "2026-01-02T21:48:11.746778",
  "timestamp_ns": 1767408491746778900,
  "camera": {
    "name": "front_center",
    "resolution": [
      1920,
      1080
    ],
    "fov_deg": 89.90362548828125,
    "intrinsics": {
      "fx": 961.6161300315734,
      "fy": 961.6161300315734,
      "cx": 960.0,
      "cy": 540.0
    },
    "pose": {
      "position": {
        "x": 25.150548934936523,
        "y": 20.404508590698242,
        "z": -20.883604049682617
      },
      "orientation": {
        "w": 0.9449055790901184,
        "x": 0.0010129620786756277,
        "y": -0.01898224651813507,
        "z": 0.3267906606197357
      }
    }
  },
  "telemetry": {
    "sequence": 3227,
    "server_timestamp_ms": 1767408491934.5059,
    "airsim_timestamp_ns": 1767408491934506000,
    "pose": {
      "timestamp_ns": 1767408491934506000,
      "position": {
        "x": 24.817333221435547,
        "y": 20.14820671081543,
        "z": -20.479528427124023
      },
      "orientation": {
        "w": 0.939299464225769,
        "x": -0.0416504442691803,
        "y": 0.10451507568359375,
        "z": 0.3241271376609802
      },
      "linear_velocity": {
        "x": 2.7116806507110596,
        "y": 2.10840106010437,
        "z": -0.4893110692501068
      },
      "angular_velocity": {
        "x": -0.17175890505313873,
        "y": 1.2146955728530884,
        "z": 0.0018436695681884885
      }
    },
    "imu": {
      "timestamp_ns": 1767408491931566200,
      "linear_acceleration": {
        "x": -0.10114836692810059,
        "y": 0.019321799278259277,
        "z": -16.238344192504883
      },
      "angular_velocity": {
        "x": -0.17175890505313873,
        "y": 1.2146955728530884,
        "z": 0.0018436695681884885
      },
      "orientation": {
        "w": 0.9368491768836975,
        "x": -0.050572313368320465,
        "y": 0.12293257564306259,
        "z": 0.32348695397377014
      }
    },
    "battery_percent": 91.20922899364751,
    "landed_state": "flying",
    "latency_ms": 187.40270000125747
  },
  "files": {
    "rgb": "data\\maps\\sequence_normal_ops_001_preflight_20260102_214718\\frames\\1767408491746778900.png",
    "depth": "data\\maps\\sequence_normal_ops_001_preflight_20260102_214718\\frames\\1767408491746778900_depth.npy"
  }
}