{
  "frame_id": "1767408497214030700",
  "sequence": 3807,
  "timestamp": "2026-01-02T21:48:17.214030",
  "timestamp_ns": 1767408497214030700,
  "camera": {
    "name": "front_center",
    "resolution": [
      1920,
      1080
    ],
    "fov_deg": 89.90362548828125,
    "intrinsics": {
      "fx": 961.6161300315734,
      "fy": 961.6161300315734,
      "cx": 960.0,
      "cy": 540.0
    },
    "pose": {
      "position": {
        "x": 36.12790298461914,
        "y": 32.01449966430664,
        "z": -21.1767578125
      },
      "orientation": {
        "w": 0.9111684560775757,
        "x": -0.03090248815715313,
        "y": 0.031161576509475708,
        "z": 0.40969014167785645
      }
    }
  },
  "telemetry": {
    "sequence": 3809,
    "server_timestamp_ms": 1767408497431.749,
    "airsim_timestamp_ns": 1767408497431749100,
    "pose": {
      "timestamp_ns": 1767408497431749100,
      "position": {
        "x": 35.872623443603516,
        "y": 31.746984481811523,
        "z": -20.72590446472168
      },
      "orientation": {
        "w": 0.8993058800697327,
        "x": -0.08411340415477753,
        "y": 0.14982633292675018,
        "z": 0.40215158462524414
      },
      "linear_velocity": {
        "x": 1.598135232925415,
        "y": 1.5149580240249634,
        "z": -0.4499124586582184
      },
      "angular_velocity": {
        "x": -0.1536475121974945,
        "y": -0.08592341840267181,
        "z": 0.0018523576436564326
      }
    },
    "imu": {
      "timestamp_ns": 1767408497431239300,
      "linear_acceleration": {
        "x": -0.0808030366897583,
        "y": 0.02368069440126419,
        "z": -8.374194145202637
      },
      "angular_velocity": {
        "x": -0.153264582157135,
        "y": -0.08838728070259094,
        "z": 0.00182622903957963
      },
      "orientation": {
        "w": 0.8993033766746521,
        "x": -0.08442351222038269,
        "y": 0.1494094878435135,
        "z": 0.4022473096847534
      }
    },
    "battery_percent": 89.78091836144387,
    "landed_state": "flying",
    "latency_ms": 217.1959000042989
  },
  "files": {
    "rgb": "data\\maps\\sequence_normal_ops_001_preflight_20260102_214718\\frames\\1767408497214030700.png",
    "depth": "data\\maps\\sequence_normal_ops_001_preflight_20260102_214718\\frames\\1767408497214030700_depth.npy"
  }
}