{
  "frame_id": "1767408081378863100",
  "sequence": 672,
  "timestamp": "2026-01-02T21:41:21.378863",
  "timestamp_ns": 1767408081378863100,
  "camera": {
    "name": "front_center",
    "resolution": [
      1920,
      1080
    ],
    "fov_deg": 89.90362548828125,
    "intrinsics": {
      "fx": 961.6161300315734,
      "fy": 961.6161300315734,
      "cx": 960.0,
      "cy": 540.0
    },
    "pose": {
      "position": {
        "x": 26.2259464263916,
        "y": 21.554317474365234,
        "z": -20.24045753479004
      },
      "orientation": {
        "w": 0.8934537172317505,
        "x": -0.035544756799936295,
        "y": 0.02540654130280018,
        "z": 0.4470251798629761
      }
    }
  },
  "telemetry": {
    "sequence": 674,
    "server_timestamp_ms": 1767408081944.393,
    "airsim_timestamp_ns": 1767408081944393200,
    "pose": {
      "timestamp_ns": 1767408081944393200,
      "position": {
        "x": 26.031200408935547,
        "y": 21.320384979248047,
        "z": -19.805696487426758
      },
      "orientation": {
        "w": 0.8824886083602905,
        "x": -0.09499838203191757,
        "y": 0.1393589824438095,
        "z": 0.43905383348464966
      },
      "linear_velocity": {
        "x": 1.3897671699523926,
        "y": 1.7277963161468506,
        "z": -0.4406200051307678
      },
      "angular_velocity": {
        "x": -0.15610361099243164,
        "y": -0.11862332373857498,
        "z": 0.00045715735177509487
      }
    },
    "imu": {
      "timestamp_ns": 1767408081740282900,
      "linear_acceleration": {
        "x": -0.07784759998321533,
        "y": 0.02346044033765793,
        "z": -8.329996109008789
      },
      "angular_velocity": {
        "x": -0.15610361099243164,
        "y": -0.11862332373857498,
        "z": 0.00045715735177509487
      },
      "orientation": {
        "w": 0.8824886083602905,
        "x": -0.09499838203191757,
        "y": 0.1393589824438095,
        "z": 0.43905383348464966
      }
    },
    "battery_percent": 91.50527895258001,
    "landed_state": "flying",
    "latency_ms": 549.2596999974921
  },
  "files": {
    "rgb": "data\\maps\\sequence_normal_ops_001_preflight_20260102_214057\\frames\\1767408081378863100.png",
    "depth": "data\\maps\\sequence_normal_ops_001_preflight_20260102_214057\\frames\\1767408081378863100_depth.npy"
  }
}