{
  "frame_id": "1767408072823033400",
  "sequence": 615,
  "timestamp": "2026-01-02T21:41:12.823033",
  "timestamp_ns": 1767408072823033400,
  "camera": {
    "name": "front_center",
    "resolution": [
      1920,
      1080
    ],
    "fov_deg": 89.90362548828125,
    "intrinsics": {
      "fx": 961.6161300315734,
      "fy": 961.6161300315734,
      "cx": 960.0,
      "cy": 540.0
    },
    "pose": {
      "position": {
        "x": 17.429174423217773,
        "y": 11.71005916595459,
        "z": -21.14311981201172
      },
      "orientation": {
        "w": 0.9116453528404236,
        "x": -0.03361131623387337,
        "y": -0.02569335326552391,
        "z": 0.4087944030761719
      }
    }
  },
  "telemetry": {
    "sequence": 618,
    "server_timestamp_ms": 1767408073537.6047,
    "airsim_timestamp_ns": 1767408073537604900,
    "pose": {
      "timestamp_ns": 1767408073537604900,
      "position": {
        "x": 17.128704071044922,
        "y": 11.424139022827148,
        "z": -20.73328399658203
      },
      "orientation": {
        "w": 0.9071997404098511,
        "x": -0.08668214082717896,
        "y": 0.09352005273103714,
        "z": 0.4009099304676056
      },
      "linear_velocity": {
        "x": 0.7474635243415833,
        "y": 0.08241020143032074,
        "z": 0.3038417398929596
      },
      "angular_velocity": {
        "x": 0.032332614064216614,
        "y": -0.1839808225631714,
        "z": -4.1226172470487654e-05
      }
    },
    "imu": {
      "timestamp_ns": 1767408073335531300,
      "linear_acceleration": {
        "x": -0.026557564735412598,
        "y": 0.02762266993522644,
        "z": -9.775618553161621
      },
      "angular_velocity": {
        "x": 0.032332614064216614,
        "y": -0.1839808225631714,
        "z": -4.1226172470487654e-05
      },
      "orientation": {
        "w": 0.9072295427322388,
        "x": -0.08652910590171814,
        "y": 0.09329047799110413,
        "z": 0.40092921257019043
      }
    },
    "battery_percent": 93.6632282316895,
    "landed_state": "flying",
    "latency_ms": 710.2167000048212
  },
  "files": {
    "rgb": "data\\maps\\sequence_normal_ops_001_preflight_20260102_214057\\frames\\1767408072823033400.png",
    "depth": "data\\maps\\sequence_normal_ops_001_preflight_20260102_214057\\frames\\1767408072823033400_depth.npy"
  }
}