{
  "frame_id": "1767408064980243600",
  "sequence": 439,
  "timestamp": "2026-01-02T21:41:04.980243",
  "timestamp_ns": 1767408064980243600,
  "camera": {
    "name": "front_center",
    "resolution": [
      1920,
      1080
    ],
    "fov_deg": 89.90362548828125,
    "intrinsics": {
      "fx": 961.6161300315734,
      "fy": 961.6161300315734,
      "cx": 960.0,
      "cy": 540.0
    },
    "pose": {
      "position": {
        "x": 5.52326774597168,
        "y": -0.7091088891029358,
        "z": -21.1209716796875
      },
      "orientation": {
        "w": 0.40921077132225037,
        "x": -0.11547829955816269,
        "y": -0.04960673302412033,
        "z": -0.9037424921989441
      }
    }
  },
  "telemetry": {
    "sequence": 440,
    "server_timestamp_ms": 1767408065175.8196,
    "airsim_timestamp_ns": 1767408065175819500,
    "pose": {
      "timestamp_ns": 1767408065175819500,
      "position": {
        "x": 5.852507591247559,
        "y": -0.3367597460746765,
        "z": -20.816083908081055
      },
      "orientation": {
        "w": 0.4121848940849304,
        "x": 0.003471696749329567,
        "y": 0.004230382852256298,
        "z": -0.9110838174819946
      },
      "linear_velocity": {
        "x": -0.03958701714873314,
        "y": -0.040653061121702194,
        "z": 1.155331015586853
      },
      "angular_velocity": {
        "x": 0.0011399216018617153,
        "y": -0.005765023175626993,
        "z": 9.803526154428255e-06
      }
    },
    "imu": {
      "timestamp_ns": 1767408065173423000,
      "linear_acceleration": {
        "x": 0.010476546362042427,
        "y": -0.015752896666526794,
        "z": -5.118624210357666
      },
      "angular_velocity": {
        "x": 0.0011399216018617153,
        "y": -0.005765023175626993,
        "z": 9.803526154428255e-06
      },
      "orientation": {
        "w": 0.41218551993370056,
        "x": 0.003405015915632248,
        "y": 0.004185112658888102,
        "z": -0.911083996295929
      }
    },
    "battery_percent": 95.62999279837707,
    "landed_state": "flying",
    "latency_ms": 195.83970000530826
  },
  "files": {
    "rgb": "data\\maps\\sequence_normal_ops_001_preflight_20260102_214057\\frames\\1767408064980243600.png",
    "depth": "data\\maps\\sequence_normal_ops_001_preflight_20260102_214057\\frames\\1767408064980243600_depth.npy"
  }
}