{
  "frame_id": "1767408629758313300",
  "sequence": 7042,
  "timestamp": "2026-01-02T21:50:29.758313",
  "timestamp_ns": 1767408629758313300,
  "camera": {
    "name": "front_center",
    "resolution": [
      1920,
      1080
    ],
    "fov_deg": 89.90362548828125,
    "intrinsics": {
      "fx": 961.6161300315734,
      "fy": 961.6161300315734,
      "cx": 960.0,
      "cy": 540.0
    },
    "pose": {
      "position": {
        "x": 116.61087036132812,
        "y": 157.49609375,
        "z": -20.023109436035156
      },
      "orientation": {
        "w": 0.8152163624763489,
        "x": 0.025536958128213882,
        "y": -0.0771029144525528,
        "z": 0.5734328627586365
      }
    }
  },
  "telemetry": {
    "sequence": 7043,
    "server_timestamp_ms": 1767408630394.9844,
    "airsim_timestamp_ns": 1767408630394984400,
    "pose": {
      "timestamp_ns": 1767408630394984400,
      "position": {
        "x": 116.43650817871094,
        "y": 157.06422424316406,
        "z": -19.672277450561523
      },
      "orientation": {
        "w": 0.818306028842926,
        "x": -0.04952952265739441,
        "y": 0.02996380440890789,
        "z": 0.5718603134155273
      },
      "linear_velocity": {
        "x": 0.6492863893508911,
        "y": -0.03781723976135254,
        "z": 0.1963796317577362
      },
      "angular_velocity": {
        "x": 0.03936187922954559,
        "y": -0.09700144082307816,
        "z": 6.345332803903148e-05
      }
    },
    "imu": {
      "timestamp_ns": 1767408630189215600,
      "linear_acceleration": {
        "x": -0.007731378078460693,
        "y": 0.04319217801094055,
        "z": -10.089810371398926
      },
      "angular_velocity": {
        "x": 0.03936187922954559,
        "y": -0.09700144082307816,
        "z": 6.345332803903148e-05
      },
      "orientation": {
        "w": 0.8183563947677612,
        "x": -0.048604223877191544,
        "y": 0.029352031648159027,
        "z": 0.5718994140625
      }
    },
    "battery_percent": 57.1656330024044,
    "landed_state": "flying",
    "latency_ms": 594.7028000009595
  },
  "files": {
    "rgb": "data\\maps\\sequence_coord_001_preflight_20260102_214741\\frames\\1767408629758313300.png",
    "depth": "data\\maps\\sequence_coord_001_preflight_20260102_214741\\frames\\1767408629758313300_depth.npy"
  }
}