{
  "frame_id": "1767408465913436500",
  "sequence": 1283,
  "timestamp": "2026-01-02T21:47:45.913436",
  "timestamp_ns": 1767408465913436500,
  "camera": {
    "name": "front_center",
    "resolution": [
      1920,
      1080
    ],
    "fov_deg": 89.90362548828125,
    "intrinsics": {
      "fx": 961.6161300315734,
      "fy": 961.6161300315734,
      "cx": 960.0,
      "cy": 540.0
    },
    "pose": {
      "position": {
        "x": 32.840858459472656,
        "y": 4.169979572296143,
        "z": -20.393999099731445
      },
      "orientation": {
        "w": 0.9912883043289185,
        "x": -0.0015216253232210875,
        "y": -0.13118109107017517,
        "z": -0.011693376116454601
      }
    }
  },
  "telemetry": {
    "sequence": 1284,
    "server_timestamp_ms": 1767408466123.0703,
    "airsim_timestamp_ns": 1767408466123070200,
    "pose": {
      "timestamp_ns": 1767408466122564900,
      "position": {
        "x": 32.340599060058594,
        "y": 4.181765079498291,
        "z": -20.094669342041016
      },
      "orientation": {
        "w": 0.9999302625656128,
        "x": 1.7684269550954923e-05,
        "y": -0.0006697358912788332,
        "z": -0.011791950091719627
      },
      "linear_velocity": {
        "x": -0.0005308319232426584,
        "y": -0.000533303536940366,
        "z": -1.9491040706634521
      },
      "angular_velocity": {
        "x": 0.0002495397347956896,
        "y": 0.006699702702462673,
        "z": -0.006339475512504578
      }
    },
    "imu": {
      "timestamp_ns": 1767408466121623200,
      "linear_acceleration": {
        "x": -0.02582612633705139,
        "y": -3.862216544803232e-06,
        "z": -4.435429096221924
      },
      "angular_velocity": {
        "x": 0.0002495397347956896,
        "y": 0.006699702702462673,
        "z": -0.006339475512504578
      },
      "orientation": {
        "w": 0.9999299645423889,
        "x": 1.924457319546491e-05,
        "y": -0.0006387173198163509,
        "z": -0.011820944957435131
      }
    },
    "battery_percent": 97.3691669867499,
    "landed_state": "flying",
    "latency_ms": 208.27640000061365
  },
  "files": {
    "rgb": "data\\maps\\sequence_coord_001_preflight_20260102_214741\\frames\\1767408465913436500.png",
    "depth": "data\\maps\\sequence_coord_001_preflight_20260102_214741\\frames\\1767408465913436500_depth.npy"
  }
}