{
  "frame_id": "1767408640611558400",
  "sequence": 7072,
  "timestamp": "2026-01-02T21:50:40.611558",
  "timestamp_ns": 1767408640611558400,
  "camera": {
    "name": "front_center",
    "resolution": [
      1920,
      1080
    ],
    "fov_deg": 89.90362548828125,
    "intrinsics": {
      "fx": 961.6161300315734,
      "fy": 961.6161300315734,
      "cx": 960.0,
      "cy": 540.0
    },
    "pose": {
      "position": {
        "x": 124.62952423095703,
        "y": 168.34292602539062,
        "z": -19.84822654724121
      },
      "orientation": {
        "w": 0.8148176670074463,
        "x": 0.08403739333152771,
        "y": -0.08613261580467224,
        "z": 0.5670899748802185
      }
    }
  },
  "telemetry": {
    "sequence": 7073,
    "server_timestamp_ms": 1767408641375.9026,
    "airsim_timestamp_ns": 1767408641375902700,
    "pose": {
      "timestamp_ns": 1767408641375902700,
      "position": {
        "x": 124.47203063964844,
        "y": 167.8758544921875,
        "z": -19.536705017089844
      },
      "orientation": {
        "w": 0.8190893530845642,
        "x": 0.009298346005380154,
        "y": 0.020959308370947838,
        "z": 0.5732074975967407
      },
      "linear_velocity": {
        "x": 0.07708491384983063,
        "y": -1.0987428426742554,
        "z": -0.005870430264621973
      },
      "angular_velocity": {
        "x": 0.018103517591953278,
        "y": -0.020216336473822594,
        "z": 1.0392660442448687e-05
      }
    },
    "imu": {
      "timestamp_ns": 1767408641179346600,
      "linear_acceleration": {
        "x": 7.604062557220459e-05,
        "y": 0.037653133273124695,
        "z": -9.816864013671875
      },
      "angular_velocity": {
        "x": 0.018103517591953278,
        "y": -0.020216336473822594,
        "z": 1.0392660442448687e-05
      },
      "orientation": {
        "w": 0.8190931081771851,
        "x": 0.009696838445961475,
        "y": 0.02086946927011013,
        "z": 0.5731988549232483
      }
    },
    "battery_percent": 54.56949314043847,
    "landed_state": "flying",
    "latency_ms": 735.2085000020452
  },
  "files": {
    "rgb": "data\\maps\\sequence_coord_001_preflight_20260102_214741\\frames\\1767408640611558400.png",
    "depth": "data\\maps\\sequence_coord_001_preflight_20260102_214741\\frames\\1767408640611558400_depth.npy"
  }
}