{
  "frame_id": "1767408517926573800",
  "sequence": 5662,
  "timestamp": "2026-01-02T21:48:37.926573",
  "timestamp_ns": 1767408517926573800,
  "camera": {
    "name": "front_center",
    "resolution": [
      1920,
      1080
    ],
    "fov_deg": 89.90362548828125,
    "intrinsics": {
      "fx": 961.6161300315734,
      "fy": 961.6161300315734,
      "cx": 960.0,
      "cy": 540.0
    },
    "pose": {
      "position": {
        "x": 52.54341125488281,
        "y": 41.0638542175293,
        "z": -20.86121368408203
      },
      "orientation": {
        "w": 0.8528007864952087,
        "x": 0.004964020568877459,
        "y": -0.02618960104882717,
        "z": 0.5215556025505066
      }
    }
  },
  "telemetry": {
    "sequence": 5664,
    "server_timestamp_ms": 1767408518119.6968,
    "airsim_timestamp_ns": 1767408518119696800,
    "pose": {
      "timestamp_ns": 1767408518119696800,
      "position": {
        "x": 52.34260559082031,
        "y": 40.68840408325195,
        "z": -20.462825775146484
      },
      "orientation": {
        "w": 0.84892338514328,
        "x": -0.06315511465072632,
        "y": 0.08534729480743408,
        "z": 0.5177415609359741
      },
      "linear_velocity": {
        "x": 1.6293420791625977,
        "y": 3.076817274093628,
        "z": -0.47040241956710815
      },
      "angular_velocity": {
        "x": -0.06746254861354828,
        "y": 1.1011897325515747,
        "z": -0.0009523176122456789
      }
    },
    "imu": {
      "timestamp_ns": 1767408518117716800,
      "linear_acceleration": {
        "x": -0.07116198539733887,
        "y": 0.026539653539657593,
        "z": -16.150882720947266
      },
      "angular_velocity": {
        "x": -0.06746254861354828,
        "y": 1.1011897325515747,
        "z": -0.0009523176122456789
      },
      "orientation": {
        "w": 0.8468676209449768,
        "x": -0.07498516142368317,
        "y": 0.10278618335723877,
        "z": 0.5163598656654358
      }
    },
    "battery_percent": 84.77475096492974,
    "landed_state": "flying",
    "latency_ms": 193.1177000005846
  },
  "files": {
    "rgb": "data\\maps\\sequence_coord_001_preflight_20260102_214741\\frames\\1767408517926573800.png",
    "depth": "data\\maps\\sequence_coord_001_preflight_20260102_214741\\frames\\1767408517926573800_depth.npy"
  }
}