{
  "frame_id": "1767408638680795500",
  "sequence": 7065,
  "timestamp": "2026-01-02T21:50:38.680795",
  "timestamp_ns": 1767408638680795500,
  "camera": {
    "name": "front_center",
    "resolution": [
      1920,
      1080
    ],
    "fov_deg": 89.90362548828125,
    "intrinsics": {
      "fx": 961.6161300315734,
      "fy": 961.6161300315734,
      "cx": 960.0,
      "cy": 540.0
    },
    "pose": {
      "position": {
        "x": 123.6053237915039,
        "y": 170.04916381835938,
        "z": -19.96017837524414
      },
      "orientation": {
        "w": 0.8141492009162903,
        "x": 0.0322374626994133,
        "y": -0.08100240677595139,
        "z": 0.5740735530853271
      }
    }
  },
  "telemetry": {
    "sequence": 7066,
    "server_timestamp_ms": 1767408639102.2659,
    "airsim_timestamp_ns": 1767408639102265900,
    "pose": {
      "timestamp_ns": 1767408639102265900,
      "position": {
        "x": 123.43270111083984,
        "y": 169.61141967773438,
        "z": -19.615825653076172
      },
      "orientation": {
        "w": 0.8177570104598999,
        "x": -0.0429699644446373,
        "y": 0.025958377867937088,
        "z": 0.573370099067688
      },
      "linear_velocity": {
        "x": 0.6535953283309937,
        "y": -0.18761540949344635,
        "z": 0.16302165389060974
      },
      "angular_velocity": {
        "x": 0.04394645243883133,
        "y": -0.07954217493534088,
        "z": 7.383096817648038e-05
      }
    },
    "imu": {
      "timestamp_ns": 1767408638967018300,
      "linear_acceleration": {
        "x": -0.005747586488723755,
        "y": 0.04503092169761658,
        "z": -10.075383186340332
      },
      "angular_velocity": {
        "x": 0.04394645243883133,
        "y": -0.07954217493534088,
        "z": 7.383096817648038e-05
      },
      "orientation": {
        "w": 0.8177920579910278,
        "x": -0.042232342064380646,
        "y": 0.025591162964701653,
        "z": 0.5733914375305176
      }
    },
    "battery_percent": 55.040788307034774,
    "landed_state": "flying",
    "latency_ms": 421.5429999967455
  },
  "files": {
    "rgb": "data\\maps\\sequence_coord_001_preflight_20260102_214741\\frames\\1767408638680795500.png",
    "depth": "data\\maps\\sequence_coord_001_preflight_20260102_214741\\frames\\1767408638680795500_depth.npy"
  }
}