{
  "frame_id": "1767408528911168500",
  "sequence": 6792,
  "timestamp": "2026-01-02T21:48:48.911168",
  "timestamp_ns": 1767408528911168500,
  "camera": {
    "name": "front_center",
    "resolution": [
      1920,
      1080
    ],
    "fov_deg": 89.90362548828125,
    "intrinsics": {
      "fx": 961.6161300315734,
      "fy": 961.6161300315734,
      "cx": 960.0,
      "cy": 540.0
    },
    "pose": {
      "position": {
        "x": 67.99069213867188,
        "y": 68.89923095703125,
        "z": -21.170717239379883
      },
      "orientation": {
        "w": 0.8519794940948486,
        "x": -0.022460851818323135,
        "y": -0.013897324912250042,
        "z": 0.5229085087776184
      }
    }
  },
  "telemetry": {
    "sequence": 6793,
    "server_timestamp_ms": 1767408529118.8354,
    "airsim_timestamp_ns": 1767408529118835400,
    "pose": {
      "timestamp_ns": 1767408529118835400,
      "position": {
        "x": 67.78740692138672,
        "y": 68.54778289794922,
        "z": -20.7521915435791
      },
      "orientation": {
        "w": 0.8465046882629395,
        "x": -0.09052195399999619,
        "y": 0.09742721170186996,
        "z": 0.5155032277107239
      },
      "linear_velocity": {
        "x": 0.9275400042533875,
        "y": 1.096028447151184,
        "z": 0.10287640243768692
      },
      "angular_velocity": {
        "x": -0.06175801157951355,
        "y": -0.21898484230041504,
        "z": 0.0004876461753156036
      }
    },
    "imu": {
      "timestamp_ns": 1767408529116546300,
      "linear_acceleration": {
        "x": -0.038579702377319336,
        "y": 0.03333619236946106,
        "z": -9.130891799926758
      },
      "angular_velocity": {
        "x": -0.06175801157951355,
        "y": -0.21898484230041504,
        "z": 0.0004876461753156036
      },
      "orientation": {
        "w": 0.846729040145874,
        "x": -0.08964499086141586,
        "y": 0.09411793947219849,
        "z": 0.5159026384353638
      }
    },
    "battery_percent": 81.92466653143983,
    "landed_state": "flying",
    "latency_ms": 206.8968000021414
  },
  "files": {
    "rgb": "data\\maps\\sequence_coord_001_preflight_20260102_214741\\frames\\1767408528911168500.png",
    "depth": "data\\maps\\sequence_coord_001_preflight_20260102_214741\\frames\\1767408528911168500_depth.npy"
  }
}