{
  "frame_id": "1767408513469648100",
  "sequence": 5179,
  "timestamp": "2026-01-02T21:48:33.469648",
  "timestamp_ns": 1767408513469648100,
  "camera": {
    "name": "front_center",
    "resolution": [
      1920,
      1080
    ],
    "fov_deg": 89.90362548828125,
    "intrinsics": {
      "fx": 961.6161300315734,
      "fy": 961.6161300315734,
      "cx": 960.0,
      "cy": 540.0
    },
    "pose": {
      "position": {
        "x": 47.10923767089844,
        "y": 30.663619995117188,
        "z": -21.160245895385742
      },
      "orientation": {
        "w": 0.8783842921257019,
        "x": -0.042902447283267975,
        "y": 0.013825168833136559,
        "z": 0.47582486271858215
      }
    }
  },
  "telemetry": {
    "sequence": 5181,
    "server_timestamp_ms": 1767408513680.6128,
    "airsim_timestamp_ns": 1767408513680612900,
    "pose": {
      "timestamp_ns": 1767408513680612900,
      "position": {
        "x": 46.88067626953125,
        "y": 30.36240005493164,
        "z": -20.71636962890625
      },
      "orientation": {
        "w": 0.8690650463104248,
        "x": -0.10464301705360413,
        "y": 0.12835904955863953,
        "z": 0.46615421772003174
      },
      "linear_velocity": {
        "x": 1.1573182344436646,
        "y": 1.8415106534957886,
        "z": -0.3983056843280792
      },
      "angular_velocity": {
        "x": -0.15233509242534637,
        "y": -0.15931299328804016,
        "z": -0.00160726357717067
      }
    },
    "imu": {
      "timestamp_ns": 1767408513678630500,
      "linear_acceleration": {
        "x": -0.07288134098052979,
        "y": 0.022228866815567017,
        "z": -8.287696838378906
      },
      "angular_velocity": {
        "x": -0.15233509242534637,
        "y": -0.15931299328804016,
        "z": -0.00160726357717067
      },
      "orientation": {
        "w": 0.8690726161003113,
        "x": -0.1047319695353508,
        "y": 0.1280452162027359,
        "z": 0.4662064015865326
      }
    },
    "battery_percent": 85.90247313610304,
    "landed_state": "flying",
    "latency_ms": 210.32069999637315
  },
  "files": {
    "rgb": "data\\maps\\sequence_coord_001_preflight_20260102_214741\\frames\\1767408513469648100.png",
    "depth": "data\\maps\\sequence_coord_001_preflight_20260102_214741\\frames\\1767408513469648100_depth.npy"
  }
}