{
  "frame_id": "1767408581235028900",
  "sequence": 6929,
  "timestamp": "2026-01-02T21:49:41.235028",
  "timestamp_ns": 1767408581235028900,
  "camera": {
    "name": "front_center",
    "resolution": [
      1920,
      1080
    ],
    "fov_deg": 89.90362548828125,
    "intrinsics": {
      "fx": 961.6161300315734,
      "fy": 961.6161300315734,
      "cx": 960.0,
      "cy": 540.0
    },
    "pose": {
      "position": {
        "x": 81.36639404296875,
        "y": 93.91923522949219,
        "z": -20.499332427978516
      },
      "orientation": {
        "w": 0.8161664009094238,
        "x": -0.013597875833511353,
        "y": -0.01683531515300274,
        "z": 0.5774115324020386
      }
    }
  },
  "telemetry": {
    "sequence": 6930,
    "server_timestamp_ms": 1767408581673.907,
    "airsim_timestamp_ns": 1767408581673907000,
    "pose": {
      "timestamp_ns": 1767408581673907000,
      "position": {
        "x": 81.21347045898438,
        "y": 93.5381851196289,
        "z": -20.085311889648438
      },
      "orientation": {
        "w": 0.8113813996315002,
        "x": -0.08884887397289276,
        "y": 0.08983980119228363,
        "z": 0.5706968307495117
      },
      "linear_velocity": {
        "x": 0.635802149772644,
        "y": 1.4832816123962402,
        "z": -0.012931770645081997
      },
      "angular_velocity": {
        "x": -0.0656563863158226,
        "y": -0.24344845116138458,
        "z": 6.924468470970169e-05
      }
    },
    "imu": {
      "timestamp_ns": 1767408581659024900,
      "linear_acceleration": {
        "x": -0.03881669044494629,
        "y": 0.02968597412109375,
        "z": -8.912943840026855
      },
      "angular_velocity": {
        "x": -0.06509799510240555,
        "y": -0.24317370355129242,
        "z": 6.376433884724975e-05
      },
      "orientation": {
        "w": -0.8116134405136108,
        "x": 0.08758232742547989,
        "y": -0.08628406375646591,
        "z": -0.5711112022399902
      }
    },
    "battery_percent": 68.95026474329966,
    "landed_state": "flying",
    "latency_ms": 438.61460000334773
  },
  "files": {
    "rgb": "data\\maps\\sequence_coord_001_preflight_20260102_214741\\frames\\1767408581235028900.png",
    "depth": "data\\maps\\sequence_coord_001_preflight_20260102_214741\\frames\\1767408581235028900_depth.npy"
  }
}