{
  "frame_id": "1767408599087747500",
  "sequence": 6968,
  "timestamp": "2026-01-02T21:49:59.087747",
  "timestamp_ns": 1767408599087747500,
  "camera": {
    "name": "front_center",
    "resolution": [
      1920,
      1080
    ],
    "fov_deg": 89.90362548828125,
    "intrinsics": {
      "fx": 961.6161300315734,
      "fy": 961.6161300315734,
      "cx": 960.0,
      "cy": 540.0
    },
    "pose": {
      "position": {
        "x": 94.08281707763672,
        "y": 116.07508087158203,
        "z": -19.30211639404297
      },
      "orientation": {
        "w": 0.5571067333221436,
        "x": -0.10804682970046997,
        "y": -0.07212681323289871,
        "z": -0.8202168345451355
      }
    }
  },
  "telemetry": {
    "sequence": 6969,
    "server_timestamp_ms": 1767408599750.055,
    "airsim_timestamp_ns": 1767408599750055000,
    "pose": {
      "timestamp_ns": 1767408599750055000,
      "position": {
        "x": 94.26768493652344,
        "y": 116.53924560546875,
        "z": -19.00149154663086
      },
      "orientation": {
        "w": 0.5617550611495972,
        "x": -6.269360892474651e-05,
        "y": 0.001207267283461988,
        "z": -0.8273026943206787
      },
      "linear_velocity": {
        "x": -0.16403211653232574,
        "y": -0.06469672918319702,
        "z": 3.2927193641662598
      },
      "angular_velocity": {
        "x": 0.010834503918886185,
        "y": -0.00663582980632782,
        "z": -0.0004518622881732881
      }
    },
    "imu": {
      "timestamp_ns": 1767408599562723500,
      "linear_acceleration": {
        "x": 0.0024521443992853165,
        "y": -0.021068425849080086,
        "z": -2.5313777923583984
      },
      "angular_velocity": {
        "x": 0.010834503918886185,
        "y": -0.00663582980632782,
        "z": -0.0004518622881732881
      },
      "orientation": {
        "w": 0.5617481470108032,
        "x": -5.032387707615271e-05,
        "y": 0.0009482900495640934,
        "z": -0.8273078203201294
      }
    },
    "battery_percent": 64.69166435819913,
    "landed_state": "flying",
    "latency_ms": 662.8278999996837
  },
  "files": {
    "rgb": "data\\maps\\sequence_coord_001_preflight_20260102_214741\\frames\\1767408599087747500.png",
    "depth": "data\\maps\\sequence_coord_001_preflight_20260102_214741\\frames\\1767408599087747500_depth.npy"
  }
}