{
  "frame_id": "1767408620578899600",
  "sequence": 7018,
  "timestamp": "2026-01-02T21:50:20.578899",
  "timestamp_ns": 1767408620578899600,
  "camera": {
    "name": "front_center",
    "resolution": [
      1920,
      1080
    ],
    "fov_deg": 89.90362548828125,
    "intrinsics": {
      "fx": 961.6161300315734,
      "fy": 961.6161300315734,
      "cx": 960.0,
      "cy": 540.0
    },
    "pose": {
      "position": {
        "x": 109.38836669921875,
        "y": 144.80091857910156,
        "z": -20.158327102661133
      },
      "orientation": {
        "w": 0.8157405853271484,
        "x": 0.00437082489952445,
        "y": -0.05880039930343628,
        "z": 0.5754048824310303
      }
    }
  },
  "telemetry": {
    "sequence": 7019,
    "server_timestamp_ms": 1767408621234.1472,
    "airsim_timestamp_ns": 1767408621234147300,
    "pose": {
      "timestamp_ns": 1767408621234147300,
      "position": {
        "x": 109.21614074707031,
        "y": 144.38926696777344,
        "z": -19.782976150512695
      },
      "orientation": {
        "w": 0.816436767578125,
        "x": -0.0707719698548317,
        "y": 0.04817815497517586,
        "z": 0.5710526704788208
      },
      "linear_velocity": {
        "x": 0.6207823157310486,
        "y": 0.60237056016922,
        "z": 0.25258636474609375
      },
      "angular_velocity": {
        "x": 0.008625354617834091,
        "y": -0.1665283739566803,
        "z": -8.778100163908675e-05
      }
    },
    "imu": {
      "timestamp_ns": 1767408621176199300,
      "linear_acceleration": {
        "x": -0.018038153648376465,
        "y": 0.03617250919342041,
        "z": -9.909133911132812
      },
      "angular_velocity": {
        "x": 0.008625354617834091,
        "y": -0.1665283739566803,
        "z": -8.778100163908675e-05
      },
      "orientation": {
        "w": 0.8164759874343872,
        "x": -0.07030796259641647,
        "y": 0.04757874086499214,
        "z": 0.5711042881011963
      }
    },
    "battery_percent": 59.38935351309959,
    "landed_state": "flying",
    "latency_ms": 654.8737999983132
  },
  "files": {
    "rgb": "data\\maps\\sequence_coord_001_preflight_20260102_214741\\frames\\1767408620578899600.png",
    "depth": "data\\maps\\sequence_coord_001_preflight_20260102_214741\\frames\\1767408620578899600_depth.npy"
  }
}