{
  "frame_id": "1767408611517684400",
  "sequence": 6996,
  "timestamp": "2026-01-02T21:50:11.517684",
  "timestamp_ns": 1767408611517684400,
  "camera": {
    "name": "front_center",
    "resolution": [
      1920,
      1080
    ],
    "fov_deg": 89.90362548828125,
    "intrinsics": {
      "fx": 961.6161300315734,
      "fy": 961.6161300315734,
      "cx": 960.0,
      "cy": 540.0
    },
    "pose": {
      "position": {
        "x": 102.91696166992188,
        "y": 132.04209899902344,
        "z": -20.12879753112793
      },
      "orientation": {
        "w": 0.8522077202796936,
        "x": -0.001642913674004376,
        "y": -0.0624971017241478,
        "z": 0.5194549560546875
      }
    }
  },
  "telemetry": {
    "sequence": 6997,
    "server_timestamp_ms": 1767408612100.7163,
    "airsim_timestamp_ns": 1767408612100716400,
    "pose": {
      "timestamp_ns": 1767408612100716400,
      "position": {
        "x": 102.68817901611328,
        "y": 131.65711975097656,
        "z": -19.75537109375
      },
      "orientation": {
        "w": 0.8530744910240173,
        "x": -0.06943133473396301,
        "y": 0.04927299916744232,
        "z": 0.5147964954376221
      },
      "linear_velocity": {
        "x": 0.6746736168861389,
        "y": 0.0645354613661766,
        "z": 0.26051944494247437
      },
      "angular_velocity": {
        "x": 0.04217730462551117,
        "y": -0.1365526169538498,
        "z": 2.163345016015228e-05
      }
    },
    "imu": {
      "timestamp_ns": 1767408612090890100,
      "linear_acceleration": {
        "x": -0.014501988887786865,
        "y": 0.03781798481941223,
        "z": -10.055487632751465
      },
      "angular_velocity": {
        "x": 0.04217730462551117,
        "y": -0.1365526169538498,
        "z": 2.163345016015228e-05
      },
      "orientation": {
        "w": 0.853217363357544,
        "x": -0.06783934682607651,
        "y": 0.04780611768364906,
        "z": 0.5149102807044983
      }
    },
    "battery_percent": 61.68061859811075,
    "landed_state": "flying",
    "latency_ms": 582.6200000010431
  },
  "files": {
    "rgb": "data\\maps\\sequence_coord_001_preflight_20260102_214741\\frames\\1767408611517684400.png",
    "depth": "data\\maps\\sequence_coord_001_preflight_20260102_214741\\frames\\1767408611517684400_depth.npy"
  }
}