{
  "frame_id": "1767408589128553500",
  "sequence": 6948,
  "timestamp": "2026-01-02T21:49:49.128553",
  "timestamp_ns": 1767408589128553500,
  "camera": {
    "name": "front_center",
    "resolution": [
      1920,
      1080
    ],
    "fov_deg": 89.90362548828125,
    "intrinsics": {
      "fx": 961.6161300315734,
      "fy": 961.6161300315734,
      "cx": 960.0,
      "cy": 540.0
    },
    "pose": {
      "position": {
        "x": 89.0025634765625,
        "y": 107.05189514160156,
        "z": -20.11513328552246
      },
      "orientation": {
        "w": 0.8353690505027771,
        "x": 0.004919992759823799,
        "y": -0.06104493886232376,
        "z": 0.5462672114372253
      }
    }
  },
  "telemetry": {
    "sequence": 6949,
    "server_timestamp_ms": 1767408589554.741,
    "airsim_timestamp_ns": 1767408589554741000,
    "pose": {
      "timestamp_ns": 1767408589554741000,
      "position": {
        "x": 88.82268524169922,
        "y": 106.65646362304688,
        "z": -19.734712600708008
      },
      "orientation": {
        "w": 0.8363178968429565,
        "x": -0.06493301689624786,
        "y": 0.04695216566324234,
        "z": 0.5423574447631836
      },
      "linear_velocity": {
        "x": 0.6986449956893921,
        "y": 0.16386203467845917,
        "z": 0.26180538535118103
      },
      "angular_velocity": {
        "x": 0.02845695987343788,
        "y": -0.13970841467380524,
        "z": 6.451527588069439e-05
      }
    },
    "imu": {
      "timestamp_ns": 1767408589554515100,
      "linear_acceleration": {
        "x": -0.013646483421325684,
        "y": 0.040247946977615356,
        "z": -10.049789428710938
      },
      "angular_velocity": {
        "x": 0.02877386286854744,
        "y": -0.13924376666545868,
        "z": 6.488948565674946e-05
      },
      "orientation": {
        "w": -0.8363304138183594,
        "x": 0.064783975481987,
        "y": -0.046800825744867325,
        "z": -0.54236900806427
      }
    },
    "battery_percent": 67.03446053678617,
    "landed_state": "flying",
    "latency_ms": 426.0617999971146
  },
  "files": {
    "rgb": "data\\maps\\sequence_coord_001_preflight_20260102_214741\\frames\\1767408589128553500.png",
    "depth": "data\\maps\\sequence_coord_001_preflight_20260102_214741\\frames\\1767408589128553500_depth.npy"
  }
}