{
  "frame_id": "1767408523254477500",
  "sequence": 6231,
  "timestamp": "2026-01-02T21:48:43.254477",
  "timestamp_ns": 1767408523254477500,
  "camera": {
    "name": "front_center",
    "resolution": [
      1920,
      1080
    ],
    "fov_deg": 89.90362548828125,
    "intrinsics": {
      "fx": 961.6161300315734,
      "fy": 961.6161300315734,
      "cx": 960.0,
      "cy": 540.0
    },
    "pose": {
      "position": {
        "x": 60.49238586425781,
        "y": 55.38614273071289,
        "z": -21.035144805908203
      },
      "orientation": {
        "w": 0.860378623008728,
        "x": -0.019091052934527397,
        "y": 0.028976237401366234,
        "z": 0.5084728002548218
      }
    }
  },
  "telemetry": {
    "sequence": 6232,
    "server_timestamp_ms": 1767408523446.0752,
    "airsim_timestamp_ns": 1767408523446075100,
    "pose": {
      "timestamp_ns": 1767408523446075100,
      "position": {
        "x": 60.310096740722656,
        "y": 55.05807876586914,
        "z": -20.58888816833496
      },
      "orientation": {
        "w": 0.8492357730865479,
        "x": -0.08529674261808395,
        "y": 0.14103028178215027,
        "z": 0.5016308426856995
      },
      "linear_velocity": {
        "x": 1.4500733613967896,
        "y": 2.3467671871185303,
        "z": -0.734622061252594
      },
      "angular_velocity": {
        "x": -0.10533982515335083,
        "y": 0.10534980148077011,
        "z": 0.0035867244005203247
      }
    },
    "imu": {
      "timestamp_ns": 1767408523446112300,
      "linear_acceleration": {
        "x": -0.08812177181243896,
        "y": 0.028692573308944702,
        "z": -9.275832176208496
      },
      "angular_velocity": {
        "x": -0.10719708353281021,
        "y": 0.09654880315065384,
        "z": 0.003539556637406349
      },
      "orientation": {
        "w": 0.848731517791748,
        "x": -0.08783401548862457,
        "y": 0.14222390949726105,
        "z": 0.501709520816803
      }
    },
    "battery_percent": 83.36817610375795,
    "landed_state": "flying",
    "latency_ms": 191.80619999679038
  },
  "files": {
    "rgb": "data\\maps\\sequence_coord_001_preflight_20260102_214741\\frames\\1767408523254477500.png",
    "depth": "data\\maps\\sequence_coord_001_preflight_20260102_214741\\frames\\1767408523254477500_depth.npy"
  }
}