{
  "frame_id": "1767382084704249800",
  "sequence": 805,
  "timestamp": "2026-01-02T14:28:04.704249",
  "timestamp_ns": 1767382084704249800,
  "camera": {
    "name": "front_center",
    "resolution": [
      1280,
      720
    ],
    "fov_deg": 89.90362548828125,
    "intrinsics": {
      "fx": 641.077420021049,
      "fy": 641.077420021049,
      "cx": 640.0,
      "cy": 360.0
    },
    "pose": {
      "position": {
        "x": 36.28347396850586,
        "y": 32.46774673461914,
        "z": -20.618244171142578
      },
      "orientation": {
        "w": 0.9089732766151428,
        "x": 0.0122916791588068,
        "y": -0.03228550776839256,
        "z": 0.41542038321495056
      }
    }
  },
  "telemetry": {
    "sequence": 806,
    "server_timestamp_ms": 1767382084805.1382,
    "airsim_timestamp_ns": 1767382084805138200,
    "pose": {
      "timestamp_ns": 1767382084805138200,
      "position": {
        "x": 36.127220153808594,
        "y": 32.28813171386719,
        "z": -20.49245834350586
      },
      "orientation": {
        "w": 0.9083282351493835,
        "x": -0.023961367085576057,
        "y": 0.047059591859579086,
        "z": 0.4149108827114105
      },
      "linear_velocity": {
        "x": 0.9488694071769714,
        "y": -0.8176958560943604,
        "z": 0.0006279036751948297
      },
      "angular_velocity": {
        "x": 0.08832930773496628,
        "y": -0.0014135778183117509,
        "z": -3.161940549034625e-05
      }
    },
    "imu": {
      "timestamp_ns": 1767382080765630208,
      "linear_acceleration": {
        "x": -0.011156529188156128,
        "y": 0.051290735602378845,
        "z": -9.863272666931152
      },
      "angular_velocity": {
        "x": 0.08832930773496628,
        "y": -0.0014135778183117509,
        "z": -3.161940549034625e-05
      },
      "orientation": {
        "w": -0.9083380103111267,
        "x": 0.023598358035087585,
        "y": -0.04722009599208832,
        "z": -0.41489216685295105
      }
    },
    "battery_percent": 74.82903631116959,
    "landed_state": "flying",
    "latency_ms": 98.07939999882365
  },
  "files": {
    "rgb": "data\\maps\\sequence_normal_ops_001_preflight_20260102_142627\\frames\\1767382084704249800.png",
    "depth": "data\\maps\\sequence_normal_ops_001_preflight_20260102_142627\\frames\\1767382084704249800_depth.npy"
  }
}