{
  "frame_id": "1767382098876453100",
  "sequence": 950,
  "timestamp": "2026-01-02T14:28:18.876453",
  "timestamp_ns": 1767382098876453100,
  "camera": {
    "name": "front_center",
    "resolution": [
      1280,
      720
    ],
    "fov_deg": 89.90362548828125,
    "intrinsics": {
      "fx": 641.077420021049,
      "fy": 641.077420021049,
      "cx": 640.0,
      "cy": 360.0
    },
    "pose": {
      "position": {
        "x": 46.44727325439453,
        "y": 41.36689376831055,
        "z": -20.625383377075195
      },
      "orientation": {
        "w": 0.8470862507820129,
        "x": -0.03710707277059555,
        "y": -0.07577367126941681,
        "z": -0.5247154831886292
      }
    }
  },
  "telemetry": {
    "sequence": 952,
    "server_timestamp_ms": 1767382112578.9055,
    "airsim_timestamp_ns": 1767382112578905600,
    "pose": {
      "timestamp_ns": 1767382112578905600,
      "position": {
        "x": 46.3355712890625,
        "y": 41.590702056884766,
        "z": -20.523832321166992
      },
      "orientation": {
        "w": 0.8508461713790894,
        "x": 0.00728137232363224,
        "y": -0.0013538503553718328,
        "z": -0.5253626704216003
      },
      "linear_velocity": {
        "x": 0.13243871927261353,
        "y": 0.16374504566192627,
        "z": -0.0048849862068891525
      },
      "angular_velocity": {
        "x": -0.37981054186820984,
        "y": -0.15160192549228668,
        "z": 0.15111909806728363
      }
    },
    "imu": {
      "timestamp_ns": 1767382096854973440,
      "linear_acceleration": {
        "x": -0.008679769933223724,
        "y": -0.016384325921535492,
        "z": -9.91418743133545
      },
      "angular_velocity": {
        "x": -0.37981054186820984,
        "y": -0.15160192549228668,
        "z": 0.15111909806728363
      },
      "orientation": {
        "w": -0.850969672203064,
        "x": -0.006681435275822878,
        "y": 0.0012468387139961123,
        "z": 0.5251709222793579
      }
    },
    "battery_percent": 69.35828878714153,
    "landed_state": "flying",
    "latency_ms": 13694.085899998754
  },
  "files": {
    "rgb": "data\\maps\\sequence_normal_ops_001_preflight_20260102_142627\\frames\\1767382098876453100.png",
    "depth": "data\\maps\\sequence_normal_ops_001_preflight_20260102_142627\\frames\\1767382098876453100_depth.npy"
  }
}