{
  "frame_id": "1767382056596064500",
  "sequence": 544,
  "timestamp": "2026-01-02T14:27:36.596064",
  "timestamp_ns": 1767382056596064500,
  "camera": {
    "name": "front_center",
    "resolution": [
      1280,
      720
    ],
    "fov_deg": 89.90362548828125,
    "intrinsics": {
      "fx": 641.077420021049,
      "fy": 641.077420021049,
      "cx": 640.0,
      "cy": 360.0
    },
    "pose": {
      "position": {
        "x": 16.190786361694336,
        "y": 10.027318954467773,
        "z": -20.524442672729492
      },
      "orientation": {
        "w": 0.9486371874809265,
        "x": 0.05742671340703964,
        "y": -0.0964524894952774,
        "z": 0.29578137397766113
      }
    }
  },
  "telemetry": {
    "sequence": 545,
    "server_timestamp_ms": 1767382056685.0735,
    "airsim_timestamp_ns": 1767382056685073300,
    "pose": {
      "timestamp_ns": 1767382056685073300,
      "position": {
        "x": 15.985100746154785,
        "y": 9.877880096435547,
        "z": -20.43577766418457
      },
      "orientation": {
        "w": 0.9534336924552917,
        "x": 0.031429145485162735,
        "y": -0.013406283222138882,
        "z": 0.29966089129447937
      },
      "linear_velocity": {
        "x": -0.6410961747169495,
        "y": -0.011306109838187695,
        "z": 0.0002059567195829004
      },
      "angular_velocity": {
        "x": -0.04948299750685692,
        "y": -0.05068216472864151,
        "z": -4.865180380875245e-05
      }
    },
    "imu": {
      "timestamp_ns": 1767382052667030784,
      "linear_acceleration": {
        "x": -0.009483903646469116,
        "y": 0.005819782614707947,
        "z": -9.828484535217285
      },
      "angular_velocity": {
        "x": -0.049624670296907425,
        "y": -0.05051079019904137,
        "z": -4.8792531742947176e-05
      },
      "orientation": {
        "w": -0.9534350633621216,
        "x": -0.031381018459796906,
        "y": 0.013500919565558434,
        "z": -0.2996574938297272
      }
    },
    "battery_percent": 81.40916257085539,
    "landed_state": "flying",
    "latency_ms": 86.4118999998027
  },
  "files": {
    "rgb": "data\\maps\\sequence_normal_ops_001_preflight_20260102_142627\\frames\\1767382056596064500.png",
    "depth": "data\\maps\\sequence_normal_ops_001_preflight_20260102_142627\\frames\\1767382056596064500_depth.npy"
  }
}