{
  "frame_id": "1767382070655543000",
  "sequence": 676,
  "timestamp": "2026-01-02T14:27:50.655543",
  "timestamp_ns": 1767382070655543000,
  "camera": {
    "name": "front_center",
    "resolution": [
      1280,
      720
    ],
    "fov_deg": 89.90362548828125,
    "intrinsics": {
      "fx": 641.077420021049,
      "fy": 641.077420021049,
      "cx": 640.0,
      "cy": 360.0
    },
    "pose": {
      "position": {
        "x": 26.71742820739746,
        "y": 21.79195213317871,
        "z": -20.597213745117188
      },
      "orientation": {
        "w": 0.9191172122955322,
        "x": 0.021619226783514023,
        "y": -0.030841462314128876,
        "z": 0.3921797573566437
      }
    }
  },
  "telemetry": {
    "sequence": 677,
    "server_timestamp_ms": 1767382070768.3955,
    "airsim_timestamp_ns": 1767382070768395500,
    "pose": {
      "timestamp_ns": 1767382070768395500,
      "position": {
        "x": 26.553781509399414,
        "y": 21.61821174621582,
        "z": -20.472578048706055
      },
      "orientation": {
        "w": 0.9183077216148376,
        "x": -0.01264376100152731,
        "y": 0.04938224330544472,
        "z": 0.39257165789604187
      },
      "linear_velocity": {
        "x": 0.6870995163917542,
        "y": -0.9361477494239807,
        "z": 4.251061545801349e-05
      },
      "angular_velocity": {
        "x": 0.08911631256341934,
        "y": -0.020094601437449455,
        "z": 2.527506921978784e-06
      }
    },
    "imu": {
      "timestamp_ns": 1767382066725330688,
      "linear_acceleration": {
        "x": -0.00954657793045044,
        "y": 0.04461151361465454,
        "z": -9.861445426940918
      },
      "angular_velocity": {
        "x": 0.08911631256341934,
        "y": -0.020094601437449455,
        "z": 2.527506921978784e-06
      },
      "orientation": {
        "w": -0.9183201789855957,
        "x": 0.012105979956686497,
        "y": -0.04948420450091362,
        "z": -0.3925466239452362
      }
    },
    "battery_percent": 77.99945050449367,
    "landed_state": "flying",
    "latency_ms": 107.33240000263322
  },
  "files": {
    "rgb": "data\\maps\\sequence_normal_ops_001_preflight_20260102_142627\\frames\\1767382070655543000.png",
    "depth": "data\\maps\\sequence_normal_ops_001_preflight_20260102_142627\\frames\\1767382070655543000_depth.npy"
  }
}