{
  "frame_id": "1767415750788406700",
  "sequence": 395,
  "timestamp": "2026-01-02T23:49:10.788406",
  "timestamp_ns": 1767415750788406700,
  "camera": {
    "name": "front_center",
    "resolution": [
      1920,
      1080
    ],
    "fov_deg": 89.90362548828125,
    "intrinsics": {
      "fx": 961.6161300315734,
      "fy": 961.6161300315734,
      "cx": 960.0,
      "cy": 540.0,
      "depth_scale": 1.0,
      "depth_min_m": 0.1,
      "depth_max_m": 100.0,
      "distortion": null
    },
    "pose": {
      "position": {
        "x": 11.428112983703613,
        "y": 11.368492126464844,
        "z": -21.226680755615234
      },
      "orientation": {
        "w": 0.9311563372612,
        "x": -0.04919411614537239,
        "y": 0.039014630019664764,
        "z": 0.35917362570762634
      }
    }
  },
  "telemetry": {
    "sequence": 396,
    "server_timestamp_ms": 1767415751732.5027,
    "airsim_timestamp_ns": 1767415751732502800,
    "pose": {
      "timestamp_ns": 1767415751732502800,
      "position": {
        "x": 11.14424991607666,
        "y": 11.14908504486084,
        "z": -20.767024993896484
      },
      "orientation": {
        "w": 0.918097734451294,
        "x": -0.09565482288599014,
        "y": 0.1602211445569992,
        "z": 0.34967973828315735
      },
      "linear_velocity": {
        "x": 1.6215137243270874,
        "y": 1.2409697771072388,
        "z": -0.43130066990852356
      },
      "angular_velocity": {
        "x": -0.13515327870845795,
        "y": -0.07961265742778778,
        "z": 0.0007998191867955029
      }
    },
    "imu": {
      "timestamp_ns": 1767415751292882400,
      "linear_acceleration": {
        "x": -0.08022809028625488,
        "y": 0.019100695848464966,
        "z": -8.304824829101562
      },
      "angular_velocity": {
        "x": -0.13515327870845795,
        "y": -0.07961265742778778,
        "z": 0.0007998191867955029
      },
      "orientation": {
        "w": 0.918097734451294,
        "x": -0.09565482288599014,
        "y": 0.1602211445569992,
        "z": 0.34967973828315735
      }
    },
    "battery_percent": 86.80942636207354,
    "landed_state": "flying",
    "latency_ms": 919.5444999995743
  },
  "files": {
    "rgb": "data\\maps\\sequence_normal_ops_001_preflight_20260102_234819\\frames\\1767415750788406700.png",
    "depth": "data\\maps\\sequence_normal_ops_001_preflight_20260102_234819\\frames\\1767415750788406700_depth.npy"
  }
}