{
  "frame_id": "1767415739152016900",
  "sequence": 344,
  "timestamp": "2026-01-02T23:48:59.152016",
  "timestamp_ns": 1767415739152016900,
  "camera": {
    "name": "front_center",
    "resolution": [
      1920,
      1080
    ],
    "fov_deg": 89.90362548828125,
    "intrinsics": {
      "fx": 961.6161300315734,
      "fy": 961.6161300315734,
      "cx": 960.0,
      "cy": 540.0,
      "depth_scale": 1.0,
      "depth_min_m": 0.1,
      "depth_max_m": 100.0,
      "distortion": null
    },
    "pose": {
      "position": {
        "x": -2.641918420791626,
        "y": -1.3406376838684082,
        "z": -21.17352867126465
      },
      "orientation": {
        "w": 0.30354073643684387,
        "x": -0.07882419973611832,
        "y": -0.010601753368973732,
        "z": -0.9494932293891907
      }
    }
  },
  "telemetry": {
    "sequence": 346,
    "server_timestamp_ms": 1767415739657.8232,
    "airsim_timestamp_ns": 1767415739657823300,
    "pose": {
      "timestamp_ns": 1767415739657823300,
      "position": {
        "x": -2.2562787532806396,
        "y": -1.0791836977005005,
        "z": -20.82292366027832
      },
      "orientation": {
        "w": 0.3023276925086975,
        "x": 0.045783888548612595,
        "y": 0.029108960181474686,
        "z": -0.9516587853431702
      },
      "linear_velocity": {
        "x": -0.577337384223938,
        "y": -0.5337152481079102,
        "z": -0.5921257734298706
      },
      "angular_velocity": {
        "x": -0.07760128378868103,
        "y": 0.11988598108291626,
        "z": -0.08287622779607773
      }
    },
    "imu": {
      "timestamp_ns": 1767415739544805200,
      "linear_acceleration": {
        "x": 0.005837738513946533,
        "y": -0.010290831327438354,
        "z": -4.888843059539795
      },
      "angular_velocity": {
        "x": -0.07760128378868103,
        "y": 0.11988598108291626,
        "z": -0.08287622779607773
      },
      "orientation": {
        "w": -0.301063597202301,
        "x": -0.04731325805187225,
        "y": -0.030939899384975433,
        "z": 0.9519269466400146
      }
    },
    "battery_percent": 89.44456412970302,
    "landed_state": "flying",
    "latency_ms": 505.62710000031075
  },
  "files": {
    "rgb": "data\\maps\\sequence_normal_ops_001_preflight_20260102_234819\\frames\\1767415739152016900.png",
    "depth": "data\\maps\\sequence_normal_ops_001_preflight_20260102_234819\\frames\\1767415739152016900_depth.npy"
  }
}