{
  "frame_id": "1767396801308517200",
  "sequence": 1054,
  "timestamp": "2026-01-02T18:33:21.308517",
  "timestamp_ns": 1767396801308517200,
  "camera": {
    "name": "front_center",
    "resolution": [
      1920,
      1080
    ],
    "fov_deg": 89.90362548828125,
    "intrinsics": {
      "fx": 961.6161300315734,
      "fy": 961.6161300315734,
      "cx": 960.0,
      "cy": 540.0
    },
    "pose": {
      "position": {
        "x": 26.783233642578125,
        "y": 22.11460304260254,
        "z": -21.208147048950195
      },
      "orientation": {
        "w": 0.9019951820373535,
        "x": -0.03651374951004982,
        "y": 0.006241889670491219,
        "z": 0.43015408515930176
      }
    }
  },
  "telemetry": {
    "sequence": 1055,
    "server_timestamp_ms": 1767396801531.1643,
    "airsim_timestamp_ns": 1767396801531164500,
    "pose": {
      "timestamp_ns": 1767396801531164500,
      "position": {
        "x": 26.519493103027344,
        "y": 21.83012580871582,
        "z": -20.77281379699707
      },
      "orientation": {
        "w": 0.8934637308120728,
        "x": -0.09234774112701416,
        "y": 0.12392248213291168,
        "z": 0.42170804738998413
      },
      "linear_velocity": {
        "x": 1.1556518077850342,
        "y": 0.9071323871612549,
        "z": 0.02884446084499359
      },
      "angular_velocity": {
        "x": -0.07733288407325745,
        "y": -0.1911805123090744,
        "z": 0.00035114429192617536
      }
    },
    "imu": {
      "timestamp_ns": 1767396801850962176,
      "linear_acceleration": {
        "x": -0.04900538921356201,
        "y": 0.02709955722093582,
        "z": -8.905566215515137
      },
      "angular_velocity": {
        "x": -0.07733288407325745,
        "y": -0.1911805123090744,
        "z": 0.00035114429192617536
      },
      "orientation": {
        "w": 0.893674373626709,
        "x": -0.09224873036146164,
        "y": 0.12116444855928421,
        "z": 0.4220848083496094
      }
    },
    "battery_percent": 93.77549892830207,
    "landed_state": "flying",
    "latency_ms": 222.81330000259914
  },
  "files": {
    "rgb": "data\\maps\\sequence_normal_ops_001_preflight_20260102_183255\\frames\\1767396801308517200.png",
    "depth": "data\\maps\\sequence_normal_ops_001_preflight_20260102_183255\\frames\\1767396801308517200_depth.npy"
  }
}