{
  "frame_id": "1767396787696600800",
  "sequence": 671,
  "timestamp": "2026-01-02T18:33:07.696600",
  "timestamp_ns": 1767396787696600800,
  "camera": {
    "name": "front_center",
    "resolution": [
      1920,
      1080
    ],
    "fov_deg": 89.90362548828125,
    "intrinsics": {
      "fx": 961.6161300315734,
      "fy": 961.6161300315734,
      "cx": 960.0,
      "cy": 540.0
    },
    "pose": {
      "position": {
        "x": 5.9895501136779785,
        "y": 0.9657731056213379,
        "z": -20.41972541809082
      },
      "orientation": {
        "w": 0.7098369002342224,
        "x": -0.020568029955029488,
        "y": 0.019842471927404404,
        "z": 0.7037860751152039
      }
    }
  },
  "telemetry": {
    "sequence": 672,
    "server_timestamp_ms": 1767396787891.4304,
    "airsim_timestamp_ns": 1767396787891430500,
    "pose": {
      "timestamp_ns": 1767396787891430500,
      "position": {
        "x": 5.985743999481201,
        "y": 0.585080623626709,
        "z": -19.978071212768555
      },
      "orientation": {
        "w": 0.7011741399765015,
        "x": -0.11225458234548569,
        "y": 0.112325020134449,
        "z": 0.6950803995132446
      },
      "linear_velocity": {
        "x": 0.029131770133972168,
        "y": 2.756347417831421,
        "z": -0.7302398085594177
      },
      "angular_velocity": {
        "x": 0.007253575604408979,
        "y": 0.051134899258613586,
        "z": 0.0024967563804239035
      }
    },
    "imu": {
      "timestamp_ns": 1767396788227671552,
      "linear_acceleration": {
        "x": -0.05179858207702637,
        "y": 0.02814793586730957,
        "z": -9.415950775146484
      },
      "angular_velocity": {
        "x": 0.006994319148361683,
        "y": 0.04284520447254181,
        "z": 0.0024665682576596737
      },
      "orientation": {
        "w": 0.7009877562522888,
        "x": -0.11321069300174713,
        "y": 0.11348888278007507,
        "z": 0.6949243545532227
      }
    },
    "battery_percent": 97.09440594570447,
    "landed_state": "flying",
    "latency_ms": 194.520700002613
  },
  "files": {
    "rgb": "data\\maps\\sequence_normal_ops_001_preflight_20260102_183255\\frames\\1767396787696600800.png",
    "depth": "data\\maps\\sequence_normal_ops_001_preflight_20260102_183255\\frames\\1767396787696600800_depth.npy"
  }
}