{
  "frame_id": "1767396795436207900",
  "sequence": 879,
  "timestamp": "2026-01-02T18:33:15.436207",
  "timestamp_ns": 1767396795436207900,
  "camera": {
    "name": "front_center",
    "resolution": [
      1920,
      1080
    ],
    "fov_deg": 89.90362548828125,
    "intrinsics": {
      "fx": 961.6161300315734,
      "fy": 961.6161300315734,
      "cx": 960.0,
      "cy": 540.0
    },
    "pose": {
      "position": {
        "x": 17.245223999023438,
        "y": 11.57012939453125,
        "z": -21.239124298095703
      },
      "orientation": {
        "w": 0.931266188621521,
        "x": -0.0412948876619339,
        "y": 0.019947249442338943,
        "z": 0.36144179105758667
      }
    }
  },
  "telemetry": {
    "sequence": 880,
    "server_timestamp_ms": 1767396795656.491,
    "airsim_timestamp_ns": 1767396795656490900,
    "pose": {
      "timestamp_ns": 1767396795655491900,
      "position": {
        "x": 16.94919204711914,
        "y": 11.336224555969238,
        "z": -20.79454231262207
      },
      "orientation": {
        "w": 0.920695424079895,
        "x": -0.08811922371387482,
        "y": 0.14133122563362122,
        "z": 0.352959543466568
      },
      "linear_velocity": {
        "x": 1.30287766456604,
        "y": 0.8404691815376282,
        "z": -0.06408625841140747
      },
      "angular_velocity": {
        "x": -0.08874724060297012,
        "y": -0.16152246296405792,
        "z": 0.0004277615516912192
      }
    },
    "imu": {
      "timestamp_ns": 1767396795958836480,
      "linear_acceleration": {
        "x": -0.05884814262390137,
        "y": 0.02052140235900879,
        "z": -8.719440460205078
      },
      "angular_velocity": {
        "x": -0.08874724060297012,
        "y": -0.16152246296405792,
        "z": 0.0004277615516912192
      },
      "orientation": {
        "w": 0.920695424079895,
        "x": -0.08811922371387482,
        "y": 0.14133122563362122,
        "z": 0.352959543466568
      }
    },
    "battery_percent": 95.24692722911662,
    "landed_state": "flying",
    "latency_ms": 219.10190000198781
  },
  "files": {
    "rgb": "data\\maps\\sequence_normal_ops_001_preflight_20260102_183255\\frames\\1767396795436207900.png",
    "depth": "data\\maps\\sequence_normal_ops_001_preflight_20260102_183255\\frames\\1767396795436207900_depth.npy"
  }
}