{
  "frame_id": "1767396807227180400",
  "sequence": 1248,
  "timestamp": "2026-01-02T18:33:27.227180",
  "timestamp_ns": 1767396807227180400,
  "camera": {
    "name": "front_center",
    "resolution": [
      1920,
      1080
    ],
    "fov_deg": 89.90362548828125,
    "intrinsics": {
      "fx": 961.6161300315734,
      "fy": 961.6161300315734,
      "cx": 960.0,
      "cy": 540.0
    },
    "pose": {
      "position": {
        "x": 36.56684875488281,
        "y": 32.45378494262695,
        "z": -21.179214477539062
      },
      "orientation": {
        "w": 0.905596137046814,
        "x": -0.03513064607977867,
        "y": -0.0039402516558766365,
        "z": 0.4226653277873993
      }
    }
  },
  "telemetry": {
    "sequence": 1249,
    "server_timestamp_ms": 1767396807458.2307,
    "airsim_timestamp_ns": 1767396807458230700,
    "pose": {
      "timestamp_ns": 1767396807458230700,
      "position": {
        "x": 36.29092025756836,
        "y": 32.16866683959961,
        "z": -20.751930236816406
      },
      "orientation": {
        "w": 0.898362934589386,
        "x": -0.0899989977478981,
        "y": 0.11429747194051743,
        "z": 0.41446390748023987
      },
      "linear_velocity": {
        "x": 1.0181291103363037,
        "y": 0.6227452158927917,
        "z": 0.15017645061016083
      },
      "angular_velocity": {
        "x": -0.04303848370909691,
        "y": -0.1905054748058319,
        "z": 0.00036244612419977784
      }
    },
    "imu": {
      "timestamp_ns": 1767396807773088512,
      "linear_acceleration": {
        "x": -0.040252089500427246,
        "y": 0.02723126858472824,
        "z": -9.242630958557129
      },
      "angular_velocity": {
        "x": -0.04303848370909691,
        "y": -0.1905054748058319,
        "z": 0.00036244612419977784
      },
      "orientation": {
        "w": 0.8986188769340515,
        "x": -0.08945535868406296,
        "y": 0.11143370717763901,
        "z": 0.4148064851760864
      }
    },
    "battery_percent": 92.2827202846433,
    "landed_state": "flying",
    "latency_ms": 230.75249999965308
  },
  "files": {
    "rgb": "data\\maps\\sequence_normal_ops_001_preflight_20260102_183255\\frames\\1767396807227180400.png",
    "depth": "data\\maps\\sequence_normal_ops_001_preflight_20260102_183255\\frames\\1767396807227180400_depth.npy"
  }
}