{
  "frame_id": "1767396812947486800",
  "sequence": 1431,
  "timestamp": "2026-01-02T18:33:32.947486",
  "timestamp_ns": 1767396812947486800,
  "camera": {
    "name": "front_center",
    "resolution": [
      1920,
      1080
    ],
    "fov_deg": 89.90362548828125,
    "intrinsics": {
      "fx": 961.6161300315734,
      "fy": 961.6161300315734,
      "cx": 960.0,
      "cy": 540.0
    },
    "pose": {
      "position": {
        "x": 46.09552001953125,
        "y": 42.58564758300781,
        "z": -21.24468994140625
      },
      "orientation": {
        "w": 0.9067655205726624,
        "x": -0.031222941353917122,
        "y": 0.013845556415617466,
        "z": 0.4202496409416199
      }
    }
  },
  "telemetry": {
    "sequence": 1432,
    "server_timestamp_ms": 1767396813170.2517,
    "airsim_timestamp_ns": 1767396813170251400,
    "pose": {
      "timestamp_ns": 1767396813170251400,
      "position": {
        "x": 45.83304977416992,
        "y": 42.30570602416992,
        "z": -20.805665969848633
      },
      "orientation": {
        "w": 0.8972007632255554,
        "x": -0.08580940961837769,
        "y": 0.13208375871181488,
        "z": 0.4125789403915405
      },
      "linear_velocity": {
        "x": 1.2577030658721924,
        "y": 0.9624348878860474,
        "z": -0.03908737376332283
      },
      "angular_velocity": {
        "x": -0.0957733690738678,
        "y": -0.1787090301513672,
        "z": 0.0013478558976203203
      }
    },
    "imu": {
      "timestamp_ns": 1767396813482210304,
      "linear_acceleration": {
        "x": -0.05373203754425049,
        "y": 0.02705993503332138,
        "z": -8.7841796875
      },
      "angular_velocity": {
        "x": -0.0957733690738678,
        "y": -0.1787090301513672,
        "z": 0.0013478558976203203
      },
      "orientation": {
        "w": 0.8974087238311768,
        "x": -0.08605892211198807,
        "y": 0.12909096479415894,
        "z": 0.41302183270454407
      }
    },
    "battery_percent": 90.8460433670586,
    "landed_state": "flying",
    "latency_ms": 222.98779999982798
  },
  "files": {
    "rgb": "data\\maps\\sequence_normal_ops_001_preflight_20260102_183255\\frames\\1767396812947486800.png",
    "depth": "data\\maps\\sequence_normal_ops_001_preflight_20260102_183255\\frames\\1767396812947486800_depth.npy"
  }
}