{
  "frame_id": "1767407035660208200",
  "sequence": 7,
  "timestamp": "2026-01-02T21:23:55.660208",
  "timestamp_ns": 1767407035660208200,
  "camera": {
    "name": "front_center",
    "resolution": [
      1920,
      1080
    ],
    "fov_deg": 89.90362548828125,
    "intrinsics": {
      "fx": 961.6161300315734,
      "fy": 961.6161300315734,
      "cx": 960.0,
      "cy": 540.0
    },
    "pose": {
      "position": {
        "x": 54.48314666748047,
        "y": 49.17508316040039,
        "z": -20.845687866210938
      },
      "orientation": {
        "w": 0.427700012922287,
        "x": 0.013310104608535767,
        "y": 0.026233991608023643,
        "z": -0.9034419059753418
      }
    }
  },
  "telemetry": {
    "sequence": 8,
    "server_timestamp_ms": 1767407035900.5508,
    "airsim_timestamp_ns": 1767407035900550900,
    "pose": {
      "timestamp_ns": 1767407035900550900,
      "position": {
        "x": 54.73936080932617,
        "y": 49.46338653564453,
        "z": -20.408382415771484
      },
      "orientation": {
        "w": 0.4206167757511139,
        "x": 0.13111907243728638,
        "y": 0.08183561265468597,
        "z": -0.893975555896759
      },
      "linear_velocity": {
        "x": -1.3253782987594604,
        "y": -1.510219931602478,
        "z": -0.35948142409324646
      },
      "angular_velocity": {
        "x": -0.14360804855823517,
        "y": -0.12091652303934097,
        "z": -0.0007806526264175773
      }
    },
    "imu": {
      "timestamp_ns": 1767407035898373500,
      "linear_acceleration": {
        "x": -0.0033056139945983887,
        "y": -0.03249669075012207,
        "z": -8.502534866333008
      },
      "angular_velocity": {
        "x": -0.14360804855823517,
        "y": -0.12091652303934097,
        "z": -0.0007806526264175773
      },
      "orientation": {
        "w": 0.420742392539978,
        "x": 0.13036797940731049,
        "y": 0.08219261467456818,
        "z": -0.8939935564994812
      }
    },
    "battery_percent": 72.34303613873715,
    "landed_state": "flying",
    "latency_ms": 239.2494000014267
  },
  "files": {
    "rgb": "data\\maps\\sequence_normal_ops_001_preflight_bravo_20260102_212111\\frames\\1767407035660208200.png",
    "depth": "data\\maps\\sequence_normal_ops_001_preflight_bravo_20260102_212111\\frames\\1767407035660208200_depth.npy"
  }
}