{
  "frame_id": "1767406939360759900",
  "sequence": 5,
  "timestamp": "2026-01-02T21:22:19.360759",
  "timestamp_ns": 1767406939360759900,
  "camera": {
    "name": "front_center",
    "resolution": [
      1920,
      1080
    ],
    "fov_deg": 89.90362548828125,
    "intrinsics": {
      "fx": 961.6161300315734,
      "fy": 961.6161300315734,
      "cx": 960.0,
      "cy": 540.0
    },
    "pose": {
      "position": {
        "x": 22.420427322387695,
        "y": 20.399307250976562,
        "z": -20.942066192626953
      },
      "orientation": {
        "w": 0.9270110130310059,
        "x": -0.007233514916151762,
        "y": 0.0017819664208218455,
        "z": 0.37496015429496765
      }
    }
  },
  "telemetry": {
    "sequence": 6,
    "server_timestamp_ms": 1767406939599.1562,
    "airsim_timestamp_ns": 1767406939599156100,
    "pose": {
      "timestamp_ns": 1767406939599156100,
      "position": {
        "x": 22.12819480895996,
        "y": 20.123729705810547,
        "z": -20.519386291503906
      },
      "orientation": {
        "w": 0.9188476800918579,
        "x": -0.056113749742507935,
        "y": 0.1227659359574318,
        "z": 0.3708081543445587
      },
      "linear_velocity": {
        "x": 2.3802449703216553,
        "y": 2.099869966506958,
        "z": -0.6917275190353394
      },
      "angular_velocity": {
        "x": -0.13856607675552368,
        "y": 0.828060507774353,
        "z": 0.00012717813660856336
      }
    },
    "imu": {
      "timestamp_ns": 1767406939598587700,
      "linear_acceleration": {
        "x": -0.14813482761383057,
        "y": 0.040628254413604736,
        "z": -13.731698989868164
      },
      "angular_velocity": {
        "x": -0.13856607675552368,
        "y": 0.828060507774353,
        "z": 0.00012717813660856336
      },
      "orientation": {
        "w": 0.9162362217903137,
        "x": -0.06521133333444595,
        "y": 0.13922007381916046,
        "z": 0.3699682056903839
      }
    },
    "battery_percent": 88.69539619472071,
    "landed_state": "flying",
    "latency_ms": 238.59320000337902
  },
  "files": {
    "rgb": "data\\maps\\sequence_normal_ops_001_preflight_bravo_20260102_212111\\frames\\1767406939360759900.png",
    "depth": "data\\maps\\sequence_normal_ops_001_preflight_bravo_20260102_212111\\frames\\1767406939360759900_depth.npy"
  }
}