{
  "frame_id": "1767406926089223100",
  "sequence": 1,
  "timestamp": "2026-01-02T21:22:06.089223",
  "timestamp_ns": 1767406926089223100,
  "camera": {
    "name": "front_center",
    "resolution": [
      1920,
      1080
    ],
    "fov_deg": 89.90362548828125,
    "intrinsics": {
      "fx": 961.6161300315734,
      "fy": 961.6161300315734,
      "cx": 960.0,
      "cy": 540.0
    },
    "pose": {
      "position": {
        "x": 0.02208724245429039,
        "y": -0.7992766499519348,
        "z": -21.1099910736084
      },
      "orientation": {
        "w": 0.7200145721435547,
        "x": -0.04917193204164505,
        "y": -0.051985789090394974,
        "z": -0.6902598142623901
      }
    }
  },
  "telemetry": {
    "sequence": 2,
    "server_timestamp_ms": 1767406926315.519,
    "airsim_timestamp_ns": 1767406926315519000,
    "pose": {
      "timestamp_ns": 1767406926315519000,
      "position": {
        "x": 0.0022693288046866655,
        "y": -0.33869966864585876,
        "z": -20.752954483032227
      },
      "orientation": {
        "w": 0.7206403017044067,
        "x": 0.04134572297334671,
        "y": 0.042439721524715424,
        "z": -0.6907727718353271
      },
      "linear_velocity": {
        "x": 0.034525830298662186,
        "y": -0.7674801349639893,
        "z": -1.2001714706420898
      },
      "angular_velocity": {
        "x": 0.003577444003894925,
        "y": -0.07711677253246307,
        "z": -0.00047459237975999713
      }
    },
    "imu": {
      "timestamp_ns": 1767406926314227700,
      "linear_acceleration": {
        "x": -0.007502555847167969,
        "y": -0.028233259916305542,
        "z": -4.7836103439331055
      },
      "angular_velocity": {
        "x": 0.003577444003894925,
        "y": -0.07711677253246307,
        "z": -0.00047459237975999713
      },
      "orientation": {
        "w": 0.7206807136535645,
        "x": 0.04058689996600151,
        "y": 0.041576284915208817,
        "z": -0.6908281445503235
      }
    },
    "battery_percent": 91.22495606399181,
    "landed_state": "flying",
    "latency_ms": 225.40699999808567
  },
  "files": {
    "rgb": "data\\maps\\sequence_normal_ops_001_preflight_bravo_20260102_212111\\frames\\1767406926089223100.png",
    "depth": "data\\maps\\sequence_normal_ops_001_preflight_bravo_20260102_212111\\frames\\1767406926089223100_depth.npy"
  }
}