{
  "frame_id": "1767407048642277200",
  "sequence": 9,
  "timestamp": "2026-01-02T21:24:08.642277",
  "timestamp_ns": 1767407048642277200,
  "camera": {
    "name": "front_center",
    "resolution": [
      1920,
      1080
    ],
    "fov_deg": 89.90362548828125,
    "intrinsics": {
      "fx": 961.6161300315734,
      "fy": 961.6161300315734,
      "cx": 960.0,
      "cy": 540.0
    },
    "pose": {
      "position": {
        "x": 67.20008850097656,
        "y": 60.967044830322266,
        "z": -20.47926139831543
      },
      "orientation": {
        "w": 0.9322949051856995,
        "x": -0.018903782591223717,
        "y": 0.01774720288813114,
        "z": 0.3607684373855591
      }
    }
  },
  "telemetry": {
    "sequence": 10,
    "server_timestamp_ms": 1767407049062.196,
    "airsim_timestamp_ns": 1767407049062195900,
    "pose": {
      "timestamp_ns": 1767407049062195900,
      "position": {
        "x": 67.2250747680664,
        "y": 60.99494934082031,
        "z": -20.107637405395508
      },
      "orientation": {
        "w": 0.9184524416923523,
        "x": -0.08470914512872696,
        "y": 0.1498170793056488,
        "z": 0.35612407326698303
      },
      "linear_velocity": {
        "x": 1.697191596031189,
        "y": 1.4583152532577515,
        "z": -0.2965167760848999
      },
      "angular_velocity": {
        "x": -0.15748172998428345,
        "y": 0.023163020610809326,
        "z": 0.0008481768309138715
      }
    },
    "imu": {
      "timestamp_ns": 1767407049060788000,
      "linear_acceleration": {
        "x": -0.1199948787689209,
        "y": 0.03574472665786743,
        "z": -9.14760971069336
      },
      "angular_velocity": {
        "x": -0.15677088499069214,
        "y": 0.01895543932914734,
        "z": 0.0008390448056161404
      },
      "orientation": {
        "w": 0.9184010028839111,
        "x": -0.08516743034124374,
        "y": 0.14971283078193665,
        "z": 0.3561912775039673
      }
    },
    "battery_percent": 70.05270076205133,
    "landed_state": "flying",
    "latency_ms": 419.6019999944838
  },
  "files": {
    "rgb": "data\\maps\\sequence_normal_ops_001_preflight_bravo_20260102_212111\\frames\\1767407048642277200.png",
    "depth": "data\\maps\\sequence_normal_ops_001_preflight_bravo_20260102_212111\\frames\\1767407048642277200_depth.npy"
  }
}