{
  "frame_id": "1767406933647289600",
  "sequence": 3,
  "timestamp": "2026-01-02T21:22:13.647289",
  "timestamp_ns": 1767406933647289600,
  "camera": {
    "name": "front_center",
    "resolution": [
      1920,
      1080
    ],
    "fov_deg": 89.90362548828125,
    "intrinsics": {
      "fx": 961.6161300315734,
      "fy": 961.6161300315734,
      "cx": 960.0,
      "cy": 540.0
    },
    "pose": {
      "position": {
        "x": 10.955243110656738,
        "y": 9.913154602050781,
        "z": -21.024761199951172
      },
      "orientation": {
        "w": 0.9232406616210938,
        "x": -0.0345233678817749,
        "y": 0.03479229658842087,
        "z": 0.38108304142951965
      }
    }
  },
  "telemetry": {
    "sequence": 4,
    "server_timestamp_ms": 1767406933991.684,
    "airsim_timestamp_ns": 1767406933991684100,
    "pose": {
      "timestamp_ns": 1767406933991684100,
      "position": {
        "x": 10.754508018493652,
        "y": 9.73327922821045,
        "z": -20.599393844604492
      },
      "orientation": {
        "w": 0.9092999696731567,
        "x": -0.08985188603401184,
        "y": 0.16060234606266022,
        "z": 0.3732386827468872
      },
      "linear_velocity": {
        "x": 2.0783746242523193,
        "y": 1.9640984535217285,
        "z": -0.8712189197540283
      },
      "angular_velocity": {
        "x": -0.2029084712266922,
        "y": 0.3886411786079407,
        "z": 0.002774573629721999
      }
    },
    "imu": {
      "timestamp_ns": 1767406933983564300,
      "linear_acceleration": {
        "x": -0.10911440849304199,
        "y": 0.021582186222076416,
        "z": -10.683552742004395
      },
      "angular_velocity": {
        "x": -0.2029084712266922,
        "y": 0.3886411786079407,
        "z": 0.002774573629721999
      },
      "orientation": {
        "w": 0.9092999696731567,
        "x": -0.08985188603401184,
        "y": 0.16060234606266022,
        "z": 0.3732386827468872
      }
    },
    "battery_percent": 89.77958976473121,
    "landed_state": "flying",
    "latency_ms": 344.3369999949937
  },
  "files": {
    "rgb": "data\\maps\\sequence_normal_ops_001_preflight_bravo_20260102_212111\\frames\\1767406933647289600.png",
    "depth": "data\\maps\\sequence_normal_ops_001_preflight_bravo_20260102_212111\\frames\\1767406933647289600_depth.npy"
  }
}