{
  "frame_id": "1767414090674441000",
  "sequence": 5,
  "timestamp": "2026-01-02T23:21:30.674441",
  "timestamp_ns": 1767414090674441000,
  "camera": {
    "name": "front_center",
    "resolution": [
      1920,
      1080
    ],
    "fov_deg": 89.90362548828125,
    "intrinsics": {
      "fx": 961.6161300315734,
      "fy": 961.6161300315734,
      "cx": 960.0,
      "cy": 540.0,
      "depth_scale": 1.0,
      "depth_min_m": 0.1,
      "depth_max_m": 100.0,
      "distortion": null
    },
    "pose": {
      "position": {
        "x": 86.0443344116211,
        "y": 84.46732330322266,
        "z": -20.49161148071289
      },
      "orientation": {
        "w": 0.8919470906257629,
        "x": -0.02660907618701458,
        "y": -0.03074044920504093,
        "z": 0.4503081142902374
      }
    }
  },
  "telemetry": {
    "sequence": 6,
    "server_timestamp_ms": 1767414090901.8806,
    "airsim_timestamp_ns": 1767414090901880500,
    "pose": {
      "timestamp_ns": 1767414090901880500,
      "position": {
        "x": 85.77113342285156,
        "y": 84.14936065673828,
        "z": -20.086322784423828
      },
      "orientation": {
        "w": 0.8883287906646729,
        "x": -0.08515843749046326,
        "y": 0.0859449952840805,
        "z": 0.4429824948310852
      },
      "linear_velocity": {
        "x": 0.7907227873802185,
        "y": 0.520113468170166,
        "z": 0.19268763065338135
      },
      "angular_velocity": {
        "x": -0.01426788605749607,
        "y": -0.1785527914762497,
        "z": -0.00013218510139267892
      }
    },
    "imu": {
      "timestamp_ns": 1767414090886596800,
      "linear_acceleration": {
        "x": -0.031607866287231445,
        "y": 0.027028977870941162,
        "z": -9.573224067687988
      },
      "angular_velocity": {
        "x": -0.01426788605749607,
        "y": -0.1785527914762497,
        "z": -0.00013218510139267892
      },
      "orientation": {
        "w": 0.8885350227355957,
        "x": -0.08420580625534058,
        "y": 0.08342709392309189,
        "z": 0.44323229789733887
      }
    },
    "battery_percent": 73.7911229448104,
    "landed_state": "flying",
    "latency_ms": 224.66009999970993
  },
  "files": {
    "rgb": "data\\maps\\sequence_normal_ops_001_preflight_alpha_20260102_232130\\frames\\1767414090674441000.png",
    "depth": "data\\maps\\sequence_normal_ops_001_preflight_alpha_20260102_232130\\frames\\1767414090674441000_depth.npy"
  }
}