{
  "frame_id": "1767408395855439100",
  "sequence": 549,
  "timestamp": "2026-01-02T21:46:35.855439",
  "timestamp_ns": 1767408395855439100,
  "camera": {
    "name": "front_center",
    "resolution": [
      1920,
      1080
    ],
    "fov_deg": 89.90362548828125,
    "intrinsics": {
      "fx": 961.6161300315734,
      "fy": 961.6161300315734,
      "cx": 960.0,
      "cy": 540.0
    },
    "pose": {
      "position": {
        "x": 18.76968765258789,
        "y": 2.892151355743408,
        "z": -20.776826858520508
      },
      "orientation": {
        "w": 0.9774596095085144,
        "x": 0.021189289167523384,
        "y": -0.12263353168964386,
        "z": 0.17054232954978943
      }
    }
  },
  "telemetry": {
    "sequence": 550,
    "server_timestamp_ms": 1767408395964.0845,
    "airsim_timestamp_ns": 1767408395964084500,
    "pose": {
      "timestamp_ns": 1767408395964084500,
      "position": {
        "x": 18.35546112060547,
        "y": 2.74324631690979,
        "z": -20.469608306884766
      },
      "orientation": {
        "w": 0.9846587777137756,
        "x": -0.005709483288228512,
        "y": 0.030169660225510597,
        "z": 0.1717679649591446
      },
      "linear_velocity": {
        "x": 3.5153379440307617,
        "y": 1.2665387392044067,
        "z": 0.07423444837331772
      },
      "angular_velocity": {
        "x": -0.046096350997686386,
        "y": 3.256312847137451,
        "z": -6.20817081653513e-06
      }
    },
    "imu": {
      "timestamp_ns": 1767408395963878100,
      "linear_acceleration": {
        "x": -0.0949631854891777,
        "y": 0.004884451627731323,
        "z": -11.390215873718262
      },
      "angular_velocity": {
        "x": -0.05088185891509056,
        "y": 3.1089799404144287,
        "z": 3.669376019388437e-05
      },
      "orientation": {
        "w": -0.9845026135444641,
        "x": 0.0066040148958563805,
        "y": -0.034872982650995255,
        "z": -0.17174087464809418
      }
    },
    "battery_percent": 96.83178837487512,
    "landed_state": "flying",
    "latency_ms": 107.86689999804366
  },
  "files": {
    "rgb": "data\\maps\\sequence_patrol_recharge_001_preflight_20260102_214635\\frames\\1767408395855439100.png",
    "depth": "data\\maps\\sequence_patrol_recharge_001_preflight_20260102_214635\\frames\\1767408395855439100_depth.npy"
  }
}