{
  "frame_id": "1767404597520274400",
  "sequence": 19,
  "timestamp": "2026-01-02T20:43:17.520274",
  "timestamp_ns": 1767404597520274400,
  "camera": {
    "name": "front_center",
    "resolution": [
      1920,
      1080
    ],
    "fov_deg": 89.90362548828125,
    "intrinsics": {
      "fx": 961.6161300315734,
      "fy": 961.6161300315734,
      "cx": 960.0,
      "cy": 540.0
    },
    "pose": {
      "position": {
        "x": -31.436567306518555,
        "y": -109.64165496826172,
        "z": -21.054763793945312
      },
      "orientation": {
        "w": 0.6112906336784363,
        "x": -0.057867974042892456,
        "y": -0.018437953665852547,
        "z": -0.7890723347663879
      }
    }
  },
  "telemetry": {
    "sequence": 20,
    "server_timestamp_ms": 1767404597735.824,
    "airsim_timestamp_ns": 1767404597735823800,
    "pose": {
      "timestamp_ns": 1767404597735823800,
      "position": {
        "x": -31.308046340942383,
        "y": -109.20965576171875,
        "z": -20.68482208251953
      },
      "orientation": {
        "w": 0.6084675788879395,
        "x": 0.04562169685959816,
        "y": 0.06150922551751137,
        "z": -0.7898749709129333
      },
      "linear_velocity": {
        "x": -0.5750834941864014,
        "y": -0.6885547637939453,
        "z": 0.25169283151626587
      },
      "angular_velocity": {
        "x": 0.00512330885976553,
        "y": -0.16319184005260468,
        "z": 1.5646237443434075e-05
      }
    },
    "imu": {
      "timestamp_ns": 1767404597733293000,
      "linear_acceleration": {
        "x": -0.0053147077560424805,
        "y": -0.016901671886444092,
        "z": -9.943225860595703
      },
      "angular_velocity": {
        "x": 0.00512330885976553,
        "y": -0.16319184005260468,
        "z": 1.5646237443434075e-05
      },
      "orientation": {
        "w": -0.6084970235824585,
        "x": -0.04524391517043114,
        "y": -0.06119981035590172,
        "z": 0.789898157119751
      }
    },
    "battery_percent": 82.1986538486304,
    "landed_state": "flying",
    "latency_ms": 215.53159999893978
  },
  "files": {
    "rgb": "data\\maps\\sequence_normal_ops_001_preflight_charlie_20260102_204147\\frames\\1767404597520274400.png",
    "depth": "data\\maps\\sequence_normal_ops_001_preflight_charlie_20260102_204147\\frames\\1767404597520274400_depth.npy"
  }
}