{
  "frame_id": "1767404591871597200",
  "sequence": 15,
  "timestamp": "2026-01-02T20:43:11.871597",
  "timestamp_ns": 1767404591871597200,
  "camera": {
    "name": "front_center",
    "resolution": [
      1920,
      1080
    ],
    "fov_deg": 89.90362548828125,
    "intrinsics": {
      "fx": 961.6161300315734,
      "fy": 961.6161300315734,
      "cx": 960.0,
      "cy": 540.0
    },
    "pose": {
      "position": {
        "x": -27.184995651245117,
        "y": -95.29389190673828,
        "z": -21.1859073638916
      },
      "orientation": {
        "w": 0.6084555387496948,
        "x": 0.009479654021561146,
        "y": 0.01994922384619713,
        "z": -0.7932805418968201
      }
    }
  },
  "telemetry": {
    "sequence": 16,
    "server_timestamp_ms": 1767404592136.7075,
    "airsim_timestamp_ns": 1767404592136707500,
    "pose": {
      "timestamp_ns": 1767404592136707500,
      "position": {
        "x": -27.075990676879883,
        "y": -94.9208755493164,
        "z": -20.75119400024414
      },
      "orientation": {
        "w": 0.6006461977958679,
        "x": 0.11294244229793549,
        "y": 0.09919793903827667,
        "z": -0.785256564617157
      },
      "linear_velocity": {
        "x": -0.6798468232154846,
        "y": -2.0324666500091553,
        "z": -0.27810707688331604
      },
      "angular_velocity": {
        "x": -0.07336276024580002,
        "y": -0.25001460313796997,
        "z": 0.001552287139929831
      }
    },
    "imu": {
      "timestamp_ns": 1767404592078119700,
      "linear_acceleration": {
        "x": -0.02332782745361328,
        "y": -0.021202564239501953,
        "z": -8.216845512390137
      },
      "angular_velocity": {
        "x": -0.07336276024580002,
        "y": -0.25001460313796997,
        "z": 0.001552287139929831
      },
      "orientation": {
        "w": -0.6008508801460266,
        "x": -0.1115078553557396,
        "y": -0.09865052253007889,
        "z": 0.7853740453720093
      }
    },
    "battery_percent": 83.17558164401505,
    "landed_state": "flying",
    "latency_ms": 264.87600000109524
  },
  "files": {
    "rgb": "data\\maps\\sequence_normal_ops_001_preflight_charlie_20260102_204147\\frames\\1767404591871597200.png",
    "depth": "data\\maps\\sequence_normal_ops_001_preflight_charlie_20260102_204147\\frames\\1767404591871597200_depth.npy"
  }
}