{
  "frame_id": "1767404596726676200",
  "sequence": 17,
  "timestamp": "2026-01-02T20:43:16.726676",
  "timestamp_ns": 1767404596726676200,
  "camera": {
    "name": "front_center",
    "resolution": [
      1920,
      1080
    ],
    "fov_deg": 89.90362548828125,
    "intrinsics": {
      "fx": 961.6161300315734,
      "fy": 961.6161300315734,
      "cx": 960.0,
      "cy": 540.0
    },
    "pose": {
      "position": {
        "x": -30.911865234375,
        "y": -108.39808654785156,
        "z": -21.141193389892578
      },
      "orientation": {
        "w": 0.6074808239936829,
        "x": 0.022433895617723465,
        "y": 0.024574294686317444,
        "z": -0.7936371564865112
      }
    }
  },
  "telemetry": {
    "sequence": 18,
    "server_timestamp_ms": 1767404596971.1355,
    "airsim_timestamp_ns": 1767404596971135500,
    "pose": {
      "timestamp_ns": 1767404596971135500,
      "position": {
        "x": -30.808517456054688,
        "y": -108.03548431396484,
        "z": -20.696401596069336
      },
      "orientation": {
        "w": 0.5990761518478394,
        "x": 0.12583240866661072,
        "y": 0.10365621745586395,
        "z": -0.7839192748069763
      },
      "linear_velocity": {
        "x": -0.7460982203483582,
        "y": -2.322554349899292,
        "z": -0.5205987691879272
      },
      "angular_velocity": {
        "x": -0.07485142350196838,
        "y": -0.17698371410369873,
        "z": 0.0026423833332955837
      }
    },
    "imu": {
      "timestamp_ns": 1767404596943333900,
      "linear_acceleration": {
        "x": -0.029754579067230225,
        "y": -0.02158641815185547,
        "z": -8.138996124267578
      },
      "angular_velocity": {
        "x": -0.07485142350196838,
        "y": -0.17698371410369873,
        "z": 0.0026423833332955837
      },
      "orientation": {
        "w": -0.5993351936340332,
        "x": -0.12425142526626587,
        "y": -0.10327330231666565,
        "z": 0.7840240001678467
      }
    },
    "battery_percent": 82.31195723265253,
    "landed_state": "flying",
    "latency_ms": 244.78839999937918
  },
  "files": {
    "rgb": "data\\maps\\sequence_normal_ops_001_preflight_charlie_20260102_204147\\frames\\1767404596726676200.png",
    "depth": "data\\maps\\sequence_normal_ops_001_preflight_charlie_20260102_204147\\frames\\1767404596726676200_depth.npy"
  }
}