{
  "frame_id": "1767404572327978700",
  "sequence": 7,
  "timestamp": "2026-01-02T20:42:52.327978",
  "timestamp_ns": 1767404572327978700,
  "camera": {
    "name": "front_center",
    "resolution": [
      1920,
      1080
    ],
    "fov_deg": 89.90362548828125,
    "intrinsics": {
      "fx": 961.6161300315734,
      "fy": 961.6161300315734,
      "cx": 960.0,
      "cy": 540.0
    },
    "pose": {
      "position": {
        "x": -12.154864311218262,
        "y": -42.3750114440918,
        "z": -21.16862678527832
      },
      "orientation": {
        "w": 0.6085604429244995,
        "x": -0.025477653369307518,
        "y": 0.0030117195565253496,
        "z": -0.793092668056488
      }
    }
  },
  "telemetry": {
    "sequence": 8,
    "server_timestamp_ms": 1767404572701.5703,
    "airsim_timestamp_ns": 1767404572701570400,
    "pose": {
      "timestamp_ns": 1767404572701570400,
      "position": {
        "x": -12.031811714172363,
        "y": -41.97270584106445,
        "z": -20.76488494873047
      },
      "orientation": {
        "w": 0.602961003780365,
        "x": 0.07825967669487,
        "y": 0.0824190303683281,
        "z": -0.7896331548690796
      },
      "linear_velocity": {
        "x": -0.6069193482398987,
        "y": -1.362781047821045,
        "z": 0.12919114530086517
      },
      "angular_velocity": {
        "x": -0.03774382546544075,
        "y": -0.24093545973300934,
        "z": 0.00018971464305650443
      }
    },
    "imu": {
      "timestamp_ns": 1767404572699886400,
      "linear_acceleration": {
        "x": -0.011867523193359375,
        "y": -0.019176125526428223,
        "z": -9.23448657989502
      },
      "angular_velocity": {
        "x": -0.03774382546544075,
        "y": -0.24093545973300934,
        "z": 0.00018971464305650443
      },
      "orientation": {
        "w": -0.6030299663543701,
        "x": -0.0776190385222435,
        "y": -0.08207274973392487,
        "z": 0.7896798253059387
      }
    },
    "battery_percent": 86.58153753885357,
    "landed_state": "flying",
    "latency_ms": 372.96129999594996
  },
  "files": {
    "rgb": "data\\maps\\sequence_normal_ops_001_preflight_charlie_20260102_204147\\frames\\1767404572327978700.png",
    "depth": "data\\maps\\sequence_normal_ops_001_preflight_charlie_20260102_204147\\frames\\1767404572327978700_depth.npy"
  }
}