{
  "frame_id": "1767404639732081800",
  "sequence": 33,
  "timestamp": "2026-01-02T20:43:59.732081",
  "timestamp_ns": 1767404639732081800,
  "camera": {
    "name": "front_center",
    "resolution": [
      1920,
      1080
    ],
    "fov_deg": 89.90362548828125,
    "intrinsics": {
      "fx": 961.6161300315734,
      "fy": 961.6161300315734,
      "cx": 960.0,
      "cy": 540.0
    },
    "pose": {
      "position": {
        "x": -3.135525703430176,
        "y": -11.111894607543945,
        "z": -21.155675888061523
      },
      "orientation": {
        "w": 0.7933898568153381,
        "x": -0.0027657777536660433,
        "y": -0.026767680421471596,
        "z": 0.6081187725067139
      }
    }
  },
  "telemetry": {
    "sequence": 34,
    "server_timestamp_ms": 1767404640058.78,
    "airsim_timestamp_ns": 1767404640058779900,
    "pose": {
      "timestamp_ns": 1767404640058779900,
      "position": {
        "x": -3.259697437286377,
        "y": -11.514872550964355,
        "z": -20.752948760986328
      },
      "orientation": {
        "w": 0.7900961637496948,
        "x": -0.08211754262447357,
        "y": 0.07701947540044785,
        "z": 0.6025552153587341
      },
      "linear_velocity": {
        "x": 0.5792109370231628,
        "y": 1.3487075567245483,
        "z": 0.12404077500104904
      },
      "angular_velocity": {
        "x": -0.04190976545214653,
        "y": -0.24160392582416534,
        "z": 0.0004296563274692744
      }
    },
    "imu": {
      "timestamp_ns": 1767404640057903600,
      "linear_acceleration": {
        "x": -0.03064560890197754,
        "y": 0.033502817153930664,
        "z": -9.233846664428711
      },
      "angular_velocity": {
        "x": -0.04190976545214653,
        "y": -0.24160392582416534,
        "z": 0.0004296563274692744
      },
      "orientation": {
        "w": -0.7901405692100525,
        "x": 0.08178071677684784,
        "y": -0.07637041807174683,
        "z": -0.6026254296302795
      }
    },
    "battery_percent": 75.06413409878373,
    "landed_state": "flying",
    "latency_ms": 204.31330000428716
  },
  "files": {
    "rgb": "data\\maps\\sequence_normal_ops_001_preflight_charlie_20260102_204147\\frames\\1767404639732081800.png",
    "depth": "data\\maps\\sequence_normal_ops_001_preflight_charlie_20260102_204147\\frames\\1767404639732081800_depth.npy"
  }
}