{
  "frame_id": "1767404562011984500",
  "sequence": 3,
  "timestamp": "2026-01-02T20:42:42.011984",
  "timestamp_ns": 1767404562011984500,
  "camera": {
    "name": "front_center",
    "resolution": [
      1920,
      1080
    ],
    "fov_deg": 89.90362548828125,
    "intrinsics": {
      "fx": 961.6161300315734,
      "fy": 961.6161300315734,
      "cx": 960.0,
      "cy": 540.0
    },
    "pose": {
      "position": {
        "x": -4.365866184234619,
        "y": -15.479747772216797,
        "z": -21.22328758239746
      },
      "orientation": {
        "w": 0.6221764087677002,
        "x": -0.012846676632761955,
        "y": 0.01350106205791235,
        "z": -0.7826552391052246
      }
    }
  },
  "telemetry": {
    "sequence": 4,
    "server_timestamp_ms": 1767404562540.9338,
    "airsim_timestamp_ns": 1767404562540934000,
    "pose": {
      "timestamp_ns": 1767404562540934000,
      "position": {
        "x": -4.259010314941406,
        "y": -15.087027549743652,
        "z": -20.80573272705078
      },
      "orientation": {
        "w": 0.6150913834571838,
        "x": 0.08942023664712906,
        "y": 0.09459587931632996,
        "z": -0.7776363492012024
      },
      "linear_velocity": {
        "x": -0.5170701742172241,
        "y": -1.732358694076538,
        "z": -0.01856647990643978
      },
      "angular_velocity": {
        "x": -0.04318174719810486,
        "y": -0.26859050989151,
        "z": -0.0003919387818314135
      }
    },
    "imu": {
      "timestamp_ns": 1767404562225105000,
      "linear_acceleration": {
        "x": -0.018017113208770752,
        "y": -0.022619962692260742,
        "z": -8.725878715515137
      },
      "angular_velocity": {
        "x": -0.04318174719810486,
        "y": -0.26859050989151,
        "z": -0.0003919387818314135
      },
      "orientation": {
        "w": -0.6151348948478699,
        "x": -0.08906639367341995,
        "y": -0.09439844638109207,
        "z": 0.7776665091514587
      }
    },
    "battery_percent": 88.39364082929283,
    "landed_state": "flying",
    "latency_ms": 528.7787999986904
  },
  "files": {
    "rgb": "data\\maps\\sequence_normal_ops_001_preflight_charlie_20260102_204147\\frames\\1767404562011984500.png",
    "depth": "data\\maps\\sequence_normal_ops_001_preflight_charlie_20260102_204147\\frames\\1767404562011984500_depth.npy"
  }
}