{
  "frame_id": "1767404587015558300",
  "sequence": 13,
  "timestamp": "2026-01-02T20:43:07.015558",
  "timestamp_ns": 1767404587015558300,
  "camera": {
    "name": "front_center",
    "resolution": [
      1920,
      1080
    ],
    "fov_deg": 89.90362548828125,
    "intrinsics": {
      "fx": 961.6161300315734,
      "fy": 961.6161300315734,
      "cx": 960.0,
      "cy": 540.0
    },
    "pose": {
      "position": {
        "x": -23.3746337890625,
        "y": -81.91358184814453,
        "z": -21.188201904296875
      },
      "orientation": {
        "w": 0.6075971722602844,
        "x": 0.011082160286605358,
        "y": 0.022312698885798454,
        "z": -0.7938545346260071
      }
    }
  },
  "telemetry": {
    "sequence": 14,
    "server_timestamp_ms": 1767404587189.52,
    "airsim_timestamp_ns": 1767404587189520200,
    "pose": {
      "timestamp_ns": 1767404587189520200,
      "position": {
        "x": -23.264692306518555,
        "y": -81.54326629638672,
        "z": -20.751413345336914
      },
      "orientation": {
        "w": 0.5994867086410522,
        "x": 0.11460615694522858,
        "y": 0.10142915695905685,
        "z": -0.7856165170669556
      },
      "linear_velocity": {
        "x": -0.7035021185874939,
        "y": -2.096524477005005,
        "z": -0.3296627998352051
      },
      "angular_velocity": {
        "x": -0.07432806491851807,
        "y": -0.23773129284381866,
        "z": 0.0011590382782742381
      }
    },
    "imu": {
      "timestamp_ns": 1767404587190201500,
      "linear_acceleration": {
        "x": -0.024471044540405273,
        "y": -0.02113211154937744,
        "z": -8.164369583129883
      },
      "angular_velocity": {
        "x": -0.07409102469682693,
        "y": -0.23903526365756989,
        "z": 0.0011397990165278316
      },
      "orientation": {
        "w": -0.599587619304657,
        "x": -0.11390954256057739,
        "y": -0.10117526352405548,
        "z": 0.7856734991073608
      }
    },
    "battery_percent": 84.02719995327841,
    "landed_state": "flying",
    "latency_ms": 174.40369999530958
  },
  "files": {
    "rgb": "data\\maps\\sequence_normal_ops_001_preflight_charlie_20260102_204147\\frames\\1767404587015558300.png",
    "depth": "data\\maps\\sequence_normal_ops_001_preflight_charlie_20260102_204147\\frames\\1767404587015558300_depth.npy"
  }
}