{
  "frame_id": "1767404617877024600",
  "sequence": 25,
  "timestamp": "2026-01-02T20:43:37.877024",
  "timestamp_ns": 1767404617877024600,
  "camera": {
    "name": "front_center",
    "resolution": [
      1920,
      1080
    ],
    "fov_deg": 89.90362548828125,
    "intrinsics": {
      "fx": 961.6161300315734,
      "fy": 961.6161300315734,
      "cx": 960.0,
      "cy": 540.0
    },
    "pose": {
      "position": {
        "x": -18.8662109375,
        "y": -66.35881805419922,
        "z": -20.879812240600586
      },
      "orientation": {
        "w": 0.840032160282135,
        "x": -0.014032011851668358,
        "y": 0.003587073879316449,
        "z": 0.542343258857727
      }
    }
  },
  "telemetry": {
    "sequence": 26,
    "server_timestamp_ms": 1767404618093.2659,
    "airsim_timestamp_ns": 1767404618093265600,
    "pose": {
      "timestamp_ns": 1767404618093265600,
      "position": {
        "x": -19.036935806274414,
        "y": -66.7165756225586,
        "z": -20.452190399169922
      },
      "orientation": {
        "w": 0.8323773741722107,
        "x": -0.08470196276903152,
        "y": 0.11320258677005768,
        "z": 0.5358718633651733
      },
      "linear_velocity": {
        "x": 1.3393020629882812,
        "y": 3.0265285968780518,
        "z": -0.6559722423553467
      },
      "angular_velocity": {
        "x": -0.1508490890264511,
        "y": 0.7896599769592285,
        "z": 0.0016148668946698308
      }
    },
    "imu": {
      "timestamp_ns": 1767404618092412900,
      "linear_acceleration": {
        "x": -0.07812690734863281,
        "y": 0.028978347778320312,
        "z": -14.376883506774902
      },
      "angular_velocity": {
        "x": -0.1508490890264511,
        "y": 0.7896599769592285,
        "z": 0.0016148668946698308
      },
      "orientation": {
        "w": -0.831891655921936,
        "x": 0.08724548667669296,
        "y": -0.11591967195272446,
        "z": -0.5356371998786926
      }
    },
    "battery_percent": 78.75159048646451,
    "landed_state": "flying",
    "latency_ms": 216.0781999991741
  },
  "files": {
    "rgb": "data\\maps\\sequence_normal_ops_001_preflight_charlie_20260102_204147\\frames\\1767404617877024600.png",
    "depth": "data\\maps\\sequence_normal_ops_001_preflight_charlie_20260102_204147\\frames\\1767404617877024600_depth.npy"
  }
}