{
  "frame_id": "1767404566758830900",
  "sequence": 5,
  "timestamp": "2026-01-02T20:42:46.758830",
  "timestamp_ns": 1767404566758830900,
  "camera": {
    "name": "front_center",
    "resolution": [
      1920,
      1080
    ],
    "fov_deg": 89.90362548828125,
    "intrinsics": {
      "fx": 961.6161300315734,
      "fy": 961.6161300315734,
      "cx": 960.0,
      "cy": 540.0
    },
    "pose": {
      "position": {
        "x": -7.5180487632751465,
        "y": -26.552104949951172,
        "z": -20.871423721313477
      },
      "orientation": {
        "w": 0.6139558553695679,
        "x": -0.013884926214814186,
        "y": -0.0002854217600543052,
        "z": -0.7892181873321533
      }
    }
  },
  "telemetry": {
    "sequence": 6,
    "server_timestamp_ms": 1767404567285.1116,
    "airsim_timestamp_ns": 1767404567285111500,
    "pose": {
      "timestamp_ns": 1767404567285111500,
      "position": {
        "x": -7.409409523010254,
        "y": -26.15198516845703,
        "z": -20.461421966552734
      },
      "orientation": {
        "w": 0.6087406277656555,
        "x": 0.08924750983715057,
        "y": 0.0798543393611908,
        "z": -0.7842786908149719
      },
      "linear_velocity": {
        "x": -0.8947637677192688,
        "y": -3.463006019592285,
        "z": -0.4107521176338196
      },
      "angular_velocity": {
        "x": -0.018066514283418655,
        "y": 1.1508474349975586,
        "z": -0.0006924424669705331
      }
    },
    "imu": {
      "timestamp_ns": 1767404566946336400,
      "linear_acceleration": {
        "x": -0.006447792053222656,
        "y": -0.025414705276489258,
        "z": -15.841686248779297
      },
      "angular_velocity": {
        "x": -0.018066514283418655,
        "y": 1.1508474349975586,
        "z": -0.0006924424669705331
      },
      "orientation": {
        "w": -0.6086010932922363,
        "x": -0.09060762077569962,
        "y": -0.0809445008635521,
        "z": 0.784119188785553
      }
    },
    "battery_percent": 87.44383419987027,
    "landed_state": "flying",
    "latency_ms": 526.0436999960802
  },
  "files": {
    "rgb": "data\\maps\\sequence_normal_ops_001_preflight_charlie_20260102_204147\\frames\\1767404566758830900.png",
    "depth": "data\\maps\\sequence_normal_ops_001_preflight_charlie_20260102_204147\\frames\\1767404566758830900_depth.npy"
  }
}