{
  "frame_id": "1767404612435255500",
  "sequence": 23,
  "timestamp": "2026-01-02T20:43:32.435255",
  "timestamp_ns": 1767404612435255500,
  "camera": {
    "name": "front_center",
    "resolution": [
      1920,
      1080
    ],
    "fov_deg": 89.90362548828125,
    "intrinsics": {
      "fx": 961.6161300315734,
      "fy": 961.6161300315734,
      "cx": 960.0,
      "cy": 540.0
    },
    "pose": {
      "position": {
        "x": -25.523202896118164,
        "y": -81.84638977050781,
        "z": -21.300317764282227
      },
      "orientation": {
        "w": 0.6916301846504211,
        "x": 0.039375290274620056,
        "y": -0.037548746913671494,
        "z": 0.7201995253562927
      }
    }
  },
  "telemetry": {
    "sequence": 24,
    "server_timestamp_ms": 1767404612614.6685,
    "airsim_timestamp_ns": 1767404612614668300,
    "pose": {
      "timestamp_ns": 1767404612614668300,
      "position": {
        "x": -25.50490951538086,
        "y": -82.29447937011719,
        "z": -20.927654266357422
      },
      "orientation": {
        "w": 0.6906142830848694,
        "x": -0.05496647581458092,
        "y": 0.05304834246635437,
        "z": 0.7191776633262634
      },
      "linear_velocity": {
        "x": -0.0396043136715889,
        "y": 2.581266164779663,
        "z": -0.16038426756858826
      },
      "angular_velocity": {
        "x": 0.04712136089801788,
        "y": 0.9044933915138245,
        "z": -0.0007956515182740986
      }
    },
    "imu": {
      "timestamp_ns": 1767404612612553000,
      "linear_acceleration": {
        "x": -0.004485726356506348,
        "y": 0.02817070484161377,
        "z": -12.911582946777344
      },
      "angular_velocity": {
        "x": 0.04712136089801788,
        "y": 0.9044933915138245,
        "z": -0.0007956515182740986
      },
      "orientation": {
        "w": -0.6903865337371826,
        "x": 0.058007583022117615,
        "y": -0.056283753365278244,
        "z": -0.7189114689826965
      }
    },
    "battery_percent": 79.82426196597807,
    "landed_state": "flying",
    "latency_ms": 178.5851000022376
  },
  "files": {
    "rgb": "data\\maps\\sequence_normal_ops_001_preflight_charlie_20260102_204147\\frames\\1767404612435255500.png",
    "depth": "data\\maps\\sequence_normal_ops_001_preflight_charlie_20260102_204147\\frames\\1767404612435255500_depth.npy"
  }
}