{
  "frame_id": "1767404634585695800",
  "sequence": 31,
  "timestamp": "2026-01-02T20:43:54.585695",
  "timestamp_ns": 1767404634585695800,
  "camera": {
    "name": "front_center",
    "resolution": [
      1920,
      1080
    ],
    "fov_deg": 89.90362548828125,
    "intrinsics": {
      "fx": 961.6161300315734,
      "fy": 961.6161300315734,
      "cx": 960.0,
      "cy": 540.0
    },
    "pose": {
      "position": {
        "x": -7.42268705368042,
        "y": -25.752641677856445,
        "z": -20.971342086791992
      },
      "orientation": {
        "w": 0.7932406663894653,
        "x": -0.019174229353666306,
        "y": 0.011239822953939438,
        "z": 0.6085024476051331
      }
    }
  },
  "telemetry": {
    "sequence": 32,
    "server_timestamp_ms": 1767404634815.5,
    "airsim_timestamp_ns": 1767404634815500000,
    "pose": {
      "timestamp_ns": 1767404634815500000,
      "position": {
        "x": -7.530051231384277,
        "y": -26.12526512145996,
        "z": -20.5358829498291
      },
      "orientation": {
        "w": 0.7849873304367065,
        "x": -0.09843569993972778,
        "y": 0.11468235403299332,
        "z": 0.6007938981056213
      },
      "linear_velocity": {
        "x": 0.9766196608543396,
        "y": 2.911734104156494,
        "z": -0.7251428365707397
      },
      "angular_velocity": {
        "x": 0.06409000605344772,
        "y": 0.4214402437210083,
        "z": 0.0019001091131940484
      }
    },
    "imu": {
      "timestamp_ns": 1767404634815012600,
      "linear_acceleration": {
        "x": -0.07161307334899902,
        "y": 0.029030680656433105,
        "z": -11.595041275024414
      },
      "angular_velocity": {
        "x": 0.06409000605344772,
        "y": 0.4214402437210083,
        "z": 0.0019001091131940484
      },
      "orientation": {
        "w": -0.7846421003341675,
        "x": 0.10000220686197281,
        "y": -0.11774688214063644,
        "z": -0.6003932356834412
      }
    },
    "battery_percent": 75.89637120325841,
    "landed_state": "flying",
    "latency_ms": 229.9185000010766
  },
  "files": {
    "rgb": "data\\maps\\sequence_normal_ops_001_preflight_charlie_20260102_204147\\frames\\1767404634585695800.png",
    "depth": "data\\maps\\sequence_normal_ops_001_preflight_charlie_20260102_204147\\frames\\1767404634585695800_depth.npy"
  }
}