{
  "frame_id": "1767404629370743600",
  "sequence": 29,
  "timestamp": "2026-01-02T20:43:49.370743",
  "timestamp_ns": 1767404629370743600,
  "camera": {
    "name": "front_center",
    "resolution": [
      1920,
      1080
    ],
    "fov_deg": 89.90362548828125,
    "intrinsics": {
      "fx": 961.6161300315734,
      "fy": 961.6161300315734,
      "cx": 960.0,
      "cy": 540.0
    },
    "pose": {
      "position": {
        "x": -11.060186386108398,
        "y": -38.55904769897461,
        "z": -21.147628784179688
      },
      "orientation": {
        "w": 0.791666567325592,
        "x": -0.025033196434378624,
        "y": 0.018991971388459206,
        "z": 0.6101447939872742
      }
    }
  },
  "telemetry": {
    "sequence": 30,
    "server_timestamp_ms": 1767404629801.8242,
    "airsim_timestamp_ns": 1767404629801824200,
    "pose": {
      "timestamp_ns": 1767404629801824200,
      "position": {
        "x": -11.163631439208984,
        "y": -38.92389678955078,
        "z": -20.70469856262207
      },
      "orientation": {
        "w": 0.7824147939682007,
        "x": -0.10445890575647354,
        "y": 0.12216271460056305,
        "z": 0.6016574501991272
      },
      "linear_velocity": {
        "x": 0.7667802572250366,
        "y": 2.2628366947174072,
        "z": -0.48186615109443665
      },
      "angular_velocity": {
        "x": -0.06486689299345016,
        "y": -0.1811019629240036,
        "z": 0.002030127216130495
      }
    },
    "imu": {
      "timestamp_ns": 1767404629793615300,
      "linear_acceleration": {
        "x": -0.05952644348144531,
        "y": 0.03245890140533447,
        "z": -8.172612190246582
      },
      "angular_velocity": {
        "x": -0.06486689299345016,
        "y": -0.1811019629240036,
        "z": 0.002030127216130495
      },
      "orientation": {
        "w": -0.7824758291244507,
        "x": 0.10420579463243484,
        "y": -0.12136773765087128,
        "z": -0.6017828583717346
      }
    },
    "battery_percent": 76.85666160006885,
    "landed_state": "flying",
    "latency_ms": 430.50270000094315
  },
  "files": {
    "rgb": "data\\maps\\sequence_normal_ops_001_preflight_charlie_20260102_204147\\frames\\1767404629370743600.png",
    "depth": "data\\maps\\sequence_normal_ops_001_preflight_charlie_20260102_204147\\frames\\1767404629370743600_depth.npy"
  }
}