{
  "frame_id": "1767404624292463900",
  "sequence": 27,
  "timestamp": "2026-01-02T20:43:44.292463",
  "timestamp_ns": 1767404624292463900,
  "camera": {
    "name": "front_center",
    "resolution": [
      1920,
      1080
    ],
    "fov_deg": 89.90362548828125,
    "intrinsics": {
      "fx": 961.6161300315734,
      "fy": 961.6161300315734,
      "cx": 960.0,
      "cy": 540.0
    },
    "pose": {
      "position": {
        "x": -14.610352516174316,
        "y": -50.7852668762207,
        "z": -20.459575653076172
      },
      "orientation": {
        "w": 0.7730174660682678,
        "x": 0.021087247878313065,
        "y": -0.05302377790212631,
        "z": 0.631813108921051
      }
    }
  },
  "telemetry": {
    "sequence": 28,
    "server_timestamp_ms": 1767404624719.0327,
    "airsim_timestamp_ns": 1767404624719032900,
    "pose": {
      "timestamp_ns": 1767404624719032900,
      "position": {
        "x": -14.71298885345459,
        "y": -51.22203063964844,
        "z": -20.08714485168457
      },
      "orientation": {
        "w": 0.7733251452445984,
        "x": -0.06156131625175476,
        "y": 0.04832886904478073,
        "z": 0.6291603446006775
      },
      "linear_velocity": {
        "x": 0.45392194390296936,
        "y": 0.8731943964958191,
        "z": 0.2515992224216461
      },
      "angular_velocity": {
        "x": -0.00746628362685442,
        "y": -0.18125088512897491,
        "z": 0.00015529754455201328
      }
    },
    "imu": {
      "timestamp_ns": 1767404624685435400,
      "linear_acceleration": {
        "x": -0.01651632785797119,
        "y": 0.03546440601348877,
        "z": -9.883102416992188
      },
      "angular_velocity": {
        "x": -0.00746628362685442,
        "y": -0.18125088512897491,
        "z": 0.00015529754455201328
      },
      "orientation": {
        "w": -0.7733497023582458,
        "x": 0.06123580411076546,
        "y": -0.04789237305521965,
        "z": -0.6291953325271606
      }
    },
    "battery_percent": 77.75899907731359,
    "landed_state": "flying",
    "latency_ms": 426.1231999989832
  },
  "files": {
    "rgb": "data\\maps\\sequence_normal_ops_001_preflight_charlie_20260102_204147\\frames\\1767404624292463900.png",
    "depth": "data\\maps\\sequence_normal_ops_001_preflight_charlie_20260102_204147\\frames\\1767404624292463900_depth.npy"
  }
}