{
  "frame_id": "1767404577155071200",
  "sequence": 9,
  "timestamp": "2026-01-02T20:42:57.155071",
  "timestamp_ns": 1767404577155071200,
  "camera": {
    "name": "front_center",
    "resolution": [
      1920,
      1080
    ],
    "fov_deg": 89.90362548828125,
    "intrinsics": {
      "fx": 961.6161300315734,
      "fy": 961.6161300315734,
      "cx": 960.0,
      "cy": 540.0
    },
    "pose": {
      "position": {
        "x": -15.673468589782715,
        "y": -55.064361572265625,
        "z": -21.186262130737305
      },
      "orientation": {
        "w": 0.6119446754455566,
        "x": 0.01784915290772915,
        "y": 0.022396378219127655,
        "z": -0.790381908416748
      }
    }
  },
  "telemetry": {
    "sequence": 10,
    "server_timestamp_ms": 1767404577538.9595,
    "airsim_timestamp_ns": 1767404577538959500,
    "pose": {
      "timestamp_ns": 1767404577538959500,
      "position": {
        "x": -15.572310447692871,
        "y": -54.69660568237305,
        "z": -20.745216369628906
      },
      "orientation": {
        "w": 0.6037861108779907,
        "x": 0.12086199223995209,
        "y": 0.10207958519458771,
        "z": -0.7812902927398682
      },
      "linear_velocity": {
        "x": -0.727750301361084,
        "y": -2.24027419090271,
        "z": -0.4495062530040741
      },
      "angular_velocity": {
        "x": -0.06931319832801819,
        "y": -0.20369546115398407,
        "z": 0.002487584250047803
      }
    },
    "imu": {
      "timestamp_ns": 1767404577539032100,
      "linear_acceleration": {
        "x": -0.028129756450653076,
        "y": -0.021100521087646484,
        "z": -8.11662769317627
      },
      "angular_velocity": {
        "x": -0.06941704452037811,
        "y": -0.2059887796640396,
        "z": 0.002453535096719861
      },
      "orientation": {
        "w": -0.6038329005241394,
        "x": -0.1205594390630722,
        "y": -0.10197488218545914,
        "z": 0.7813145518302917
      }
    },
    "battery_percent": 85.72647379803323,
    "landed_state": "flying",
    "latency_ms": 383.9592000003904
  },
  "files": {
    "rgb": "data\\maps\\sequence_normal_ops_001_preflight_charlie_20260102_204147\\frames\\1767404577155071200.png",
    "depth": "data\\maps\\sequence_normal_ops_001_preflight_charlie_20260102_204147\\frames\\1767404577155071200_depth.npy"
  }
}