{
  "frame_id": "1767404553551525400",
  "sequence": 1,
  "timestamp": "2026-01-02T20:42:33.551525",
  "timestamp_ns": 1767404553551525400,
  "camera": {
    "name": "front_center",
    "resolution": [
      1920,
      1080
    ],
    "fov_deg": 89.90362548828125,
    "intrinsics": {
      "fx": 961.6161300315734,
      "fy": 961.6161300315734,
      "cx": 960.0,
      "cy": 540.0
    },
    "pose": {
      "position": {
        "x": 0.010733037255704403,
        "y": 1.667578101158142,
        "z": -20.887462615966797
      },
      "orientation": {
        "w": 0.7117139101028442,
        "x": 0.01778854802250862,
        "y": -0.019647549837827682,
        "z": 0.7019692659378052
      }
    }
  },
  "telemetry": {
    "sequence": 2,
    "server_timestamp_ms": 1767404553736.2483,
    "airsim_timestamp_ns": 1767404553736248200,
    "pose": {
      "timestamp_ns": 1767404553736248200,
      "position": {
        "x": 0.003923110663890839,
        "y": 1.2406904697418213,
        "z": -20.49032211303711
      },
      "orientation": {
        "w": 0.7081896066665649,
        "x": -0.07398901134729385,
        "y": 0.07341784238815308,
        "z": 0.698285698890686
      },
      "linear_velocity": {
        "x": 0.015911927446722984,
        "y": 1.6387070417404175,
        "z": 0.49772927165031433
      },
      "angular_velocity": {
        "x": -0.004581339657306671,
        "y": -0.22582733631134033,
        "z": 0.0002591884112916887
      }
    },
    "imu": {
      "timestamp_ns": 1767404553731498400,
      "linear_acceleration": {
        "x": -0.021241426467895508,
        "y": 0.028164267539978027,
        "z": -8.834718704223633
      },
      "angular_velocity": {
        "x": -0.004581339657306671,
        "y": -0.22582733631134033,
        "z": 0.0002591884112916887
      },
      "orientation": {
        "w": 0.7082376480102539,
        "x": -0.07352500408887863,
        "y": 0.07292784750461578,
        "z": 0.6983373165130615
      }
    },
    "battery_percent": 89.84866362718924,
    "landed_state": "flying",
    "latency_ms": 183.82649999693967
  },
  "files": {
    "rgb": "data\\maps\\sequence_normal_ops_001_preflight_charlie_20260102_204147\\frames\\1767404553551525400.png",
    "depth": "data\\maps\\sequence_normal_ops_001_preflight_charlie_20260102_204147\\frames\\1767404553551525400_depth.npy"
  }
}