{
  "frame_id": "1767404644875205900",
  "sequence": 35,
  "timestamp": "2026-01-02T20:44:04.875205",
  "timestamp_ns": 1767404644875205900,
  "camera": {
    "name": "front_center",
    "resolution": [
      1920,
      1080
    ],
    "fov_deg": 89.90362548828125,
    "intrinsics": {
      "fx": 961.6161300315734,
      "fy": 961.6161300315734,
      "cx": 960.0,
      "cy": 540.0
    },
    "pose": {
      "position": {
        "x": 0.5005785226821899,
        "y": 1.845391035079956,
        "z": -21.196718215942383
      },
      "orientation": {
        "w": 0.7916771769523621,
        "x": -0.015304437838494778,
        "y": 0.003963247407227755,
        "z": 0.6107350587844849
      }
    }
  },
  "telemetry": {
    "sequence": 36,
    "server_timestamp_ms": 1767404645077.4685,
    "airsim_timestamp_ns": 1767404645077468400,
    "pose": {
      "timestamp_ns": 1767404645077468400,
      "position": {
        "x": 0.3924327790737152,
        "y": 1.465681552886963,
        "z": -20.767620086669922
      },
      "orientation": {
        "w": 0.784386932849884,
        "x": -0.09489043056964874,
        "y": 0.107263945043087,
        "z": 0.6035125255584717
      },
      "linear_velocity": {
        "x": 0.6833309531211853,
        "y": 1.8861925601959229,
        "z": -0.18712136149406433
      },
      "angular_velocity": {
        "x": -0.06972574442625046,
        "y": -0.2565147578716278,
        "z": 0.0018343637930229306
      }
    },
    "imu": {
      "timestamp_ns": 1767404645076550400,
      "linear_acceleration": {
        "x": -0.0462723970413208,
        "y": 0.03327286243438721,
        "z": -8.385677337646484
      },
      "angular_velocity": {
        "x": -0.06972574442625046,
        "y": -0.2565147578716278,
        "z": 0.0018343637930229306
      },
      "orientation": {
        "w": -0.7845040559768677,
        "x": 0.09429147839546204,
        "y": -0.10580204427242279,
        "z": -0.603712260723114
      }
    },
    "battery_percent": 74.2145210705221,
    "landed_state": "flying",
    "latency_ms": 202.37230000202544
  },
  "files": {
    "rgb": "data\\maps\\sequence_normal_ops_001_preflight_charlie_20260102_204147\\frames\\1767404644875205900.png",
    "depth": "data\\maps\\sequence_normal_ops_001_preflight_charlie_20260102_204147\\frames\\1767404644875205900_depth.npy"
  }
}