{
  "frame_id": "1767404606619729000",
  "sequence": 21,
  "timestamp": "2026-01-02T20:43:26.619729",
  "timestamp_ns": 1767404606619729000,
  "camera": {
    "name": "front_center",
    "resolution": [
      1920,
      1080
    ],
    "fov_deg": 89.90362548828125,
    "intrinsics": {
      "fx": 961.6161300315734,
      "fy": 961.6161300315734,
      "cx": 960.0,
      "cy": 540.0
    },
    "pose": {
      "position": {
        "x": -25.678050994873047,
        "y": -90.91582489013672,
        "z": -21.045446395874023
      },
      "orientation": {
        "w": 0.8034056425094604,
        "x": 0.010741978883743286,
        "y": -0.06156008690595627,
        "z": 0.5921438336372375
      }
    }
  },
  "telemetry": {
    "sequence": 22,
    "server_timestamp_ms": 1767404607016.7957,
    "airsim_timestamp_ns": 1767404607016795600,
    "pose": {
      "timestamp_ns": 1767404607016795600,
      "position": {
        "x": -25.832191467285156,
        "y": -91.33872985839844,
        "z": -20.674781799316406
      },
      "orientation": {
        "w": 0.8045676350593567,
        "x": -0.06664019823074341,
        "y": 0.04383205249905586,
        "z": 0.5884800553321838
      },
      "linear_velocity": {
        "x": 0.5852786898612976,
        "y": 0.594210147857666,
        "z": 0.25416645407676697
      },
      "angular_velocity": {
        "x": 0.011126242578029633,
        "y": -0.15951786935329437,
        "z": -6.34105599601753e-05
      }
    },
    "imu": {
      "timestamp_ns": 1767404607015298000,
      "linear_acceleration": {
        "x": -0.015923619270324707,
        "y": 0.03694725036621094,
        "z": -9.957369804382324
      },
      "angular_velocity": {
        "x": 0.011126242578029633,
        "y": -0.15951786935329437,
        "z": -6.34105599601753e-05
      },
      "orientation": {
        "w": -0.80463707447052,
        "x": 0.06571117043495178,
        "y": -0.042718589305877686,
        "z": -0.5885715484619141
      }
    },
    "battery_percent": 80.83432908575223,
    "landed_state": "flying",
    "latency_ms": 397.1782999942661
  },
  "files": {
    "rgb": "data\\maps\\sequence_normal_ops_001_preflight_charlie_20260102_204147\\frames\\1767404606619729000.png",
    "depth": "data\\maps\\sequence_normal_ops_001_preflight_charlie_20260102_204147\\frames\\1767404606619729000_depth.npy"
  }
}