{
  "frame_id": "1767404582084934700",
  "sequence": 11,
  "timestamp": "2026-01-02T20:43:02.084934",
  "timestamp_ns": 1767404582084934700,
  "camera": {
    "name": "front_center",
    "resolution": [
      1920,
      1080
    ],
    "fov_deg": 89.90362548828125,
    "intrinsics": {
      "fx": 961.6161300315734,
      "fy": 961.6161300315734,
      "cx": 960.0,
      "cy": 540.0
    },
    "pose": {
      "position": {
        "x": -19.488372802734375,
        "y": -68.32557678222656,
        "z": -21.14308738708496
      },
      "orientation": {
        "w": 0.6056512594223022,
        "x": 0.020648673176765442,
        "y": 0.025168947875499725,
        "z": -0.7950639724731445
      }
    }
  },
  "telemetry": {
    "sequence": 12,
    "server_timestamp_ms": 1767404582296.1318,
    "airsim_timestamp_ns": 1767404582296131900,
    "pose": {
      "timestamp_ns": 1767404582295125000,
      "position": {
        "x": -19.381736755371094,
        "y": -67.9629135131836,
        "z": -20.69912338256836
      },
      "orientation": {
        "w": 0.5971845984458923,
        "x": 0.1242486909031868,
        "y": 0.10400697588920593,
        "z": -0.7855668663978577
      },
      "linear_velocity": {
        "x": -0.7465423345565796,
        "y": -2.321852445602417,
        "z": -0.5214476585388184
      },
      "angular_velocity": {
        "x": -0.07918118685483932,
        "y": -0.1757403463125229,
        "z": 0.0019386445637792349
      }
    },
    "imu": {
      "timestamp_ns": 1767404582292882500,
      "linear_acceleration": {
        "x": -0.02946525812149048,
        "y": -0.021735072135925293,
        "z": -8.141582489013672
      },
      "angular_velocity": {
        "x": -0.07918118685483932,
        "y": -0.1757403463125229,
        "z": 0.0019386445637792349
      },
      "orientation": {
        "w": -0.5972288250923157,
        "x": -0.1239728033542633,
        "y": -0.10394381731748581,
        "z": 0.7855852246284485
      }
    },
    "battery_percent": 84.8768620430597,
    "landed_state": "flying",
    "latency_ms": 210.50880000257166
  },
  "files": {
    "rgb": "data\\maps\\sequence_normal_ops_001_preflight_charlie_20260102_204147\\frames\\1767404582084934700.png",
    "depth": "data\\maps\\sequence_normal_ops_001_preflight_charlie_20260102_204147\\frames\\1767404582084934700_depth.npy"
  }
}