{
  "frame_id": "1767404589628853200",
  "sequence": 11,
  "timestamp": "2026-01-02T20:43:09.628853",
  "timestamp_ns": 1767404589628853200,
  "camera": {
    "name": "front_center",
    "resolution": [
      1920,
      1080
    ],
    "fov_deg": 89.90362548828125,
    "intrinsics": {
      "fx": 961.6161300315734,
      "fy": 961.6161300315734,
      "cx": 960.0,
      "cy": 540.0
    },
    "pose": {
      "position": {
        "x": 57.630489349365234,
        "y": 48.156532287597656,
        "z": -21.114173889160156
      },
      "orientation": {
        "w": 0.9239596128463745,
        "x": -0.02837572991847992,
        "y": 0.03608819097280502,
        "z": 0.37972500920295715
      }
    }
  },
  "telemetry": {
    "sequence": 12,
    "server_timestamp_ms": 1767404589861.3733,
    "airsim_timestamp_ns": 1767404589861373100,
    "pose": {
      "timestamp_ns": 1767404589861373100,
      "position": {
        "x": 57.36203384399414,
        "y": 47.90642166137695,
        "z": -20.660987854003906
      },
      "orientation": {
        "w": 0.911344587802887,
        "x": -0.0776970311999321,
        "y": 0.15638038516044617,
        "z": 0.3727726340293884
      },
      "linear_velocity": {
        "x": 1.8246463537216187,
        "y": 1.7054002285003662,
        "z": -0.6430972218513489
      },
      "angular_velocity": {
        "x": -0.1728823184967041,
        "y": 0.04840654507279396,
        "z": 0.0007627682061865926
      }
    },
    "imu": {
      "timestamp_ns": 1767404589832458700,
      "linear_acceleration": {
        "x": -0.09844422340393066,
        "y": 0.019687488675117493,
        "z": -8.787962913513184
      },
      "angular_velocity": {
        "x": -0.1728823184967041,
        "y": 0.04840654507279396,
        "z": 0.0007627682061865926
      },
      "orientation": {
        "w": 0.9112441539764404,
        "x": -0.07849296927452087,
        "y": 0.1563190519809723,
        "z": 0.3728771507740021
      }
    },
    "battery_percent": 84.29039931698101,
    "landed_state": "flying",
    "latency_ms": 231.56179999932647
  },
  "files": {
    "rgb": "data\\maps\\sequence_normal_ops_001_preflight_bravo_20260102_204147\\frames\\1767404589628853200.png",
    "depth": "data\\maps\\sequence_normal_ops_001_preflight_bravo_20260102_204147\\frames\\1767404589628853200_depth.npy"
  }
}