{
  "frame_id": "1767404566192895100",
  "sequence": 3,
  "timestamp": "2026-01-02T20:42:46.192895",
  "timestamp_ns": 1767404566192895100,
  "camera": {
    "name": "front_center",
    "resolution": [
      1920,
      1080
    ],
    "fov_deg": 89.90362548828125,
    "intrinsics": {
      "fx": 961.6161300315734,
      "fy": 961.6161300315734,
      "cx": 960.0,
      "cy": 540.0
    },
    "pose": {
      "position": {
        "x": 12.65381908416748,
        "y": 10.545193672180176,
        "z": -21.223159790039062
      },
      "orientation": {
        "w": 0.9340437054634094,
        "x": -0.03998076170682907,
        "y": 0.03277138993144035,
        "z": 0.35339775681495667
      }
    }
  },
  "telemetry": {
    "sequence": 4,
    "server_timestamp_ms": 1767404566399.2422,
    "airsim_timestamp_ns": 1767404566399242200,
    "pose": {
      "timestamp_ns": 1767404566399242200,
      "position": {
        "x": 12.364429473876953,
        "y": 10.319692611694336,
        "z": -20.76994514465332
      },
      "orientation": {
        "w": 0.9217752814292908,
        "x": -0.08576638251543045,
        "y": 0.15440818667411804,
        "z": 0.34515583515167236
      },
      "linear_velocity": {
        "x": 1.5868080854415894,
        "y": 1.2398079633712769,
        "z": -0.3597395420074463
      },
      "angular_velocity": {
        "x": -0.14259254932403564,
        "y": -0.09431054443120956,
        "z": 0.0004501549992710352
      }
    },
    "imu": {
      "timestamp_ns": 1767404566397279300,
      "linear_acceleration": {
        "x": -0.0795896053314209,
        "y": 0.018083393573760986,
        "z": -8.418231964111328
      },
      "angular_velocity": {
        "x": -0.14259254932403564,
        "y": -0.09431054443120956,
        "z": 0.0004501549992710352
      },
      "orientation": {
        "w": 0.9217821955680847,
        "x": -0.08622131496667862,
        "y": 0.15380603075027466,
        "z": 0.3452928960323334
      }
    },
    "battery_percent": 88.34453518122206,
    "landed_state": "flying",
    "latency_ms": 206.36979999835603
  },
  "files": {
    "rgb": "data\\maps\\sequence_normal_ops_001_preflight_bravo_20260102_204147\\frames\\1767404566192895100.png",
    "depth": "data\\maps\\sequence_normal_ops_001_preflight_bravo_20260102_204147\\frames\\1767404566192895100_depth.npy"
  }
}