{
  "frame_id": "1767404629349579400",
  "sequence": 25,
  "timestamp": "2026-01-02T20:43:49.349579",
  "timestamp_ns": 1767404629349579400,
  "camera": {
    "name": "front_center",
    "resolution": [
      1920,
      1080
    ],
    "fov_deg": 89.90362548828125,
    "intrinsics": {
      "fx": 961.6161300315734,
      "fy": 961.6161300315734,
      "cx": 960.0,
      "cy": 540.0
    },
    "pose": {
      "position": {
        "x": 135.36854553222656,
        "y": 112.92259979248047,
        "z": -20.904455184936523
      },
      "orientation": {
        "w": 0.93604975938797,
        "x": -0.002699376782402396,
        "y": -0.012720081023871899,
        "z": 0.3516272306442261
      }
    }
  },
  "telemetry": {
    "sequence": 26,
    "server_timestamp_ms": 1767404629801.8242,
    "airsim_timestamp_ns": 1767404629801824200,
    "pose": {
      "timestamp_ns": 1767404629801824200,
      "position": {
        "x": 135.54991149902344,
        "y": 113.05298614501953,
        "z": -20.649147033691406
      },
      "orientation": {
        "w": 0.9179561734199524,
        "x": -0.08877570927143097,
        "y": 0.17292621731758118,
        "z": 0.34579169750213623
      },
      "linear_velocity": {
        "x": 2.087296724319458,
        "y": 1.6017247438430786,
        "z": -0.8433282375335693
      },
      "angular_velocity": {
        "x": -0.1683199405670166,
        "y": 0.2282724231481552,
        "z": 0.001027769991196692
      }
    },
    "imu": {
      "timestamp_ns": 1767404629790665300,
      "linear_acceleration": {
        "x": -0.10568416118621826,
        "y": 0.020525038242340088,
        "z": -9.470938682556152
      },
      "angular_velocity": {
        "x": -0.1683199405670166,
        "y": 0.2282724231481552,
        "z": 0.001027769991196692
      },
      "orientation": {
        "w": 0.9177866578102112,
        "x": -0.08948637545108795,
        "y": 0.17340464890003204,
        "z": 0.3458188474178314
      }
    },
    "battery_percent": 77.56293593878307,
    "landed_state": "flying",
    "latency_ms": 430.53439999494003
  },
  "files": {
    "rgb": "data\\maps\\sequence_normal_ops_001_preflight_bravo_20260102_204147\\frames\\1767404629349579400.png",
    "depth": "data\\maps\\sequence_normal_ops_001_preflight_bravo_20260102_204147\\frames\\1767404629349579400_depth.npy"
  }
}