{
  "frame_id": "1767404673229550400",
  "sequence": 41,
  "timestamp": "2026-01-02T20:44:33.229550",
  "timestamp_ns": 1767404673229550400,
  "camera": {
    "name": "front_center",
    "resolution": [
      1920,
      1080
    ],
    "fov_deg": 89.90362548828125,
    "intrinsics": {
      "fx": 961.6161300315734,
      "fy": 961.6161300315734,
      "cx": 960.0,
      "cy": 540.0
    },
    "pose": {
      "position": {
        "x": 55.4276237487793,
        "y": 46.19198989868164,
        "z": -21.177715301513672
      },
      "orientation": {
        "w": 0.34962737560272217,
        "x": 0.04471973702311516,
        "y": 0.03050452470779419,
        "z": -0.9353236556053162
      }
    }
  },
  "telemetry": {
    "sequence": 42,
    "server_timestamp_ms": 1767404673440.0415,
    "airsim_timestamp_ns": 1767404673440041500,
    "pose": {
      "timestamp_ns": 1767404673440041500,
      "position": {
        "x": 55.70610046386719,
        "y": 46.4189453125,
        "z": -20.71843147277832
      },
      "orientation": {
        "w": 0.34265461564064026,
        "x": 0.16642138361930847,
        "y": 0.07587908208370209,
        "z": -0.9214847087860107
      },
      "linear_velocity": {
        "x": -1.8734993934631348,
        "y": -1.3711738586425781,
        "z": -0.5381066799163818
      },
      "angular_velocity": {
        "x": -0.15225225687026978,
        "y": -0.03293147310614586,
        "z": 0.002783950185403228
      }
    },
    "imu": {
      "timestamp_ns": 1767404673439397000,
      "linear_acceleration": {
        "x": -0.00653231143951416,
        "y": -0.005202770233154297,
        "z": -8.351058959960938
      },
      "angular_velocity": {
        "x": -0.15225225687026978,
        "y": -0.03293147310614586,
        "z": 0.002783950185403228
      },
      "orientation": {
        "w": -0.3427453637123108,
        "x": -0.16618196666240692,
        "y": -0.076268270611763,
        "z": 0.9214620590209961
      }
    },
    "battery_percent": 70.27055665443278,
    "landed_state": "flying",
    "latency_ms": 209.6352000007755
  },
  "files": {
    "rgb": "data\\maps\\sequence_normal_ops_001_preflight_bravo_20260102_204147\\frames\\1767404673229550400.png",
    "depth": "data\\maps\\sequence_normal_ops_001_preflight_bravo_20260102_204147\\frames\\1767404673229550400_depth.npy"
  }
}