{
  "frame_id": "1767404612774524400",
  "sequence": 19,
  "timestamp": "2026-01-02T20:43:32.774524",
  "timestamp_ns": 1767404612774524400,
  "camera": {
    "name": "front_center",
    "resolution": [
      1920,
      1080
    ],
    "fov_deg": 89.90362548828125,
    "intrinsics": {
      "fx": 961.6161300315734,
      "fy": 961.6161300315734,
      "cx": 960.0,
      "cy": 540.0
    },
    "pose": {
      "position": {
        "x": 104.03730773925781,
        "y": 86.39219665527344,
        "z": -21.105627059936523
      },
      "orientation": {
        "w": 0.9339212775230408,
        "x": -0.02383403852581978,
        "y": -0.018929652869701385,
        "z": 0.3561806380748749
      }
    }
  },
  "telemetry": {
    "sequence": 20,
    "server_timestamp_ms": 1767404612966.3015,
    "airsim_timestamp_ns": 1767404612966301400,
    "pose": {
      "timestamp_ns": 1767404612966301400,
      "position": {
        "x": 103.71318054199219,
        "y": 86.13518524169922,
        "z": -20.694665908813477
      },
      "orientation": {
        "w": 0.9284022450447083,
        "x": -0.07012104243040085,
        "y": 0.10313347727060318,
        "z": 0.3500225245952606
      },
      "linear_velocity": {
        "x": 0.5008271932601929,
        "y": -0.3195984661579132,
        "z": 0.3406883478164673
      },
      "angular_velocity": {
        "x": 0.05790812522172928,
        "y": -0.1901875138282776,
        "z": 0.00016523562953807414
      }
    },
    "imu": {
      "timestamp_ns": 1767404612963728700,
      "linear_acceleration": {
        "x": -0.02124762535095215,
        "y": 0.024270042777061462,
        "z": -9.974685668945312
      },
      "angular_velocity": {
        "x": 0.05790812522172928,
        "y": -0.1901875138282776,
        "z": 0.00016523562953807414
      },
      "orientation": {
        "w": 0.9287149310112,
        "x": -0.06853560358285904,
        "y": 0.10100731253623962,
        "z": 0.35012713074684143
      }
    },
    "battery_percent": 80.57733549303768,
    "landed_state": "flying",
    "latency_ms": 190.75779999548104
  },
  "files": {
    "rgb": "data\\maps\\sequence_normal_ops_001_preflight_bravo_20260102_204147\\frames\\1767404612774524400.png",
    "depth": "data\\maps\\sequence_normal_ops_001_preflight_bravo_20260102_204147\\frames\\1767404612774524400_depth.npy"
  }
}