{
  "frame_id": "1767404657458129800",
  "sequence": 35,
  "timestamp": "2026-01-02T20:44:17.458129",
  "timestamp_ns": 1767404657458129800,
  "camera": {
    "name": "front_center",
    "resolution": [
      1920,
      1080
    ],
    "fov_deg": 89.90362548828125,
    "intrinsics": {
      "fx": 961.6161300315734,
      "fy": 961.6161300315734,
      "cx": 960.0,
      "cy": 540.0
    },
    "pose": {
      "position": {
        "x": 89.97461700439453,
        "y": 74.92204284667969,
        "z": -20.943805694580078
      },
      "orientation": {
        "w": 0.3576935827732086,
        "x": 0.021951446309685707,
        "y": 0.01652432046830654,
        "z": -0.9334347248077393
      }
    }
  },
  "telemetry": {
    "sequence": 36,
    "server_timestamp_ms": 1767404657664.9368,
    "airsim_timestamp_ns": 1767404657664936600,
    "pose": {
      "timestamp_ns": 1767404657664936600,
      "position": {
        "x": 90.26360321044922,
        "y": 75.17289733886719,
        "z": -20.503849029541016
      },
      "orientation": {
        "w": 0.3524765968322754,
        "x": 0.14360132813453674,
        "y": 0.06307133287191391,
        "z": -0.922583818435669
      },
      "linear_velocity": {
        "x": -2.5572452545166016,
        "y": -2.016890287399292,
        "z": -0.7312942147254944
      },
      "angular_velocity": {
        "x": -0.013898325152695179,
        "y": 0.7809246778488159,
        "z": 0.0007442580536007881
      }
    },
    "imu": {
      "timestamp_ns": 1767404657663010600,
      "linear_acceleration": {
        "x": 0.00851738452911377,
        "y": -0.008672952651977539,
        "z": -13.565770149230957
      },
      "angular_velocity": {
        "x": -0.013898325152695179,
        "y": 0.7809246778488159,
        "z": 0.0007442580536007881
      },
      "orientation": {
        "w": -0.3524053990840912,
        "x": -0.14468461275100708,
        "y": -0.0635032132267952,
        "z": 0.9224121570587158
      }
    },
    "battery_percent": 73.01982638541976,
    "landed_state": "flying",
    "latency_ms": 206.02459999645362
  },
  "files": {
    "rgb": "data\\maps\\sequence_normal_ops_001_preflight_bravo_20260102_204147\\frames\\1767404657458129800.png",
    "depth": "data\\maps\\sequence_normal_ops_001_preflight_bravo_20260102_204147\\frames\\1767404657458129800_depth.npy"
  }
}