{
  "frame_id": "1767404645992692800",
  "sequence": 31,
  "timestamp": "2026-01-02T20:44:05.992692",
  "timestamp_ns": 1767404645992692800,
  "camera": {
    "name": "front_center",
    "resolution": [
      1920,
      1080
    ],
    "fov_deg": 89.90362548828125,
    "intrinsics": {
      "fx": 961.6161300315734,
      "fy": 961.6161300315734,
      "cx": 960.0,
      "cy": 540.0
    },
    "pose": {
      "position": {
        "x": 112.06773376464844,
        "y": 93.29393005371094,
        "z": -21.222078323364258
      },
      "orientation": {
        "w": 0.38153621554374695,
        "x": 0.03874782845377922,
        "y": 0.0406833216547966,
        "z": -0.922644853591919
      }
    }
  },
  "telemetry": {
    "sequence": 32,
    "server_timestamp_ms": 1767404646193.1277,
    "airsim_timestamp_ns": 1767404646193127600,
    "pose": {
      "timestamp_ns": 1767404646193127600,
      "position": {
        "x": 112.33687591552734,
        "y": 93.53414916992188,
        "z": -20.763973236083984
      },
      "orientation": {
        "w": 0.3729619085788727,
        "x": 0.1588456630706787,
        "y": 0.09013574570417404,
        "z": -0.9096938967704773
      },
      "linear_velocity": {
        "x": -1.684118390083313,
        "y": -1.4876118898391724,
        "z": -0.47567668557167053
      },
      "angular_velocity": {
        "x": -0.1610787957906723,
        "y": -0.07895480841398239,
        "z": 0.0002470883773639798
      }
    },
    "imu": {
      "timestamp_ns": 1767404646192954100,
      "linear_acceleration": {
        "x": -0.007473111152648926,
        "y": -0.00783681869506836,
        "z": -8.274353981018066
      },
      "angular_velocity": {
        "x": -0.16026920080184937,
        "y": -0.08136735111474991,
        "z": 0.00024046549515333027
      },
      "orientation": {
        "w": -0.3731101155281067,
        "x": -0.1582551896572113,
        "y": -0.09066746383905411,
        "z": 0.9096832275390625
      }
    },
    "battery_percent": 74.99830101035761,
    "landed_state": "flying",
    "latency_ms": 200.5563999991864
  },
  "files": {
    "rgb": "data\\maps\\sequence_normal_ops_001_preflight_bravo_20260102_204147\\frames\\1767404645992692800.png",
    "depth": "data\\maps\\sequence_normal_ops_001_preflight_bravo_20260102_204147\\frames\\1767404645992692800_depth.npy"
  }
}