{
  "frame_id": "1767404640229629000",
  "sequence": 29,
  "timestamp": "2026-01-02T20:44:00.229629",
  "timestamp_ns": 1767404640229629000,
  "camera": {
    "name": "front_center",
    "resolution": [
      1920,
      1080
    ],
    "fov_deg": 89.90362548828125,
    "intrinsics": {
      "fx": 961.6161300315734,
      "fy": 961.6161300315734,
      "cx": 960.0,
      "cy": 540.0
    },
    "pose": {
      "position": {
        "x": 122.33502960205078,
        "y": 102.73214721679688,
        "z": -20.739988327026367
      },
      "orientation": {
        "w": 0.30725839734077454,
        "x": -0.024946559220552444,
        "y": 0.016577251255512238,
        "z": -0.9511546492576599
      }
    }
  },
  "telemetry": {
    "sequence": 30,
    "server_timestamp_ms": 1767404640419.305,
    "airsim_timestamp_ns": 1767404640419305000,
    "pose": {
      "timestamp_ns": 1767404640419305000,
      "position": {
        "x": 122.6874771118164,
        "y": 102.96259307861328,
        "z": -20.336658477783203
      },
      "orientation": {
        "w": 0.3024660050868988,
        "x": 0.09941745549440384,
        "y": 0.056540701538324356,
        "z": -0.9462735652923584
      },
      "linear_velocity": {
        "x": -0.11482948064804077,
        "y": 0.7397198677062988,
        "z": 0.3959142863750458
      },
      "angular_velocity": {
        "x": 0.11821810156106949,
        "y": -0.21249954402446747,
        "z": 0.00033131951931864023
      }
    },
    "imu": {
      "timestamp_ns": 1767404640417958100,
      "linear_acceleration": {
        "x": 0.019503533840179443,
        "y": -0.005296587944030762,
        "z": -10.292305946350098
      },
      "angular_velocity": {
        "x": 0.11821810156106949,
        "y": -0.21249954402446747,
        "z": 0.00033131951931864023
      },
      "orientation": {
        "w": -0.30246689915657043,
        "x": -0.09916865825653076,
        "y": -0.05627605319023132,
        "z": 0.9463151693344116
      }
    },
    "battery_percent": 76.00749907777163,
    "landed_state": "flying",
    "latency_ms": 189.79200000467245
  },
  "files": {
    "rgb": "data\\maps\\sequence_normal_ops_001_preflight_bravo_20260102_204147\\frames\\1767404640229629000.png",
    "depth": "data\\maps\\sequence_normal_ops_001_preflight_bravo_20260102_204147\\frames\\1767404640229629000_depth.npy"
  }
}