{
  "frame_id": "1767404572308057500",
  "sequence": 5,
  "timestamp": "2026-01-02T20:42:52.308057",
  "timestamp_ns": 1767404572308057500,
  "camera": {
    "name": "front_center",
    "resolution": [
      1920,
      1080
    ],
    "fov_deg": 89.90362548828125,
    "intrinsics": {
      "fx": 961.6161300315734,
      "fy": 961.6161300315734,
      "cx": 960.0,
      "cy": 540.0
    },
    "pose": {
      "position": {
        "x": 23.863311767578125,
        "y": 19.93217658996582,
        "z": -21.16855812072754
      },
      "orientation": {
        "w": 0.9306845664978027,
        "x": -0.028152965009212494,
        "y": 0.03741341829299927,
        "z": 0.362813800573349
      }
    }
  },
  "telemetry": {
    "sequence": 6,
    "server_timestamp_ms": 1767404572501.702,
    "airsim_timestamp_ns": 1767404572501701900,
    "pose": {
      "timestamp_ns": 1767404572501701900,
      "position": {
        "x": 23.586463928222656,
        "y": 19.69265365600586,
        "z": -20.714702606201172
      },
      "orientation": {
        "w": 0.917838990688324,
        "x": -0.07526881992816925,
        "y": 0.15857206284999847,
        "z": 0.3560352027416229
      },
      "linear_velocity": {
        "x": 1.7521950006484985,
        "y": 1.32962167263031,
        "z": -0.47183287143707275
      },
      "angular_velocity": {
        "x": -0.15065135061740875,
        "y": -0.04898383468389511,
        "z": 0.0020971489138901234
      }
    },
    "imu": {
      "timestamp_ns": 1767404572501780600,
      "linear_acceleration": {
        "x": -0.08586955070495605,
        "y": 0.020816951990127563,
        "z": -8.437220573425293
      },
      "angular_velocity": {
        "x": -0.15037551522254944,
        "y": -0.051657721400260925,
        "z": 0.002069861628115177
      },
      "orientation": {
        "w": 0.9178183078765869,
        "x": -0.07581388205289841,
        "y": 0.15813446044921875,
        "z": 0.35616758465766907
      }
    },
    "battery_percent": 87.28351741471383,
    "landed_state": "flying",
    "latency_ms": 193.91709999763407
  },
  "files": {
    "rgb": "data\\maps\\sequence_normal_ops_001_preflight_bravo_20260102_204147\\frames\\1767404572308057500.png",
    "depth": "data\\maps\\sequence_normal_ops_001_preflight_bravo_20260102_204147\\frames\\1767404572308057500_depth.npy"
  }
}