{
  "frame_id": "1767404619373115900",
  "sequence": 21,
  "timestamp": "2026-01-02T20:43:39.373115",
  "timestamp_ns": 1767404619373115900,
  "camera": {
    "name": "front_center",
    "resolution": [
      1920,
      1080
    ],
    "fov_deg": 89.90362548828125,
    "intrinsics": {
      "fx": 961.6161300315734,
      "fy": 961.6161300315734,
      "cx": 960.0,
      "cy": 540.0
    },
    "pose": {
      "position": {
        "x": 114.50999450683594,
        "y": 95.58676147460938,
        "z": -21.19427490234375
      },
      "orientation": {
        "w": 0.9220705032348633,
        "x": -0.03854481875896454,
        "y": 0.030960865318775177,
        "z": 0.38385114073753357
      }
    }
  },
  "telemetry": {
    "sequence": 22,
    "server_timestamp_ms": 1767404619555.4797,
    "airsim_timestamp_ns": 1767404619555479900,
    "pose": {
      "timestamp_ns": 1767404619555479900,
      "position": {
        "x": 114.23641967773438,
        "y": 95.340576171875,
        "z": -20.742000579833984
      },
      "orientation": {
        "w": 0.910140872001648,
        "x": -0.08831769227981567,
        "y": 0.15105034410953522,
        "z": 0.37553614377975464
      },
      "linear_velocity": {
        "x": 1.5801405906677246,
        "y": 1.4342296123504639,
        "z": -0.4224565327167511
      },
      "angular_velocity": {
        "x": -0.15559682250022888,
        "y": -0.08749943226575851,
        "z": 0.000424999714596197
      }
    },
    "imu": {
      "timestamp_ns": 1767404619553762800,
      "linear_acceleration": {
        "x": -0.08175671100616455,
        "y": 0.020112529397010803,
        "z": -8.389931678771973
      },
      "angular_velocity": {
        "x": -0.15559682250022888,
        "y": -0.08749943226575851,
        "z": 0.000424999714596197
      },
      "orientation": {
        "w": 0.910137414932251,
        "x": -0.08865006268024445,
        "y": 0.15064002573490143,
        "z": 0.3756311535835266
      }
    },
    "battery_percent": 79.44122847562946,
    "landed_state": "flying",
    "latency_ms": 182.62469999899622
  },
  "files": {
    "rgb": "data\\maps\\sequence_normal_ops_001_preflight_bravo_20260102_204147\\frames\\1767404619373115900.png",
    "depth": "data\\maps\\sequence_normal_ops_001_preflight_bravo_20260102_204147\\frames\\1767404619373115900_depth.npy"
  }
}