{
  "frame_id": "1767404683732776200",
  "sequence": 45,
  "timestamp": "2026-01-02T20:44:43.732776",
  "timestamp_ns": 1767404683732776200,
  "camera": {
    "name": "front_center",
    "resolution": [
      1920,
      1080
    ],
    "fov_deg": 89.90362548828125,
    "intrinsics": {
      "fx": 961.6161300315734,
      "fy": 961.6161300315734,
      "cx": 960.0,
      "cy": 540.0
    },
    "pose": {
      "position": {
        "x": 32.83558654785156,
        "y": 27.351545333862305,
        "z": -21.156457901000977
      },
      "orientation": {
        "w": 0.3499012291431427,
        "x": 0.04677848517894745,
        "y": 0.028982697054743767,
        "z": -0.9351689219474792
      }
    }
  },
  "telemetry": {
    "sequence": 46,
    "server_timestamp_ms": 1767404683936.0027,
    "airsim_timestamp_ns": 1767404683936002700,
    "pose": {
      "timestamp_ns": 1767404683936002700,
      "position": {
        "x": 33.11170959472656,
        "y": 27.579254150390625,
        "z": -20.69612693786621
      },
      "orientation": {
        "w": 0.34312477707862854,
        "x": 0.16844232380390167,
        "y": 0.07440602034330368,
        "z": -0.9210625886917114
      },
      "linear_velocity": {
        "x": -1.9628283977508545,
        "y": -1.450232744216919,
        "z": -0.6208178400993347
      },
      "angular_velocity": {
        "x": -0.15155307948589325,
        "y": 0.012997157871723175,
        "z": 0.0029902830719947815
      }
    },
    "imu": {
      "timestamp_ns": 1767404683934959200,
      "linear_acceleration": {
        "x": -0.007257699966430664,
        "y": -0.005152463912963867,
        "z": -8.473907470703125
      },
      "angular_velocity": {
        "x": -0.15155307948589325,
        "y": 0.012997157871723175,
        "z": 0.0029902830719947815
      },
      "orientation": {
        "w": -0.34320542216300964,
        "x": -0.16833379864692688,
        "y": -0.07483721524477005,
        "z": 0.9210174679756165
      }
    },
    "battery_percent": 68.40376948564419,
    "landed_state": "flying",
    "latency_ms": 202.22919999650912
  },
  "files": {
    "rgb": "data\\maps\\sequence_normal_ops_001_preflight_bravo_20260102_204147\\frames\\1767404683732776200.png",
    "depth": "data\\maps\\sequence_normal_ops_001_preflight_bravo_20260102_204147\\frames\\1767404683732776200_depth.npy"
  }
}