{
  "frame_id": "1767404678514317800",
  "sequence": 43,
  "timestamp": "2026-01-02T20:44:38.514317",
  "timestamp_ns": 1767404678514317800,
  "camera": {
    "name": "front_center",
    "resolution": [
      1920,
      1080
    ],
    "fov_deg": 89.90362548828125,
    "intrinsics": {
      "fx": 961.6161300315734,
      "fy": 961.6161300315734,
      "cx": 960.0,
      "cy": 540.0
    },
    "pose": {
      "position": {
        "x": 44.11110305786133,
        "y": 36.757476806640625,
        "z": -21.160247802734375
      },
      "orientation": {
        "w": 0.35101109743118286,
        "x": 0.046857502311468124,
        "y": 0.032458171248435974,
        "z": -0.9346347451210022
      }
    }
  },
  "telemetry": {
    "sequence": 44,
    "server_timestamp_ms": 1767404678723.5938,
    "airsim_timestamp_ns": 1767404678723593800,
    "pose": {
      "timestamp_ns": 1767404678722087100,
      "position": {
        "x": 44.387596130371094,
        "y": 36.98296356201172,
        "z": -20.699047088623047
      },
      "orientation": {
        "w": 0.34377148747444153,
        "x": 0.16845093667507172,
        "y": 0.077996626496315,
        "z": -0.9205226302146912
      },
      "linear_velocity": {
        "x": -1.881101369857788,
        "y": -1.3695241212844849,
        "z": -0.5508670210838318
      },
      "angular_velocity": {
        "x": -0.1514948159456253,
        "y": -0.028311146423220634,
        "z": 0.0022035599686205387
      }
    },
    "imu": {
      "timestamp_ns": 1767404678722962400,
      "linear_acceleration": {
        "x": -0.006514191627502441,
        "y": -0.0050945281982421875,
        "z": -8.334939956665039
      },
      "angular_velocity": {
        "x": -0.15122590959072113,
        "y": -0.031301844865083694,
        "z": 0.0021757313515990973
      },
      "orientation": {
        "w": -0.3439926505088806,
        "x": -0.16789670288562775,
        "y": -0.07898159325122833,
        "z": 0.9204573631286621
      }
    },
    "battery_percent": 69.33733655110463,
    "landed_state": "flying",
    "latency_ms": 208.67189999989932
  },
  "files": {
    "rgb": "data\\maps\\sequence_normal_ops_001_preflight_bravo_20260102_204147\\frames\\1767404678514317800.png",
    "depth": "data\\maps\\sequence_normal_ops_001_preflight_bravo_20260102_204147\\frames\\1767404678514317800_depth.npy"
  }
}