{
  "frame_id": "1767404630359071500",
  "sequence": 27,
  "timestamp": "2026-01-02T20:43:50.359071",
  "timestamp_ns": 1767404630359071500,
  "camera": {
    "name": "front_center",
    "resolution": [
      1920,
      1080
    ],
    "fov_deg": 89.90362548828125,
    "intrinsics": {
      "fx": 961.6161300315734,
      "fy": 961.6161300315734,
      "cx": 960.0,
      "cy": 540.0
    },
    "pose": {
      "position": {
        "x": 136.86302185058594,
        "y": 113.78610229492188,
        "z": -21.17579460144043
      },
      "orientation": {
        "w": 0.9308233857154846,
        "x": -0.042182181030511856,
        "y": -0.0008892710320651531,
        "z": 0.3630256652832031
      }
    }
  },
  "telemetry": {
    "sequence": 28,
    "server_timestamp_ms": 1767404630546.5686,
    "airsim_timestamp_ns": 1767404630546568600,
    "pose": {
      "timestamp_ns": 1767404630546568600,
      "position": {
        "x": 136.55101013183594,
        "y": 113.54479217529297,
        "z": -20.746356964111328
      },
      "orientation": {
        "w": 0.9229761362075806,
        "x": -0.08920566737651825,
        "y": 0.1206151694059372,
        "z": 0.35441407561302185
      },
      "linear_velocity": {
        "x": 0.6600261926651001,
        "y": -0.32271909713745117,
        "z": 0.3979429304599762
      },
      "angular_velocity": {
        "x": 0.07087721675634384,
        "y": -0.21975956857204437,
        "z": 0.00013994333858136088
      }
    },
    "imu": {
      "timestamp_ns": 1767404630543755200,
      "linear_acceleration": {
        "x": -0.023162007331848145,
        "y": 0.027962714433670044,
        "z": -9.806266784667969
      },
      "angular_velocity": {
        "x": 0.07087721675634384,
        "y": -0.21975956857204437,
        "z": 0.00013994333858136088
      },
      "orientation": {
        "w": 0.9232193827629089,
        "x": -0.08814430981874466,
        "y": 0.11927639693021774,
        "z": 0.3544992506504059
      }
    },
    "battery_percent": 77.45398491959598,
    "landed_state": "flying",
    "latency_ms": 187.219899999036
  },
  "files": {
    "rgb": "data\\maps\\sequence_normal_ops_001_preflight_bravo_20260102_204147\\frames\\1767404630359071500.png",
    "depth": "data\\maps\\sequence_normal_ops_001_preflight_bravo_20260102_204147\\frames\\1767404630359071500_depth.npy"
  }
}