{
  "frame_id": "1767404557840559400",
  "sequence": 1,
  "timestamp": "2026-01-02T20:42:37.840559",
  "timestamp_ns": 1767404557840559400,
  "camera": {
    "name": "front_center",
    "resolution": [
      1920,
      1080
    ],
    "fov_deg": 89.90362548828125,
    "intrinsics": {
      "fx": 961.6161300315734,
      "fy": 961.6161300315734,
      "cx": 960.0,
      "cy": 540.0
    },
    "pose": {
      "position": {
        "x": 0.1062145084142685,
        "y": 0.21563774347305298,
        "z": -20.91431999206543
      },
      "orientation": {
        "w": 0.7641809582710266,
        "x": 0.08192771673202515,
        "y": -0.09864138066768646,
        "z": 0.6321275234222412
      }
    }
  },
  "telemetry": {
    "sequence": 2,
    "server_timestamp_ms": 1767404558233.6533,
    "airsim_timestamp_ns": 1767404558233653300,
    "pose": {
      "timestamp_ns": 1767404558233653300,
      "position": {
        "x": 0.012924247421324253,
        "y": -0.27416059374809265,
        "z": -20.612003326416016
      },
      "orientation": {
        "w": 0.7705185413360596,
        "x": -0.0012823863653466105,
        "y": 0.0019481363706290722,
        "z": 0.6374133229255676
      },
      "linear_velocity": {
        "x": 0.010373692028224468,
        "y": 0.0332394577562809,
        "z": 1.2346266508102417
      },
      "angular_velocity": {
        "x": -0.005667264107614756,
        "y": -0.0018906011246144772,
        "z": 9.051494271261618e-05
      }
    },
    "imu": {
      "timestamp_ns": 1767404558233803000,
      "linear_acceleration": {
        "x": -0.0011271052062511444,
        "y": 0.027514878660440445,
        "z": -12.04379653930664
      },
      "angular_velocity": {
        "x": -0.005667264107614756,
        "y": -0.0018906011246144772,
        "z": 9.051494271261618e-05
      },
      "orientation": {
        "w": 0.7705184817314148,
        "x": -0.0012871732469648123,
        "y": 0.001940554240718484,
        "z": 0.6374134421348572
      }
    },
    "battery_percent": 89.73178119580295,
    "landed_state": "flying",
    "latency_ms": 393.6370999945211
  },
  "files": {
    "rgb": "data\\maps\\sequence_normal_ops_001_preflight_bravo_20260102_204147\\frames\\1767404557840559400.png",
    "depth": "data\\maps\\sequence_normal_ops_001_preflight_bravo_20260102_204147\\frames\\1767404557840559400_depth.npy"
  }
}