{
  "frame_id": "1767404652309597700",
  "sequence": 33,
  "timestamp": "2026-01-02T20:44:12.309597",
  "timestamp_ns": 1767404652309597700,
  "camera": {
    "name": "front_center",
    "resolution": [
      1920,
      1080
    ],
    "fov_deg": 89.90362548828125,
    "intrinsics": {
      "fx": 961.6161300315734,
      "fy": 961.6161300315734,
      "cx": 960.0,
      "cy": 540.0
    },
    "pose": {
      "position": {
        "x": 100.12095642089844,
        "y": 83.55408477783203,
        "z": -21.23671531677246
      },
      "orientation": {
        "w": 0.3658887445926666,
        "x": 0.013928405940532684,
        "y": 0.03777849301695824,
        "z": -0.9297871589660645
      }
    }
  },
  "telemetry": {
    "sequence": 34,
    "server_timestamp_ms": 1767404652515.3516,
    "airsim_timestamp_ns": 1767404652515351600,
    "pose": {
      "timestamp_ns": 1767404652515351600,
      "position": {
        "x": 100.41832733154297,
        "y": 83.79570770263672,
        "z": -20.797183990478516
      },
      "orientation": {
        "w": 0.35782745480537415,
        "x": 0.1351708322763443,
        "y": 0.08521336317062378,
        "z": -0.9200146794319153
      },
      "linear_velocity": {
        "x": -1.1290472745895386,
        "y": -0.47133946418762207,
        "z": 0.14899419248104095
      },
      "angular_velocity": {
        "x": -0.04252585023641586,
        "y": -0.1802181452512741,
        "z": 0.0004053313168697059
      }
    },
    "imu": {
      "timestamp_ns": 1767404652514769500,
      "linear_acceleration": {
        "x": -0.004108250141143799,
        "y": -0.004903554916381836,
        "z": -9.143872261047363
      },
      "angular_velocity": {
        "x": -0.04154243320226669,
        "y": -0.1804724484682083,
        "z": 0.0003981662739533931
      },
      "orientation": {
        "w": -0.35789212584495544,
        "x": -0.13462558388710022,
        "y": -0.0851367712020874,
        "z": 0.9200766086578369
      }
    },
    "battery_percent": 74.02446257084677,
    "landed_state": "flying",
    "latency_ms": 204.89890000317246
  },
  "files": {
    "rgb": "data\\maps\\sequence_normal_ops_001_preflight_bravo_20260102_204147\\frames\\1767404652309597700.png",
    "depth": "data\\maps\\sequence_normal_ops_001_preflight_bravo_20260102_204147\\frames\\1767404652309597700_depth.npy"
  }
}