{
  "frame_id": "1767404583204683000",
  "sequence": 9,
  "timestamp": "2026-01-02T20:43:03.204683",
  "timestamp_ns": 1767404583204683000,
  "camera": {
    "name": "front_center",
    "resolution": [
      1920,
      1080
    ],
    "fov_deg": 89.90362548828125,
    "intrinsics": {
      "fx": 961.6161300315734,
      "fy": 961.6161300315734,
      "cx": 960.0,
      "cy": 540.0
    },
    "pose": {
      "position": {
        "x": 47.34659957885742,
        "y": 39.18436050415039,
        "z": -21.159603118896484
      },
      "orientation": {
        "w": 0.9349612593650818,
        "x": -0.030247854068875313,
        "y": -0.011418288573622704,
        "z": 0.3532734513282776
      }
    }
  },
  "telemetry": {
    "sequence": 10,
    "server_timestamp_ms": 1767404583397.9568,
    "airsim_timestamp_ns": 1767404583397956800,
    "pose": {
      "timestamp_ns": 1767404583397956800,
      "position": {
        "x": 47.0246467590332,
        "y": 38.9366569519043,
        "z": -20.741283416748047
      },
      "orientation": {
        "w": 0.9284529089927673,
        "x": -0.07610052078962326,
        "y": 0.1107163280248642,
        "z": 0.34630298614501953
      },
      "linear_velocity": {
        "x": 0.6710994243621826,
        "y": -0.07045053690671921,
        "z": 0.30868303775787354
      },
      "angular_velocity": {
        "x": 0.030093412846326828,
        "y": -0.19010768830776215,
        "z": 9.726759162731469e-05
      }
    },
    "imu": {
      "timestamp_ns": 1767404583397355800,
      "linear_acceleration": {
        "x": -0.027695059776306152,
        "y": 0.02286083996295929,
        "z": -9.751837730407715
      },
      "angular_velocity": {
        "x": 0.030093412846326828,
        "y": -0.19010768830776215,
        "z": 9.726759162731469e-05
      },
      "orientation": {
        "w": 0.9284878373146057,
        "x": -0.07596035301685333,
        "y": 0.11046691238880157,
        "z": 0.34631991386413574
      }
    },
    "battery_percent": 85.45569328020474,
    "landed_state": "flying",
    "latency_ms": 193.48059999902034
  },
  "files": {
    "rgb": "data\\maps\\sequence_normal_ops_001_preflight_bravo_20260102_204147\\frames\\1767404583204683000.png",
    "depth": "data\\maps\\sequence_normal_ops_001_preflight_bravo_20260102_204147\\frames\\1767404583204683000_depth.npy"
  }
}