{
  "frame_id": "1767404624275857700",
  "sequence": 23,
  "timestamp": "2026-01-02T20:43:44.275857",
  "timestamp_ns": 1767404624275857700,
  "camera": {
    "name": "front_center",
    "resolution": [
      1920,
      1080
    ],
    "fov_deg": 89.90362548828125,
    "intrinsics": {
      "fx": 961.6161300315734,
      "fy": 961.6161300315734,
      "cx": 960.0,
      "cy": 540.0
    },
    "pose": {
      "position": {
        "x": 124.9449234008789,
        "y": 104.22177124023438,
        "z": -20.883331298828125
      },
      "orientation": {
        "w": 0.9397649765014648,
        "x": -0.0057714153081178665,
        "y": -0.008315674029290676,
        "z": 0.341671347618103
      }
    }
  },
  "telemetry": {
    "sequence": 24,
    "server_timestamp_ms": 1767404624719.0327,
    "airsim_timestamp_ns": 1767404624719032900,
    "pose": {
      "timestamp_ns": 1767404624719032900,
      "position": {
        "x": 125.12026977539062,
        "y": 104.32901000976562,
        "z": -20.61975860595703
      },
      "orientation": {
        "w": 0.9223811030387878,
        "x": -0.08257176727056503,
        "y": 0.17311951518058777,
        "z": 0.3352977931499481
      },
      "linear_velocity": {
        "x": 2.1083502769470215,
        "y": 1.4881631135940552,
        "z": -0.8127469420433044
      },
      "angular_velocity": {
        "x": -0.14446716010570526,
        "y": 0.21301481127738953,
        "z": 9.711656457511708e-05
      }
    },
    "imu": {
      "timestamp_ns": 1767404624685449500,
      "linear_acceleration": {
        "x": -0.10457921028137207,
        "y": 0.019843608140945435,
        "z": -9.384243965148926
      },
      "angular_velocity": {
        "x": -0.14446716010570526,
        "y": 0.21301481127738953,
        "z": 9.711656457511708e-05
      },
      "orientation": {
        "w": 0.9222301244735718,
        "x": -0.08319354057312012,
        "y": 0.1735861599445343,
        "z": 0.3353181481361389
      }
    },
    "battery_percent": 78.497540607567,
    "landed_state": "flying",
    "latency_ms": 426.13490000076126
  },
  "files": {
    "rgb": "data\\maps\\sequence_normal_ops_001_preflight_bravo_20260102_204147\\frames\\1767404624275857700.png",
    "depth": "data\\maps\\sequence_normal_ops_001_preflight_bravo_20260102_204147\\frames\\1767404624275857700_depth.npy"
  }
}