{
  "frame_id": "1767404662770546300",
  "sequence": 37,
  "timestamp": "2026-01-02T20:44:22.770546",
  "timestamp_ns": 1767404662770546300,
  "camera": {
    "name": "front_center",
    "resolution": [
      1920,
      1080
    ],
    "fov_deg": 89.90362548828125,
    "intrinsics": {
      "fx": 961.6161300315734,
      "fy": 961.6161300315734,
      "cx": 960.0,
      "cy": 540.0
    },
    "pose": {
      "position": {
        "x": 77.82954406738281,
        "y": 64.91761779785156,
        "z": -21.231422424316406
      },
      "orientation": {
        "w": 0.3502957820892334,
        "x": 0.03787941113114357,
        "y": 0.03939409554004669,
        "z": -0.9350433945655823
      }
    }
  },
  "telemetry": {
    "sequence": 38,
    "server_timestamp_ms": 1767404662967.2515,
    "airsim_timestamp_ns": 1767404662967251500,
    "pose": {
      "timestamp_ns": 1767404662967251500,
      "position": {
        "x": 78.11610412597656,
        "y": 65.13992309570312,
        "z": -20.77484130859375
      },
      "orientation": {
        "w": 0.3421570062637329,
        "x": 0.15960299968719482,
        "y": 0.08477985113859177,
        "z": -0.9220997095108032
      },
      "linear_velocity": {
        "x": -1.5983028411865234,
        "y": -1.0548728704452515,
        "z": -0.2627166211605072
      },
      "angular_velocity": {
        "x": -0.12202728539705276,
        "y": -0.12215256690979004,
        "z": 0.0012566839577630162
      }
    },
    "imu": {
      "timestamp_ns": 1767404662965386200,
      "linear_acceleration": {
        "x": -0.0043523311614990234,
        "y": -0.005002260208129883,
        "z": -8.379939079284668
      },
      "angular_velocity": {
        "x": -0.12202728539705276,
        "y": -0.12215256690979004,
        "z": 0.0012566839577630162
      },
      "orientation": {
        "w": -0.34220343828201294,
        "x": -0.15937265753746033,
        "y": -0.08488640189170837,
        "z": 0.9221125245094299
      }
    },
    "battery_percent": 72.13066641600176,
    "landed_state": "flying",
    "latency_ms": 197.02589999360498
  },
  "files": {
    "rgb": "data\\maps\\sequence_normal_ops_001_preflight_bravo_20260102_204147\\frames\\1767404662770546300.png",
    "depth": "data\\maps\\sequence_normal_ops_001_preflight_bravo_20260102_204147\\frames\\1767404662770546300_depth.npy"
  }
}