{
  "frame_id": "1767404606595504700",
  "sequence": 17,
  "timestamp": "2026-01-02T20:43:26.595504",
  "timestamp_ns": 1767404606595504700,
  "camera": {
    "name": "front_center",
    "resolution": [
      1920,
      1080
    ],
    "fov_deg": 89.90362548828125,
    "intrinsics": {
      "fx": 961.6161300315734,
      "fy": 961.6161300315734,
      "cx": 960.0,
      "cy": 540.0
    },
    "pose": {
      "position": {
        "x": 91.97156524658203,
        "y": 76.73551940917969,
        "z": -21.204692840576172
      },
      "orientation": {
        "w": 0.9257532954216003,
        "x": -0.036319758743047714,
        "y": 0.02946365810930729,
        "z": 0.3752247989177704
      }
    }
  },
  "telemetry": {
    "sequence": 18,
    "server_timestamp_ms": 1767404606794.0027,
    "airsim_timestamp_ns": 1767404606794002700,
    "pose": {
      "timestamp_ns": 1767404606794002700,
      "position": {
        "x": 91.6925277709961,
        "y": 76.49225616455078,
        "z": -20.754180908203125
      },
      "orientation": {
        "w": 0.9139875769615173,
        "x": -0.08498570322990417,
        "y": 0.15004664659500122,
        "z": 0.3672740161418915
      },
      "linear_velocity": {
        "x": 1.5276931524276733,
        "y": 1.2069402933120728,
        "z": -0.2993188202381134
      },
      "angular_velocity": {
        "x": -0.1372179538011551,
        "y": -0.1198069378733635,
        "z": 0.0006525265634991229
      }
    },
    "imu": {
      "timestamp_ns": 1767404606793100200,
      "linear_acceleration": {
        "x": -0.07393741607666016,
        "y": 0.021101191639900208,
        "z": -8.426461219787598
      },
      "angular_velocity": {
        "x": -0.1372179538011551,
        "y": -0.1198069378733635,
        "z": 0.0006525265634991229
      },
      "orientation": {
        "w": 0.9140047430992126,
        "x": -0.08523375540971756,
        "y": 0.14957033097743988,
        "z": 0.36736810207366943
      }
    },
    "battery_percent": 81.4621645105277,
    "landed_state": "flying",
    "latency_ms": 198.51529999868944
  },
  "files": {
    "rgb": "data\\maps\\sequence_normal_ops_001_preflight_bravo_20260102_204147\\frames\\1767404606595504700.png",
    "depth": "data\\maps\\sequence_normal_ops_001_preflight_bravo_20260102_204147\\frames\\1767404606595504700_depth.npy"
  }
}