{
  "frame_id": "1767404600673181500",
  "sequence": 15,
  "timestamp": "2026-01-02T20:43:20.673181",
  "timestamp_ns": 1767404600673181500,
  "camera": {
    "name": "front_center",
    "resolution": [
      1920,
      1080
    ],
    "fov_deg": 89.90362548828125,
    "intrinsics": {
      "fx": 961.6161300315734,
      "fy": 961.6161300315734,
      "cx": 960.0,
      "cy": 540.0
    },
    "pose": {
      "position": {
        "x": 81.40132141113281,
        "y": 67.48663330078125,
        "z": -21.057720184326172
      },
      "orientation": {
        "w": 0.9349890351295471,
        "x": -0.02235247567296028,
        "y": -0.02492840588092804,
        "z": 0.353092759847641
      }
    }
  },
  "telemetry": {
    "sequence": 16,
    "server_timestamp_ms": 1767404600874.3083,
    "airsim_timestamp_ns": 1767404600874308300,
    "pose": {
      "timestamp_ns": 1767404600874308300,
      "position": {
        "x": 81.07141876220703,
        "y": 67.22870635986328,
        "z": -20.65196990966797
      },
      "orientation": {
        "w": 0.9302438497543335,
        "x": -0.06824909895658493,
        "y": 0.0973254144191742,
        "z": 0.3471544086933136
      },
      "linear_velocity": {
        "x": 0.44810301065444946,
        "y": -0.3706023395061493,
        "z": 0.3424014747142792
      },
      "angular_velocity": {
        "x": 0.06854639947414398,
        "y": -0.18878234922885895,
        "z": 0.0001304965844610706
      }
    },
    "imu": {
      "timestamp_ns": 1767404600870398400,
      "linear_acceleration": {
        "x": -0.020370900630950928,
        "y": 0.023694276809692383,
        "z": -10.02743911743164
      },
      "angular_velocity": {
        "x": 0.06854639947414398,
        "y": -0.18878234922885895,
        "z": 0.0001304965844610706
      },
      "orientation": {
        "w": 0.9303125739097595,
        "x": -0.06786298006772995,
        "y": 0.09686917811632156,
        "z": 0.3471736013889313
      }
    },
    "battery_percent": 82.45910766711378,
    "landed_state": "flying",
    "latency_ms": 201.30100000096718
  },
  "files": {
    "rgb": "data\\maps\\sequence_normal_ops_001_preflight_bravo_20260102_204147\\frames\\1767404600673181500.png",
    "depth": "data\\maps\\sequence_normal_ops_001_preflight_bravo_20260102_204147\\frames\\1767404600673181500_depth.npy"
  }
}