{
  "frame_id": "1767404577134295400",
  "sequence": 7,
  "timestamp": "2026-01-02T20:42:57.134295",
  "timestamp_ns": 1767404577134295400,
  "camera": {
    "name": "front_center",
    "resolution": [
      1920,
      1080
    ],
    "fov_deg": 89.90362548828125,
    "intrinsics": {
      "fx": 961.6161300315734,
      "fy": 961.6161300315734,
      "cx": 960.0,
      "cy": 540.0
    },
    "pose": {
      "position": {
        "x": 34.07087326049805,
        "y": 28.481121063232422,
        "z": -20.896657943725586
      },
      "orientation": {
        "w": 0.9379748702049255,
        "x": -0.008552337065339088,
        "y": -0.0007990943267941475,
        "z": 0.346596896648407
      }
    }
  },
  "telemetry": {
    "sequence": 8,
    "server_timestamp_ms": 1767404577339.1372,
    "airsim_timestamp_ns": 1767404577339137200,
    "pose": {
      "timestamp_ns": 1767404577339137200,
      "position": {
        "x": 33.75982666015625,
        "y": 28.224071502685547,
        "z": -20.475738525390625
      },
      "orientation": {
        "w": 0.9300546646118164,
        "x": -0.05371914431452751,
        "y": 0.12163802981376648,
        "z": 0.34251540899276733
      },
      "linear_velocity": {
        "x": 2.656435012817383,
        "y": 2.108537435531616,
        "z": -0.5184807181358337
      },
      "angular_velocity": {
        "x": -0.07602855563163757,
        "y": 1.1396098136901855,
        "z": -0.0007603648118674755
      }
    },
    "imu": {
      "timestamp_ns": 1767404577338014000,
      "linear_acceleration": {
        "x": -0.09918951988220215,
        "y": 0.017775356769561768,
        "z": -16.115419387817383
      },
      "angular_velocity": {
        "x": -0.07602855563163757,
        "y": 1.1396098136901855,
        "z": -0.0007603648118674755
      },
      "orientation": {
        "w": 0.9296157956123352,
        "x": -0.05511308088898659,
        "y": 0.12479005008935928,
        "z": 0.34235143661499023
      }
    },
    "battery_percent": 86.33100957101499,
    "landed_state": "flying",
    "latency_ms": 204.6937000050093
  },
  "files": {
    "rgb": "data\\maps\\sequence_normal_ops_001_preflight_bravo_20260102_204147\\frames\\1767404577134295400.png",
    "depth": "data\\maps\\sequence_normal_ops_001_preflight_bravo_20260102_204147\\frames\\1767404577134295400_depth.npy"
  }
}