{
  "frame_id": "1767404594335619000",
  "sequence": 13,
  "timestamp": "2026-01-02T20:43:14.335619",
  "timestamp_ns": 1767404594335619000,
  "camera": {
    "name": "front_center",
    "resolution": [
      1920,
      1080
    ],
    "fov_deg": 89.90362548828125,
    "intrinsics": {
      "fx": 961.6161300315734,
      "fy": 961.6161300315734,
      "cx": 960.0,
      "cy": 540.0
    },
    "pose": {
      "position": {
        "x": 67.6266860961914,
        "y": 56.471282958984375,
        "z": -20.858427047729492
      },
      "orientation": {
        "w": 0.9399458765983582,
        "x": -0.0018578707240521908,
        "y": -0.018511539325118065,
        "z": 0.3408161699771881
      }
    }
  },
  "telemetry": {
    "sequence": 14,
    "server_timestamp_ms": 1767404594534.2468,
    "airsim_timestamp_ns": 1767404594534246800,
    "pose": {
      "timestamp_ns": 1767404594534246800,
      "position": {
        "x": 67.30068969726562,
        "y": 56.20774459838867,
        "z": -20.453121185302734
      },
      "orientation": {
        "w": 0.9343207478523254,
        "x": -0.046327415853738785,
        "y": 0.10433438420295715,
        "z": 0.33765795826911926
      },
      "linear_velocity": {
        "x": 2.6950149536132812,
        "y": 2.132497549057007,
        "z": -0.47915542125701904
      },
      "angular_velocity": {
        "x": -0.09299705177545547,
        "y": 1.222603440284729,
        "z": -0.0001704101887298748
      }
    },
    "imu": {
      "timestamp_ns": 1767404594534588300,
      "linear_acceleration": {
        "x": -0.09863913059234619,
        "y": 0.017717957496643066,
        "z": -16.239599227905273
      },
      "angular_velocity": {
        "x": -0.09553410112857819,
        "y": 1.2046022415161133,
        "z": -0.00013542307715397328
      },
      "orientation": {
        "w": 0.931982696056366,
        "x": -0.054333414882421494,
        "y": 0.12256590276956558,
        "z": 0.3367993235588074
      }
    },
    "battery_percent": 83.36674437861424,
    "landed_state": "flying",
    "latency_ms": 199.0419999929145
  },
  "files": {
    "rgb": "data\\maps\\sequence_normal_ops_001_preflight_bravo_20260102_204147\\frames\\1767404594335619000.png",
    "depth": "data\\maps\\sequence_normal_ops_001_preflight_bravo_20260102_204147\\frames\\1767404594335619000_depth.npy"
  }
}