{
  "frame_id": "1767404668042584500",
  "sequence": 39,
  "timestamp": "2026-01-02T20:44:28.042584",
  "timestamp_ns": 1767404668042584500,
  "camera": {
    "name": "front_center",
    "resolution": [
      1920,
      1080
    ],
    "fov_deg": 89.90362548828125,
    "intrinsics": {
      "fx": 961.6161300315734,
      "fy": 961.6161300315734,
      "cx": 960.0,
      "cy": 540.0
    },
    "pose": {
      "position": {
        "x": 66.8066177368164,
        "y": 55.66008758544922,
        "z": -21.161142349243164
      },
      "orientation": {
        "w": 0.3532813489437103,
        "x": 0.04647298529744148,
        "y": 0.02928822487592697,
        "z": -0.9339029788970947
      }
    }
  },
  "telemetry": {
    "sequence": 40,
    "server_timestamp_ms": 1767404668236.5054,
    "airsim_timestamp_ns": 1767404668236505300,
    "pose": {
      "timestamp_ns": 1767404668236505300,
      "position": {
        "x": 67.081298828125,
        "y": 55.889739990234375,
        "z": -20.70091438293457
      },
      "orientation": {
        "w": 0.34643611311912537,
        "x": 0.16797420382499695,
        "y": 0.07515013217926025,
        "z": -0.9198473691940308
      },
      "linear_velocity": {
        "x": -1.9459002017974854,
        "y": -1.4457725286483765,
        "z": -0.6088939309120178
      },
      "angular_velocity": {
        "x": -0.15157540142536163,
        "y": 0.004785226192325354,
        "z": 0.0029306504875421524
      }
    },
    "imu": {
      "timestamp_ns": 1767404668234007200,
      "linear_acceleration": {
        "x": -0.007307291030883789,
        "y": -0.005193233489990234,
        "z": -8.449139595031738
      },
      "angular_velocity": {
        "x": -0.15157540142536163,
        "y": 0.004785226192325354,
        "z": 0.0029306504875421524
      },
      "orientation": {
        "w": -0.34647759795188904,
        "x": -0.167904794216156,
        "y": -0.07536189258098602,
        "z": 0.9198270440101624
      }
    },
    "battery_percent": 71.18883791875997,
    "landed_state": "flying",
    "latency_ms": 190.5408000020543
  },
  "files": {
    "rgb": "data\\maps\\sequence_normal_ops_001_preflight_bravo_20260102_204147\\frames\\1767404668042584500.png",
    "depth": "data\\maps\\sequence_normal_ops_001_preflight_bravo_20260102_204147\\frames\\1767404668042584500_depth.npy"
  }
}