{
  "frame_id": "1767324089631744200",
  "sequence": 14409,
  "timestamp": "2026-01-01T22:21:29.631744",
  "timestamp_ns": 1767324089631744200,
  "camera": {
    "name": "0",
    "resolution": [
      256,
      144
    ],
    "fov_deg": 89.90362548828125,
    "intrinsics": {
      "fx": 128.2154840042098,
      "fy": 128.2154840042098,
      "cx": 128.0,
      "cy": 72.0
    },
    "pose": {
      "position": {
        "x": -23.38105010986328,
        "y": -52.2003288269043,
        "z": -28.402904510498047
      },
      "orientation": {
        "w": 0.25095030665397644,
        "x": -0.043241359293460846,
        "y": -0.06225422024726868,
        "z": -0.9650277495384216
      }
    }
  },
  "telemetry": {
    "sequence": 14410,
    "server_timestamp_ms": 1767324090520.158,
    "airsim_timestamp_ns": 1767324090520157900,
    "pose": {
      "timestamp_ns": 1767324090520157900,
      "position": {
        "x": -22.9807071685791,
        "y": -51.980003356933594,
        "z": -28.45566749572754
      },
      "orientation": {
        "w": 0.25095030665397644,
        "x": -0.043241359293460846,
        "y": -0.06225422024726868,
        "z": -0.9650277495384216
      },
      "linear_velocity": {
        "x": 0.39616551995277405,
        "y": 0.8518608808517456,
        "z": -0.1707049459218979
      },
      "angular_velocity": {
        "x": -0.0926966443657875,
        "y": 0.10409297794103622,
        "z": 0.0028013079427182674
      }
    },
    "imu": {
      "timestamp_ns": 1767324085947173632,
      "linear_acceleration": {
        "x": 0.04394838213920593,
        "y": 0.001332998275756836,
        "z": -9.117874145507812
      },
      "angular_velocity": {
        "x": -0.0926966443657875,
        "y": 0.10409297794103622,
        "z": 0.0028013079427182674
      },
      "orientation": {
        "w": -0.25096580386161804,
        "x": 0.04301053285598755,
        "y": 0.06190202385187149,
        "z": 0.9650567770004272
      }
    },
    "battery_percent": 100.0,
    "landed_state": "flying",
    "latency_ms": 888.4629999956815
  },
  "files": {
    "rgb": "data\\maps\\sequence_normal_ops_001_preflight_20260101_221557\\frames\\1767324089631744200.png",
    "depth": "data\\maps\\sequence_normal_ops_001_preflight_20260101_221557\\frames\\1767324089631744200_depth.npy"
  }
}