{
  "frame_id": "1767323961795059100",
  "sequence": 11382,
  "timestamp": "2026-01-01T22:19:21.795059",
  "timestamp_ns": 1767323961795059100,
  "camera": {
    "name": "0",
    "resolution": [
      256,
      144
    ],
    "fov_deg": 89.90362548828125,
    "intrinsics": {
      "fx": 128.2154840042098,
      "fy": 128.2154840042098,
      "cx": 128.0,
      "cy": 72.0
    },
    "pose": {
      "position": {
        "x": -35.783111572265625,
        "y": -37.82602310180664,
        "z": -29.263134002685547
      },
      "orientation": {
        "w": 0.924284040927887,
        "x": 0.013635342009365559,
        "y": 0.010817042551934719,
        "z": 0.3813084065914154
      }
    }
  },
  "telemetry": {
    "sequence": 11383,
    "server_timestamp_ms": 1767323964876.9617,
    "airsim_timestamp_ns": 1767323964876961700,
    "pose": {
      "timestamp_ns": 1767323964876961700,
      "position": {
        "x": -36.1092414855957,
        "y": -38.1504020690918,
        "z": -29.25872039794922
      },
      "orientation": {
        "w": 0.924284040927887,
        "x": 0.013635342009365559,
        "y": 0.010817042551934719,
        "z": 0.3813084065914154
      },
      "linear_velocity": {
        "x": 0.23567315936088562,
        "y": -0.4345473349094391,
        "z": -0.016859039664268494
      },
      "angular_velocity": {
        "x": 0.1798711121082306,
        "y": -0.126261904835701,
        "z": -0.0017894529737532139
      }
    },
    "imu": {
      "timestamp_ns": 1767323961303514624,
      "linear_acceleration": {
        "x": -0.014447866007685661,
        "y": 0.019572332501411438,
        "z": -9.959912300109863
      },
      "angular_velocity": {
        "x": 0.1798711121082306,
        "y": -0.126261904835701,
        "z": -0.0017894529737532139
      },
      "orientation": {
        "w": -0.9242803454399109,
        "x": -0.014997965656220913,
        "y": -0.010521634481847286,
        "z": -0.381274551153183
      }
    },
    "battery_percent": 100.0,
    "landed_state": "flying",
    "latency_ms": 3081.5354000005755
  },
  "files": {
    "rgb": "data\\maps\\sequence_normal_ops_001_preflight_20260101_221557\\frames\\1767323961795059100.png",
    "depth": "data\\maps\\sequence_normal_ops_001_preflight_20260101_221557\\frames\\1767323961795059100_depth.npy"
  }
}