{
  "frame_id": "1767323818928730800",
  "sequence": 9281,
  "timestamp": "2026-01-01T22:16:58.928730",
  "timestamp_ns": 1767323818928730800,
  "camera": {
    "name": "0",
    "resolution": [
      256,
      144
    ],
    "fov_deg": 89.90362548828125,
    "intrinsics": {
      "fx": 128.2154840042098,
      "fy": 128.2154840042098,
      "cx": 128.0,
      "cy": 72.0
    },
    "pose": {
      "position": {
        "x": -16.441190719604492,
        "y": -17.1516056060791,
        "z": -24.79140853881836
      },
      "orientation": {
        "w": 0.9250442385673523,
        "x": 0.004955809097737074,
        "y": -0.011512246914207935,
        "z": 0.37965255975723267
      }
    }
  },
  "telemetry": {
    "sequence": 9282,
    "server_timestamp_ms": 1767323819092.9614,
    "airsim_timestamp_ns": 1767323819092961300,
    "pose": {
      "timestamp_ns": 1767323819092961300,
      "position": {
        "x": -16.768463134765625,
        "y": -17.474653244018555,
        "z": -24.802936553955078
      },
      "orientation": {
        "w": 0.9250442385673523,
        "x": 0.004955809097737074,
        "y": -0.011512246914207935,
        "z": 0.37965255975723267
      },
      "linear_velocity": {
        "x": 3.362868547439575,
        "y": 3.313730478286743,
        "z": -0.6307894587516785
      },
      "angular_velocity": {
        "x": -0.0011181470472365618,
        "y": 0.009896337985992432,
        "z": -5.931637861067429e-05
      }
    },
    "imu": {
      "timestamp_ns": 1767323816556426752,
      "linear_acceleration": {
        "x": -0.24363380670547485,
        "y": 0.014048397541046143,
        "z": -12.965208053588867
      },
      "angular_velocity": {
        "x": -0.0011181470472365618,
        "y": 0.009896337985992432,
        "z": -5.931637861067429e-05
      },
      "orientation": {
        "w": 0.9250448942184448,
        "x": 0.004933492746204138,
        "y": -0.011471271514892578,
        "z": 0.3796524703502655
      }
    },
    "battery_percent": 100.0,
    "landed_state": "flying",
    "latency_ms": 162.86519999994198
  },
  "files": {
    "rgb": "data\\maps\\sequence_normal_ops_001_preflight_20260101_221557\\frames\\1767323818928730800.png",
    "depth": "data\\maps\\sequence_normal_ops_001_preflight_20260101_221557\\frames\\1767323818928730800_depth.npy"
  }
}