{
  "frame_id": "1767324025962094000",
  "sequence": 12682,
  "timestamp": "2026-01-01T22:20:25.962094",
  "timestamp_ns": 1767324025962094000,
  "camera": {
    "name": "0",
    "resolution": [
      256,
      144
    ],
    "fov_deg": 89.90362548828125,
    "intrinsics": {
      "fx": 128.2154840042098,
      "fy": 128.2154840042098,
      "cx": 128.0,
      "cy": 72.0
    },
    "pose": {
      "position": {
        "x": -96.79470825195312,
        "y": -87.04948425292969,
        "z": -27.165817260742188
      },
      "orientation": {
        "w": 0.5726456642150879,
        "x": -0.007940700277686119,
        "y": -0.009018359705805779,
        "z": -0.8197149038314819
      }
    }
  },
  "telemetry": {
    "sequence": 12683,
    "server_timestamp_ms": 1767324026071.4556,
    "airsim_timestamp_ns": 1767324026071455600,
    "pose": {
      "timestamp_ns": 1767324026071455600,
      "position": {
        "x": -96.6364517211914,
        "y": -86.61769104003906,
        "z": -27.176557540893555
      },
      "orientation": {
        "w": 0.5726456642150879,
        "x": -0.007940700277686119,
        "y": -0.009018359705805779,
        "z": -0.8197149038314819
      },
      "linear_velocity": {
        "x": -1.6573944091796875,
        "y": -4.52268123626709,
        "z": -0.036248743534088135
      },
      "angular_velocity": {
        "x": -0.0013152575120329857,
        "y": 0.020307032391428947,
        "z": 0.0047340006567537785
      }
    },
    "imu": {
      "timestamp_ns": 1767324021895807232,
      "linear_acceleration": {
        "x": -0.11007189750671387,
        "y": -0.02479523979127407,
        "z": -9.760664939880371
      },
      "angular_velocity": {
        "x": -0.0013152575120329857,
        "y": 0.020307032391428947,
        "z": 0.0047340006567537785
      },
      "orientation": {
        "w": 0.5726637840270996,
        "x": -0.007869001477956772,
        "y": -0.008960763923823833,
        "z": -0.8197036385536194
      }
    },
    "battery_percent": 100.0,
    "landed_state": "flying",
    "latency_ms": 107.81600000336766
  },
  "files": {
    "rgb": "data\\maps\\sequence_normal_ops_001_preflight_20260101_221557\\frames\\1767324025962094000.png",
    "depth": "data\\maps\\sequence_normal_ops_001_preflight_20260101_221557\\frames\\1767324025962094000_depth.npy"
  }
}