{
  "frame_id": "1767324277247228900",
  "sequence": 20955,
  "timestamp": "2026-01-01T22:24:37.247228",
  "timestamp_ns": 1767324277247228900,
  "camera": {
    "name": "0",
    "resolution": [
      256,
      144
    ],
    "fov_deg": 89.90362548828125,
    "intrinsics": {
      "fx": 128.2154840042098,
      "fy": 128.2154840042098,
      "cx": 128.0,
      "cy": 72.0
    },
    "pose": {
      "position": {
        "x": 199.2105712890625,
        "y": 175.90438842773438,
        "z": -30.66428565979004
      },
      "orientation": {
        "w": 0.9191429615020752,
        "x": 0.003826111787930131,
        "y": -0.011351804248988628,
        "z": 0.3937418758869171
      }
    }
  },
  "telemetry": {
    "sequence": 20957,
    "server_timestamp_ms": 1767324277341.05,
    "airsim_timestamp_ns": 1767324277341050200,
    "pose": {
      "timestamp_ns": 1767324277341050200,
      "position": {
        "x": 199.01084899902344,
        "y": 175.69471740722656,
        "z": -30.65452766418457
      },
      "orientation": {
        "w": 0.919141948223114,
        "x": 0.003870483487844467,
        "y": -0.011424081400036812,
        "z": 0.3937417268753052
      },
      "linear_velocity": {
        "x": 3.2643771171569824,
        "y": 3.4226560592651367,
        "z": 0.5453327894210815
      },
      "angular_velocity": {
        "x": 0.001617957022972405,
        "y": 0.006411171518266201,
        "z": 9.80763047664368e-07
      }
    },
    "imu": {
      "timestamp_ns": 1767324271936141312,
      "linear_acceleration": {
        "x": -0.24304065108299255,
        "y": 0.014742553234100342,
        "z": -16.291656494140625
      },
      "angular_velocity": {
        "x": 0.0017963573336601257,
        "y": 0.00841408222913742,
        "z": 8.467530960842851e-07
      },
      "orientation": {
        "w": -0.9191422462463379,
        "x": -0.003867371939122677,
        "y": 0.01140449196100235,
        "z": -0.3937418758869171
      }
    },
    "battery_percent": 100.0,
    "landed_state": "flying",
    "latency_ms": 92.35719999560388
  },
  "files": {
    "rgb": "data\\maps\\sequence_normal_ops_001_preflight_20260101_221557\\frames\\1767324277247228900.png",
    "depth": "data\\maps\\sequence_normal_ops_001_preflight_20260101_221557\\frames\\1767324277247228900_depth.npy"
  }
}