{
  "frame_id": "1767324338512121800",
  "sequence": 22859,
  "timestamp": "2026-01-01T22:25:38.512121",
  "timestamp_ns": 1767324338512121800,
  "camera": {
    "name": "0",
    "resolution": [
      256,
      144
    ],
    "fov_deg": 89.90362548828125,
    "intrinsics": {
      "fx": 128.2154840042098,
      "fy": 128.2154840042098,
      "cx": 128.0,
      "cy": 72.0
    },
    "pose": {
      "position": {
        "x": 94.41754150390625,
        "y": 77.49454498291016,
        "z": -33.66807174682617
      },
      "orientation": {
        "w": 0.4143374562263489,
        "x": 0.002260781591758132,
        "y": 0.0026296263094991446,
        "z": -0.9101167321205139
      }
    }
  },
  "telemetry": {
    "sequence": 22860,
    "server_timestamp_ms": 1767324338665.1458,
    "airsim_timestamp_ns": 1767324338665145700,
    "pose": {
      "timestamp_ns": 1767324338665145700,
      "position": {
        "x": 94.71959686279297,
        "y": 77.84146881103516,
        "z": -33.66517639160156
      },
      "orientation": {
        "w": 0.4143374562263489,
        "x": 0.002260781591758132,
        "y": 0.0026296263094991446,
        "z": -0.9101167321205139
      },
      "linear_velocity": {
        "x": -3.2087392807006836,
        "y": -3.6899092197418213,
        "z": 0.0029904567636549473
      },
      "angular_velocity": {
        "x": -0.008050338365137577,
        "y": 0.1693779081106186,
        "z": 5.045381476520561e-05
      }
    },
    "imu": {
      "timestamp_ns": 1767324332936442624,
      "linear_acceleration": {
        "x": -0.07816509157419205,
        "y": -0.015854209661483765,
        "z": -9.830628395080566
      },
      "angular_velocity": {
        "x": -0.008050338365137577,
        "y": 0.1693779081106186,
        "z": 5.045381476520561e-05
      },
      "orientation": {
        "w": -0.4143357276916504,
        "x": -0.0029017238412052393,
        "y": -0.0029596269596368074,
        "z": 0.9101147055625916
      }
    },
    "battery_percent": 100.0,
    "landed_state": "flying",
    "latency_ms": 121.1842999982764
  },
  "files": {
    "rgb": "data\\maps\\sequence_normal_ops_001_preflight_20260101_221557\\frames\\1767324338512121800.png",
    "depth": "data\\maps\\sequence_normal_ops_001_preflight_20260101_221557\\frames\\1767324338512121800_depth.npy"
  }
}