{
  "frame_id": "1767324215532284700",
  "sequence": 18471,
  "timestamp": "2026-01-01T22:23:35.532284",
  "timestamp_ns": 1767324215532284700,
  "camera": {
    "name": "0",
    "resolution": [
      256,
      144
    ],
    "fov_deg": 89.90362548828125,
    "intrinsics": {
      "fx": 128.2154840042098,
      "fy": 128.2154840042098,
      "cx": 128.0,
      "cy": 72.0
    },
    "pose": {
      "position": {
        "x": 103.12737274169922,
        "y": 68.2645492553711,
        "z": -32.99435806274414
      },
      "orientation": {
        "w": 0.4954805076122284,
        "x": -0.086802639067173,
        "y": -0.0630301833152771,
        "z": -0.8619695901870728
      }
    }
  },
  "telemetry": {
    "sequence": 18474,
    "server_timestamp_ms": 1767324215712.4316,
    "airsim_timestamp_ns": 1767324215712431600,
    "pose": {
      "timestamp_ns": 1767324215712431600,
      "position": {
        "x": 103.34484100341797,
        "y": 68.63408660888672,
        "z": -33.09647750854492
      },
      "orientation": {
        "w": 0.49598395824432373,
        "x": -0.0864066407084465,
        "y": -0.0627407506108284,
        "z": -0.8617409467697144
      },
      "linear_velocity": {
        "x": -1.6263206005096436,
        "y": -3.0654683113098145,
        "z": -0.7488434910774231
      },
      "angular_velocity": {
        "x": 0.0007426576921716332,
        "y": 0.16560758650302887,
        "z": 0.1865297555923462
      }
    },
    "imu": {
      "timestamp_ns": 1767324210560832000,
      "linear_acceleration": {
        "x": -0.028482943773269653,
        "y": -0.023846864700317383,
        "z": -8.424808502197266
      },
      "angular_velocity": {
        "x": 0.0007426576921716332,
        "y": 0.16560758650302887,
        "z": 0.1865297555923462
      },
      "orientation": {
        "w": -0.49623945355415344,
        "x": 0.08620990812778473,
        "y": 0.06259522587060928,
        "z": 0.8616241216659546
      }
    },
    "battery_percent": 100.0,
    "landed_state": "flying",
    "latency_ms": 177.8487999981735
  },
  "files": {
    "rgb": "data\\maps\\sequence_normal_ops_001_preflight_20260101_221557\\frames\\1767324215532284700.png",
    "depth": "data\\maps\\sequence_normal_ops_001_preflight_20260101_221557\\frames\\1767324215532284700_depth.npy"
  }
}