{
  "frame_id": "1767324154264826200",
  "sequence": 16377,
  "timestamp": "2026-01-01T22:22:34.264826",
  "timestamp_ns": 1767324154264826200,
  "camera": {
    "name": "0",
    "resolution": [
      256,
      144
    ],
    "fov_deg": 89.90362548828125,
    "intrinsics": {
      "fx": 128.2154840042098,
      "fy": 128.2154840042098,
      "cx": 128.0,
      "cy": 72.0
    },
    "pose": {
      "position": {
        "x": 25.758371353149414,
        "y": -24.94045066833496,
        "z": -31.56479263305664
      },
      "orientation": {
        "w": 0.8907659649848938,
        "x": -0.12005962431430817,
        "y": 0.1486724615097046,
        "z": 0.412332683801651
      }
    }
  },
  "telemetry": {
    "sequence": 16378,
    "server_timestamp_ms": 1767324154425.1848,
    "airsim_timestamp_ns": 1767324154425184700,
    "pose": {
      "timestamp_ns": 1767324154425184700,
      "position": {
        "x": 25.47512435913086,
        "y": -25.261938095092773,
        "z": -31.397411346435547
      },
      "orientation": {
        "w": 0.8907659649848938,
        "x": -0.12005962431430817,
        "y": 0.1486724615097046,
        "z": 0.412332683801651
      },
      "linear_velocity": {
        "x": 1.406580924987793,
        "y": 1.1857706308364868,
        "z": -0.008177278563380241
      },
      "angular_velocity": {
        "x": -0.08430930227041245,
        "y": -0.2345104217529297,
        "z": -0.00016545217658858746
      }
    },
    "imu": {
      "timestamp_ns": 1767324149518529792,
      "linear_acceleration": {
        "x": -0.06182050704956055,
        "y": 0.026851192116737366,
        "z": -8.269451141357422
      },
      "angular_velocity": {
        "x": -0.08430930227041245,
        "y": -0.2345104217529297,
        "z": -0.00016545217658858746
      },
      "orientation": {
        "w": 0.8908759951591492,
        "x": -0.11996966600418091,
        "y": 0.1475735455751419,
        "z": 0.41251587867736816
      }
    },
    "battery_percent": 100.0,
    "landed_state": "flying",
    "latency_ms": 159.54000000056112
  },
  "files": {
    "rgb": "data\\maps\\sequence_normal_ops_001_preflight_20260101_221557\\frames\\1767324154264826200.png",
    "depth": "data\\maps\\sequence_normal_ops_001_preflight_20260101_221557\\frames\\1767324154264826200_depth.npy"
  }
}