{
  "frame_id": "1767323887441559200",
  "sequence": 9876,
  "timestamp": "2026-01-01T22:18:07.441559",
  "timestamp_ns": 1767323887441559200,
  "camera": {
    "name": "0",
    "resolution": [
      256,
      144
    ],
    "fov_deg": 89.90362548828125,
    "intrinsics": {
      "fx": 128.2154840042098,
      "fy": 128.2154840042098,
      "cx": 128.0,
      "cy": 72.0
    },
    "pose": {
      "position": {
        "x": 3.7460861206054688,
        "y": 16.102811813354492,
        "z": -25.733497619628906
      },
      "orientation": {
        "w": 0.7668776512145996,
        "x": 0.005906930658966303,
        "y": -0.0010741077130660415,
        "z": -0.641765296459198
      }
    }
  },
  "telemetry": {
    "sequence": 9877,
    "server_timestamp_ms": 1767323891336.4072,
    "airsim_timestamp_ns": 1767323891336407300,
    "pose": {
      "timestamp_ns": 1767323891335891500,
      "position": {
        "x": 3.6650009155273438,
        "y": 16.555601119995117,
        "z": -25.73076820373535
      },
      "orientation": {
        "w": 0.7668776512145996,
        "x": 0.005906930658966303,
        "y": -0.0010741077130660415,
        "z": -0.641765296459198
      },
      "linear_velocity": {
        "x": -1.183158278465271,
        "y": 2.4654476642608643,
        "z": -1.1706981658935547
      },
      "angular_velocity": {
        "x": 0.014995448291301727,
        "y": 0.0030149018857628107,
        "z": 0.00018654114683158696
      }
    },
    "imu": {
      "timestamp_ns": 1767323888359958528,
      "linear_acceleration": {
        "x": 0.033754613250494,
        "y": -0.011039361357688904,
        "z": -9.798928260803223
      },
      "angular_velocity": {
        "x": 0.014995448291301727,
        "y": 0.0030149018857628107,
        "z": 0.00018654114683158696
      },
      "orientation": {
        "w": 0.7668778896331787,
        "x": 0.0059686340391635895,
        "y": -0.0011078938841819763,
        "z": -0.6417644023895264
      }
    },
    "battery_percent": 100.0,
    "landed_state": "flying",
    "latency_ms": 3893.655400002899
  },
  "files": {
    "rgb": "data\\maps\\sequence_normal_ops_001_preflight_20260101_221557\\frames\\1767323887441559200.png",
    "depth": "data\\maps\\sequence_normal_ops_001_preflight_20260101_221557\\frames\\1767323887441559200_depth.npy"
  }
}