{
  "frame_id": "1767367534847525500",
  "sequence": 274,
  "timestamp": "2026-01-02T10:25:34.847525",
  "timestamp_ns": 1767367534847525500,
  "camera": {
    "name": "0",
    "resolution": [
      256,
      144
    ],
    "fov_deg": 89.90362548828125,
    "intrinsics": {
      "fx": 128.2154840042098,
      "fy": 128.2154840042098,
      "cx": 128.0,
      "cy": 72.0
    },
    "pose": {
      "position": {
        "x": 29.741846084594727,
        "y": 10.088879585266113,
        "z": -24.67742919921875
      },
      "orientation": {
        "w": 0.7428771257400513,
        "x": 0.0009562462801113725,
        "y": -0.001112329657189548,
        "z": -0.6694262027740479
      }
    }
  },
  "telemetry": {
    "sequence": 275,
    "server_timestamp_ms": 1767367543243.7087,
    "airsim_timestamp_ns": 1767367543243708800,
    "pose": {
      "timestamp_ns": 1767367543243708800,
      "position": {
        "x": 29.6732177734375,
        "y": 10.529799461364746,
        "z": -24.676610946655273
      },
      "orientation": {
        "w": 0.9143381118774414,
        "x": 0.00044596593943424523,
        "y": -0.0004738043062388897,
        "z": -0.4049510955810547
      },
      "linear_velocity": {
        "x": 0.003312758868560195,
        "y": -0.006949298549443483,
        "z": 0.0017569531919434667
      },
      "angular_velocity": {
        "x": -0.006770548410713673,
        "y": 0.010113570839166641,
        "z": -0.006381179206073284
      }
    },
    "imu": {
      "timestamp_ns": 1767367533996873216,
      "linear_acceleration": {
        "x": -0.011569829657673836,
        "y": -0.015208395197987556,
        "z": -9.801935195922852
      },
      "angular_velocity": {
        "x": -0.006770548410713673,
        "y": 0.010113570839166641,
        "z": -0.006381179206073284
      },
      "orientation": {
        "w": 0.914334237575531,
        "x": 0.0004424125363584608,
        "y": -0.00045533227967098355,
        "z": -0.40495988726615906
      }
    },
    "battery_percent": 86.14645359076657,
    "landed_state": "flying",
    "latency_ms": 8396.174900000005
  },
  "files": {
    "rgb": "data\\maps\\sequence_normal_ops_001_preflight_20260102_102517\\frames\\1767367534847525500.png",
    "depth": "data\\maps\\sequence_normal_ops_001_preflight_20260102_102517\\frames\\1767367534847525500_depth.npy"
  }
}