{
  "frame_id": "1767377476184859000",
  "sequence": 356,
  "timestamp": "2026-01-02T13:11:16.184859",
  "timestamp_ns": 1767377476184859000,
  "camera": {
    "name": "front_center",
    "resolution": [
      1280,
      720
    ],
    "fov_deg": 89.90362548828125,
    "intrinsics": {
      "fx": 641.077420021049,
      "fy": 641.077420021049,
      "cx": 640.0,
      "cy": 360.0
    },
    "pose": {
      "position": {
        "x": 1.6063930988311768,
        "y": -0.6896242499351501,
        "z": -22.204364776611328
      },
      "orientation": {
        "w": 0.944793164730072,
        "x": 0.0274259764701128,
        "y": -0.08351824432611465,
        "z": 0.3156554698944092
      }
    }
  },
  "telemetry": {
    "sequence": 357,
    "server_timestamp_ms": 1767377476630.3843,
    "airsim_timestamp_ns": 1767377476630384000,
    "pose": {
      "timestamp_ns": 1767377476630384000,
      "position": {
        "x": 1.406414270401001,
        "y": -0.8399025797843933,
        "z": -22.104740142822266
      },
      "orientation": {
        "w": 0.948477029800415,
        "x": -0.00018957402789965272,
        "y": -0.0008562811417505145,
        "z": 0.316844642162323
      },
      "linear_velocity": {
        "x": 9.329331805929542e-05,
        "y": -0.0022401476744562387,
        "z": 0.00030496655381284654
      },
      "angular_velocity": {
        "x": 0.00017471711908001453,
        "y": -0.00017166725592687726,
        "z": -4.954242349697324e-09
      }
    },
    "imu": {
      "timestamp_ns": 1767377473227024896,
      "linear_acceleration": {
        "x": -0.01659204065799713,
        "y": 0.010216187685728073,
        "z": -9.806617736816406
      },
      "angular_velocity": {
        "x": 0.00017441116506233811,
        "y": -0.00017156718240585178,
        "z": -3.3805225285732377e-09
      },
      "orientation": {
        "w": 0.9484770894050598,
        "x": -0.00018758488295134157,
        "y": -0.0008572404040023685,
        "z": 0.316844642162323
      }
    },
    "battery_percent": 86.42193466521681,
    "landed_state": "flying",
    "latency_ms": 393.55070000056
  },
  "files": {
    "rgb": "data\\maps\\sequence_normal_ops_001_preflight_20260102_131051\\frames\\1767377476184859000.png",
    "depth": "data\\maps\\sequence_normal_ops_001_preflight_20260102_131051\\frames\\1767377476184859000_depth.npy"
  }
}