{
  "frame_id": "1767409232301484600",
  "sequence": 1036,
  "timestamp": "2026-01-02T22:00:32.301484",
  "timestamp_ns": 1767409232301484600,
  "camera": {
    "name": "front_center",
    "resolution": [
      1920,
      1080
    ],
    "fov_deg": 89.90362548828125,
    "intrinsics": {
      "fx": 961.6161300315734,
      "fy": 961.6161300315734,
      "cx": 960.0,
      "cy": 540.0
    },
    "pose": {
      "position": {
        "x": 5.285487174987793,
        "y": -1.3197107315063477,
        "z": -21.12899398803711
      },
      "orientation": {
        "w": 0.520833432674408,
        "x": 0.026805419474840164,
        "y": 0.0329446978867054,
        "z": -0.8526011109352112
      }
    }
  },
  "telemetry": {
    "sequence": 1037,
    "server_timestamp_ms": 1767409232507.7205,
    "airsim_timestamp_ns": 1767409232507720400,
    "pose": {
      "timestamp_ns": 1767409232507720400,
      "position": {
        "x": 5.465548038482666,
        "y": -0.9957072138786316,
        "z": -20.678884506225586
      },
      "orientation": {
        "w": 0.5120775103569031,
        "x": 0.13786287605762482,
        "y": 0.10064525902271271,
        "z": -0.8418081998825073
      },
      "linear_velocity": {
        "x": -1.173159122467041,
        "y": -2.1328017711639404,
        "z": -0.5443333983421326
      },
      "angular_velocity": {
        "x": -0.1438010036945343,
        "y": -0.13048440217971802,
        "z": -0.00015296979108825326
      }
    },
    "imu": {
      "timestamp_ns": 1767409232507480100,
      "linear_acceleration": {
        "x": -0.01980605721473694,
        "y": -0.017360210418701172,
        "z": -8.193577766418457
      },
      "angular_velocity": {
        "x": -0.14335201680660248,
        "y": -0.13353388011455536,
        "z": -0.00015656455070711672
      },
      "orientation": {
        "w": -0.5125967860221863,
        "x": -0.13502538204193115,
        "y": -0.10169143229722977,
        "z": 0.841826319694519
      }
    },
    "battery_percent": 94.38288710183747,
    "landed_state": "flying",
    "latency_ms": 206.43310000014026
  },
  "files": {
    "rgb": "data\\maps\\sequence_normal_ops_001_preflight_20260102_220010\\frames\\1767409232301484600.png",
    "depth": "data\\maps\\sequence_normal_ops_001_preflight_20260102_220010\\frames\\1767409232301484600_depth.npy"
  }
}