{
  "frame_id": "1767409251398752800",
  "sequence": 2513,
  "timestamp": "2026-01-02T22:00:51.398752",
  "timestamp_ns": 1767409251398752800,
  "camera": {
    "name": "front_center",
    "resolution": [
      1920,
      1080
    ],
    "fov_deg": 89.90362548828125,
    "intrinsics": {
      "fx": 961.6161300315734,
      "fy": 961.6161300315734,
      "cx": 960.0,
      "cy": 540.0
    },
    "pose": {
      "position": {
        "x": 35.935115814208984,
        "y": 31.862586975097656,
        "z": -21.104215621948242
      },
      "orientation": {
        "w": 0.9127587676048279,
        "x": -0.024324534460902214,
        "y": 0.03650398924946785,
        "z": 0.40613698959350586
      }
    }
  },
  "telemetry": {
    "sequence": 2514,
    "server_timestamp_ms": 1767409251607.3838,
    "airsim_timestamp_ns": 1767409251607383800,
    "pose": {
      "timestamp_ns": 1767409251607383800,
      "position": {
        "x": 35.73806381225586,
        "y": 31.644447326660156,
        "z": -20.67011260986328
      },
      "orientation": {
        "w": 0.8999613523483276,
        "x": -0.07908599823713303,
        "y": 0.15469667315483093,
        "z": 0.3998548090457916
      },
      "linear_velocity": {
        "x": 1.755427360534668,
        "y": 1.640916347503662,
        "z": -0.583612322807312
      },
      "angular_velocity": {
        "x": -0.14270907640457153,
        "y": -0.01039864681661129,
        "z": 0.004133889451622963
      }
    },
    "imu": {
      "timestamp_ns": 1767409251604624200,
      "linear_acceleration": {
        "x": -0.09020495414733887,
        "y": 0.023752063512802124,
        "z": -8.559992790222168
      },
      "angular_velocity": {
        "x": -0.14270907640457153,
        "y": -0.01039864681661129,
        "z": 0.004133889451622963
      },
      "orientation": {
        "w": -0.8999438881874084,
        "x": 0.07927238941192627,
        "y": -0.15460023283958435,
        "z": -0.39989450573921204
      }
    },
    "battery_percent": 89.64761137197281,
    "landed_state": "flying",
    "latency_ms": 207.5189000024693
  },
  "files": {
    "rgb": "data\\maps\\sequence_normal_ops_001_preflight_20260102_220010\\frames\\1767409251398752800.png",
    "depth": "data\\maps\\sequence_normal_ops_001_preflight_20260102_220010\\frames\\1767409251398752800_depth.npy"
  }
}