{
  "frame_id": "1767409240754739800",
  "sequence": 1590,
  "timestamp": "2026-01-02T22:00:40.754739",
  "timestamp_ns": 1767409240754739800,
  "camera": {
    "name": "front_center",
    "resolution": [
      1920,
      1080
    ],
    "fov_deg": 89.90362548828125,
    "intrinsics": {
      "fx": 961.6161300315734,
      "fy": 961.6161300315734,
      "cx": 960.0,
      "cy": 540.0
    },
    "pose": {
      "position": {
        "x": 16.69467544555664,
        "y": 11.391239166259766,
        "z": -21.148040771484375
      },
      "orientation": {
        "w": 0.9111692905426025,
        "x": -0.0341893769800663,
        "y": 0.031007561832666397,
        "z": 0.4094388782978058
      }
    }
  },
  "telemetry": {
    "sequence": 1591,
    "server_timestamp_ms": 1767409240946.082,
    "airsim_timestamp_ns": 1767409240946082100,
    "pose": {
      "timestamp_ns": 1767409240946082100,
      "position": {
        "x": 16.437984466552734,
        "y": 11.12643814086914,
        "z": -20.696388244628906
      },
      "orientation": {
        "w": 0.8993268013000488,
        "x": -0.0873393788933754,
        "y": 0.14967374503612518,
        "z": 0.4014734625816345
      },
      "linear_velocity": {
        "x": 1.6089625358581543,
        "y": 1.7069706916809082,
        "z": -0.5448458194732666
      },
      "angular_velocity": {
        "x": -0.16832031309604645,
        "y": -0.04557241499423981,
        "z": 0.0008626144262962043
      }
    },
    "imu": {
      "timestamp_ns": 1767409240943697600,
      "linear_acceleration": {
        "x": -0.08830702304840088,
        "y": 0.021219968795776367,
        "z": -8.471784591674805
      },
      "angular_velocity": {
        "x": -0.16832031309604645,
        "y": -0.04557241499423981,
        "z": 0.0008626144262962043
      },
      "orientation": {
        "w": -0.8993139863014221,
        "x": 0.08754076808691025,
        "y": -0.1495126485824585,
        "z": -0.4015183746814728
      }
    },
    "battery_percent": 92.35612726134455,
    "landed_state": "flying",
    "latency_ms": 191.4258000033442
  },
  "files": {
    "rgb": "data\\maps\\sequence_normal_ops_001_preflight_20260102_220010\\frames\\1767409240754739800.png",
    "depth": "data\\maps\\sequence_normal_ops_001_preflight_20260102_220010\\frames\\1767409240754739800_depth.npy"
  }
}