{
  "frame_id": "1767409256602495400",
  "sequence": 2985,
  "timestamp": "2026-01-02T22:00:56.602495",
  "timestamp_ns": 1767409256602495400,
  "camera": {
    "name": "front_center",
    "resolution": [
      1920,
      1080
    ],
    "fov_deg": 89.90362548828125,
    "intrinsics": {
      "fx": 961.6161300315734,
      "fy": 961.6161300315734,
      "cx": 960.0,
      "cy": 540.0
    },
    "pose": {
      "position": {
        "x": 45.7506217956543,
        "y": 42.2595100402832,
        "z": -21.143339157104492
      },
      "orientation": {
        "w": 0.9129933714866638,
        "x": -0.028472673147916794,
        "y": 0.03410296514630318,
        "z": 0.40554824471473694
      }
    }
  },
  "telemetry": {
    "sequence": 2987,
    "server_timestamp_ms": 1767409256819.1755,
    "airsim_timestamp_ns": 1767409256819175300,
    "pose": {
      "timestamp_ns": 1767409256819175300,
      "position": {
        "x": 45.495994567871094,
        "y": 41.99353790283203,
        "z": -20.691205978393555
      },
      "orientation": {
        "w": 0.9007312655448914,
        "x": -0.08116375654935837,
        "y": 0.1529807597398758,
        "z": 0.39836230874061584
      },
      "linear_velocity": {
        "x": 1.6754201650619507,
        "y": 1.532270908355713,
        "z": -0.4993691146373749
      },
      "angular_velocity": {
        "x": -0.14562509953975677,
        "y": -0.05996687337756157,
        "z": 0.003591582179069519
      }
    },
    "imu": {
      "timestamp_ns": 1767409256816827500,
      "linear_acceleration": {
        "x": -0.0844721794128418,
        "y": 0.023759186267852783,
        "z": -8.415410995483398
      },
      "angular_velocity": {
        "x": -0.14562509953975677,
        "y": -0.05996687337756157,
        "z": 0.003591582179069519
      },
      "orientation": {
        "w": -0.9007174968719482,
        "x": 0.0814889594912529,
        "y": -0.1526520699262619,
        "z": -0.3984532058238983
      }
    },
    "battery_percent": 88.31356931108185,
    "landed_state": "flying",
    "latency_ms": 216.59099999669706
  },
  "files": {
    "rgb": "data\\maps\\sequence_normal_ops_001_preflight_20260102_220010\\frames\\1767409256602495400.png",
    "depth": "data\\maps\\sequence_normal_ops_001_preflight_20260102_220010\\frames\\1767409256602495400_depth.npy"
  }
}