{
  "frame_id": "1767409246241249200",
  "sequence": 2052,
  "timestamp": "2026-01-02T22:00:46.241249",
  "timestamp_ns": 1767409246241249200,
  "camera": {
    "name": "front_center",
    "resolution": [
      1920,
      1080
    ],
    "fov_deg": 89.90362548828125,
    "intrinsics": {
      "fx": 961.6161300315734,
      "fy": 961.6161300315734,
      "cx": 960.0,
      "cy": 540.0
    },
    "pose": {
      "position": {
        "x": 26.439821243286133,
        "y": 21.745033264160156,
        "z": -21.15837860107422
      },
      "orientation": {
        "w": 0.9120638370513916,
        "x": -0.028692003339529037,
        "y": 0.03292696177959442,
        "z": 0.4077158272266388
      }
    }
  },
  "telemetry": {
    "sequence": 2054,
    "server_timestamp_ms": 1767409246432.5527,
    "airsim_timestamp_ns": 1767409246432552700,
    "pose": {
      "timestamp_ns": 1767409246432552700,
      "position": {
        "x": 26.238990783691406,
        "y": 21.52528953552246,
        "z": -20.721155166625977
      },
      "orientation": {
        "w": 0.8999730944633484,
        "x": -0.08317208290100098,
        "y": 0.14939993619918823,
        "z": 0.4010118544101715
      },
      "linear_velocity": {
        "x": 1.588218331336975,
        "y": 1.4060134887695312,
        "z": -0.39687275886535645
      },
      "angular_velocity": {
        "x": -0.14102983474731445,
        "y": -0.10338512063026428,
        "z": 0.0031447026412934065
      }
    },
    "imu": {
      "timestamp_ns": 1767409246428634800,
      "linear_acceleration": {
        "x": -0.07737767696380615,
        "y": 0.024704843759536743,
        "z": -8.363656044006348
      },
      "angular_velocity": {
        "x": -0.14102983474731445,
        "y": -0.10338512063026428,
        "z": 0.0031447026412934065
      },
      "orientation": {
        "w": -0.8999730944633484,
        "x": 0.08317208290100098,
        "y": -0.14939993619918823,
        "z": -0.4010118544101715
      }
    },
    "battery_percent": 90.96739455509945,
    "landed_state": "flying",
    "latency_ms": 191.34219999978086
  },
  "files": {
    "rgb": "data\\maps\\sequence_normal_ops_001_preflight_20260102_220010\\frames\\1767409246241249200.png",
    "depth": "data\\maps\\sequence_normal_ops_001_preflight_20260102_220010\\frames\\1767409246241249200_depth.npy"
  }
}