{
  "frame_id": "1767374140675824600",
  "sequence": 924,
  "timestamp": "2026-01-02T12:15:40.675824",
  "timestamp_ns": 1767374140675824600,
  "camera": {
    "name": "front_center",
    "resolution": [
      1280,
      720
    ],
    "fov_deg": 89.90362548828125,
    "intrinsics": {
      "fx": 641.077420021049,
      "fy": 641.077420021049,
      "cx": 640.0,
      "cy": 360.0
    },
    "pose": {
      "position": {
        "x": 82.71575927734375,
        "y": 83.1878662109375,
        "z": -20.592514038085938
      },
      "orientation": {
        "w": 0.9291737079620361,
        "x": -0.015386533923447132,
        "y": -0.1116303950548172,
        "z": 0.35204845666885376
      }
    }
  },
  "telemetry": {
    "sequence": 926,
    "server_timestamp_ms": 1767374140805.4937,
    "airsim_timestamp_ns": 1767374140805493500,
    "pose": {
      "timestamp_ns": 1767374140804492000,
      "position": {
        "x": 82.51837921142578,
        "y": 83.0302734375,
        "z": -20.499217987060547
      },
      "orientation": {
        "w": 0.9353671669960022,
        "x": -0.046011026948690414,
        "y": -0.030222781002521515,
        "z": 0.34936776757240295
      },
      "linear_velocity": {
        "x": 0.6279484033584595,
        "y": 0.9186819791793823,
        "z": 0.00021734430629294366
      },
      "angular_velocity": {
        "x": -0.01571047492325306,
        "y": 0.1002998873591423,
        "z": 8.348775008926168e-05
      }
    },
    "imu": {
      "timestamp_ns": 1767374129847581696,
      "linear_acceleration": {
        "x": -0.040489569306373596,
        "y": 0.00781676173210144,
        "z": -9.859851837158203
      },
      "angular_velocity": {
        "x": -0.015400355681777,
        "y": 0.10033488273620605,
        "z": 8.29403506941162e-05
      },
      "orientation": {
        "w": 0.935377299785614,
        "x": -0.04623547941446304,
        "y": -0.029825592413544655,
        "z": 0.3493451774120331
      }
    },
    "battery_percent": 67.61047176738556,
    "landed_state": "flying",
    "latency_ms": 125.08559999878344
  },
  "files": {
    "rgb": "data\\maps\\sequence_normal_ops_001_preflight_20260102_121258\\frames\\1767374140675824600.png",
    "depth": "data\\maps\\sequence_normal_ops_001_preflight_20260102_121258\\frames\\1767374140675824600_depth.npy"
  }
}