{
  "frame_id": "1767374097131022500",
  "sequence": 583,
  "timestamp": "2026-01-02T12:14:57.131022",
  "timestamp_ns": 1767374097131022500,
  "camera": {
    "name": "front_center",
    "resolution": [
      1280,
      720
    ],
    "fov_deg": 89.90362548828125,
    "intrinsics": {
      "fx": 641.077420021049,
      "fy": 641.077420021049,
      "cx": 640.0,
      "cy": 360.0
    },
    "pose": {
      "position": {
        "x": 44.01873779296875,
        "y": 41.981937408447266,
        "z": -20.598634719848633
      },
      "orientation": {
        "w": 0.9278427958488464,
        "x": -0.011139007285237312,
        "y": -0.11535006761550903,
        "z": 0.354511022567749
      }
    }
  },
  "telemetry": {
    "sequence": 584,
    "server_timestamp_ms": 1767374097254.703,
    "airsim_timestamp_ns": 1767374097254702800,
    "pose": {
      "timestamp_ns": 1767374097253701800,
      "position": {
        "x": 43.833045959472656,
        "y": 41.842376708984375,
        "z": -20.507728576660156
      },
      "orientation": {
        "w": 0.9343876242637634,
        "x": -0.04259788990020752,
        "y": -0.03319922089576721,
        "z": 0.3521406054496765
      },
      "linear_velocity": {
        "x": 0.5342460870742798,
        "y": 0.9577127695083618,
        "z": -0.00011940624244743958
      },
      "angular_velocity": {
        "x": -0.024394070729613304,
        "y": 0.09593261033296585,
        "z": 9.283359395340085e-05
      }
    },
    "imu": {
      "timestamp_ns": 1767374086358653952,
      "linear_acceleration": {
        "x": -0.038877807557582855,
        "y": 0.006988734006881714,
        "z": -9.857461929321289
      },
      "angular_velocity": {
        "x": -0.024394070729613304,
        "y": 0.09593261033296585,
        "z": 9.283359395340085e-05
      },
      "orientation": {
        "w": 0.9343876242637634,
        "x": -0.04259788990020752,
        "y": -0.03319922089576721,
        "z": 0.3521406054496765
      }
    },
    "battery_percent": 76.84948055151759,
    "landed_state": "flying",
    "latency_ms": 84.2410999994172
  },
  "files": {
    "rgb": "data\\maps\\sequence_normal_ops_001_preflight_20260102_121258\\frames\\1767374097131022500.png",
    "depth": "data\\maps\\sequence_normal_ops_001_preflight_20260102_121258\\frames\\1767374097131022500_depth.npy"
  }
}