{
  "frame_id": "1767374108070264200",
  "sequence": 663,
  "timestamp": "2026-01-02T12:15:08.070264",
  "timestamp_ns": 1767374108070264200,
  "camera": {
    "name": "front_center",
    "resolution": [
      1280,
      720
    ],
    "fov_deg": 89.90362548828125,
    "intrinsics": {
      "fx": 641.077420021049,
      "fy": 641.077420021049,
      "cx": 640.0,
      "cy": 360.0
    },
    "pose": {
      "position": {
        "x": 53.810550689697266,
        "y": 52.475791931152344,
        "z": -20.5659236907959
      },
      "orientation": {
        "w": 0.9292115569114685,
        "x": -0.01754487119615078,
        "y": -0.10539628565311432,
        "z": 0.35376495122909546
      }
    }
  },
  "telemetry": {
    "sequence": 664,
    "server_timestamp_ms": 1767374108215.0762,
    "airsim_timestamp_ns": 1767374108215076100,
    "pose": {
      "timestamp_ns": 1767374108215076100,
      "position": {
        "x": 53.61452102661133,
        "y": 52.31854248046875,
        "z": -20.46925163269043
      },
      "orientation": {
        "w": 0.9348615407943726,
        "x": -0.04831075295805931,
        "y": -0.024009091779589653,
        "z": 0.3508896231651306
      },
      "linear_velocity": {
        "x": 0.7236217260360718,
        "y": 0.818126916885376,
        "z": 0.0008447496220469475
      },
      "angular_velocity": {
        "x": -0.0020755105651915073,
        "y": 0.09965118020772934,
        "z": 5.544026134884916e-05
      }
    },
    "imu": {
      "timestamp_ns": 1767374097266886656,
      "linear_acceleration": {
        "x": -0.040624216198921204,
        "y": 0.009658724069595337,
        "z": -9.858741760253906
      },
      "angular_velocity": {
        "x": -0.0020755105651915073,
        "y": 0.09965118020772934,
        "z": 5.544026134884916e-05
      },
      "orientation": {
        "w": 0.9348682761192322,
        "x": -0.04842231422662735,
        "y": -0.023732107132673264,
        "z": 0.3508751392364502
      }
    },
    "battery_percent": 74.52504089413509,
    "landed_state": "flying",
    "latency_ms": 141.88360000116518
  },
  "files": {
    "rgb": "data\\maps\\sequence_normal_ops_001_preflight_20260102_121258\\frames\\1767374108070264200.png",
    "depth": "data\\maps\\sequence_normal_ops_001_preflight_20260102_121258\\frames\\1767374108070264200_depth.npy"
  }
}