{
  "frame_id": "1767374075548149100",
  "sequence": 400,
  "timestamp": "2026-01-02T12:14:35.548149",
  "timestamp_ns": 1767374075548149100,
  "camera": {
    "name": "front_center",
    "resolution": [
      1280,
      720
    ],
    "fov_deg": 89.90362548828125,
    "intrinsics": {
      "fx": 641.077420021049,
      "fy": 641.077420021049,
      "cx": 640.0,
      "cy": 360.0
    },
    "pose": {
      "position": {
        "x": 24.264802932739258,
        "y": 20.453105926513672,
        "z": -20.576080322265625
      },
      "orientation": {
        "w": 0.905290424823761,
        "x": 0.030131390318274498,
        "y": -0.13406775891780853,
        "z": 0.4019542336463928
      }
    }
  },
  "telemetry": {
    "sequence": 401,
    "server_timestamp_ms": 1767374075664.2458,
    "airsim_timestamp_ns": 1767374075664245800,
    "pose": {
      "timestamp_ns": 1767374075664245800,
      "position": {
        "x": 24.08713150024414,
        "y": 20.265380859375,
        "z": -20.50063705444336
      },
      "orientation": {
        "w": 0.9135302901268005,
        "x": -0.00501589011400938,
        "y": -0.054656337946653366,
        "z": 0.40305081009864807
      },
      "linear_velocity": {
        "x": -0.40357136726379395,
        "y": 1.1857612133026123,
        "z": 0.0006724140257574618
      },
      "angular_velocity": {
        "x": -0.08425871282815933,
        "y": 0.04689742624759674,
        "z": 6.403846782632172e-05
      }
    },
    "imu": {
      "timestamp_ns": 1767374064761193216,
      "linear_acceleration": {
        "x": -0.023109763860702515,
        "y": 0.003480672836303711,
        "z": -9.870408058166504
      },
      "angular_velocity": {
        "x": -0.08425871282815933,
        "y": 0.04689742624759674,
        "z": 6.403846782632172e-05
      },
      "orientation": {
        "w": 0.9135366082191467,
        "x": -0.0053036510944366455,
        "y": -0.05463037267327309,
        "z": 0.4030364751815796
      }
    },
    "battery_percent": 81.44102593449159,
    "landed_state": "flying",
    "latency_ms": 114.62000000028638
  },
  "files": {
    "rgb": "data\\maps\\sequence_normal_ops_001_preflight_20260102_121258\\frames\\1767374075548149100.png",
    "depth": "data\\maps\\sequence_normal_ops_001_preflight_20260102_121258\\frames\\1767374075548149100_depth.npy"
  }
}