{
  "frame_id": "1767374151604700400",
  "sequence": 1013,
  "timestamp": "2026-01-02T12:15:51.604700",
  "timestamp_ns": 1767374151604700400,
  "camera": {
    "name": "front_center",
    "resolution": [
      1280,
      720
    ],
    "fov_deg": 89.90362548828125,
    "intrinsics": {
      "fx": 641.077420021049,
      "fy": 641.077420021049,
      "cx": 640.0,
      "cy": 360.0
    },
    "pose": {
      "position": {
        "x": 92.50943756103516,
        "y": 93.58521270751953,
        "z": -20.577905654907227
      },
      "orientation": {
        "w": 0.9292299747467041,
        "x": -0.017140895128250122,
        "y": -0.10614152997732162,
        "z": 0.35351353883743286
      }
    }
  },
  "telemetry": {
    "sequence": 1014,
    "server_timestamp_ms": 1767374151758.2646,
    "airsim_timestamp_ns": 1767374151758264700,
    "pose": {
      "timestamp_ns": 1767374151758264700,
      "position": {
        "x": 92.3217544555664,
        "y": 93.43785858154297,
        "z": -20.48164939880371
      },
      "orientation": {
        "w": 0.9349581599235535,
        "x": -0.0481172651052475,
        "y": -0.024199804291129112,
        "z": 0.350645512342453
      },
      "linear_velocity": {
        "x": 0.716173529624939,
        "y": 0.8224015235900879,
        "z": 0.0007760034059174359
      },
      "angular_velocity": {
        "x": -0.002935931785032153,
        "y": 0.09951741248369217,
        "z": 5.711537232855335e-05
      }
    },
    "imu": {
      "timestamp_ns": 1767374140776814848,
      "linear_acceleration": {
        "x": -0.040551528334617615,
        "y": 0.009529322385787964,
        "z": -9.858586311340332
      },
      "angular_velocity": {
        "x": -0.002935931785032153,
        "y": 0.09951741248369217,
        "z": 5.711537232855335e-05
      },
      "orientation": {
        "w": 0.9349615573883057,
        "x": -0.0481739416718483,
        "y": -0.024061860516667366,
        "z": 0.35063832998275757
      }
    },
    "battery_percent": 65.28963113970477,
    "landed_state": "flying",
    "latency_ms": 149.625099998957
  },
  "files": {
    "rgb": "data\\maps\\sequence_normal_ops_001_preflight_20260102_121258\\frames\\1767374151604700400.png",
    "depth": "data\\maps\\sequence_normal_ops_001_preflight_20260102_121258\\frames\\1767374151604700400_depth.npy"
  }
}