{
  "frame_id": "1767374129963769000",
  "sequence": 837,
  "timestamp": "2026-01-02T12:15:29.963769",
  "timestamp_ns": 1767374129963769000,
  "camera": {
    "name": "front_center",
    "resolution": [
      1280,
      720
    ],
    "fov_deg": 89.90362548828125,
    "intrinsics": {
      "fx": 641.077420021049,
      "fy": 641.077420021049,
      "cx": 640.0,
      "cy": 360.0
    },
    "pose": {
      "position": {
        "x": 73.06788635253906,
        "y": 73.01628875732422,
        "z": -20.574020385742188
      },
      "orientation": {
        "w": 0.9285592436790466,
        "x": -0.01791057176887989,
        "y": -0.1074294000864029,
        "z": 0.354846328496933
      }
    }
  },
  "telemetry": {
    "sequence": 838,
    "server_timestamp_ms": 1767374130046.7573,
    "airsim_timestamp_ns": 1767374130046757200,
    "pose": {
      "timestamp_ns": 1767374130046757200,
      "position": {
        "x": 72.8718490600586,
        "y": 72.85851287841797,
        "z": -20.478240966796875
      },
      "orientation": {
        "w": 0.9343888759613037,
        "x": -0.04876931384205818,
        "y": -0.026091333478689194,
        "z": 0.3519350290298462
      },
      "linear_velocity": {
        "x": 0.7125413417816162,
        "y": 0.8682177066802979,
        "z": 0.0007338640280067921
      },
      "angular_velocity": {
        "x": -0.006066928151994944,
        "y": 0.101743683218956,
        "z": 6.583764479728416e-05
      }
    },
    "imu": {
      "timestamp_ns": 1767374119134353152,
      "linear_acceleration": {
        "x": -0.04130131006240845,
        "y": 0.00917711853981018,
        "z": -9.861370086669922
      },
      "angular_velocity": {
        "x": -0.005758780054748058,
        "y": 0.10175405442714691,
        "z": 6.522450712509453e-05
      },
      "orientation": {
        "w": 0.9343923926353455,
        "x": -0.04883131757378578,
        "y": -0.02595183625817299,
        "z": 0.35192742943763733
      }
    },
    "battery_percent": 69.89626407134304,
    "landed_state": "flying",
    "latency_ms": 82.16739999988931
  },
  "files": {
    "rgb": "data\\maps\\sequence_normal_ops_001_preflight_20260102_121258\\frames\\1767374129963769000.png",
    "depth": "data\\maps\\sequence_normal_ops_001_preflight_20260102_121258\\frames\\1767374129963769000_depth.npy"
  }
}