{
  "frame_id": "1767374064764566800",
  "sequence": 300,
  "timestamp": "2026-01-02T12:14:24.764566",
  "timestamp_ns": 1767374064764566800,
  "camera": {
    "name": "front_center",
    "resolution": [
      1280,
      720
    ],
    "fov_deg": 89.90362548828125,
    "intrinsics": {
      "fx": 641.077420021049,
      "fy": 641.077420021049,
      "cx": 640.0,
      "cy": 360.0
    },
    "pose": {
      "position": {
        "x": 16.243417739868164,
        "y": 11.510824203491211,
        "z": -20.12991714477539
      },
      "orientation": {
        "w": 0.942577600479126,
        "x": -0.006768533494323492,
        "y": -0.05148066580295563,
        "z": 0.3299262821674347
      }
    }
  },
  "telemetry": {
    "sequence": 301,
    "server_timestamp_ms": 1767374064932.356,
    "airsim_timestamp_ns": 1767374064932355800,
    "pose": {
      "timestamp_ns": 1767374064932355800,
      "position": {
        "x": 16.059165954589844,
        "y": 11.362433433532715,
        "z": -20.00996971130371
      },
      "orientation": {
        "w": 0.9434861540794373,
        "x": -0.03518923372030258,
        "y": 0.031155874952673912,
        "z": 0.32806238532066345
      },
      "linear_velocity": {
        "x": 0.8823959231376648,
        "y": -0.32519787549972534,
        "z": 0.0008192986133508384
      },
      "angular_velocity": {
        "x": 0.0861281082034111,
        "y": 0.03790976479649544,
        "z": -9.57724914769642e-05
      }
    },
    "imu": {
      "timestamp_ns": 1767374053999963648,
      "linear_acceleration": {
        "x": -0.026392847299575806,
        "y": 0.026937764137983322,
        "z": -9.852042198181152
      },
      "angular_velocity": {
        "x": 0.0861281082034111,
        "y": 0.03790976479649544,
        "z": -9.57724914769642e-05
      },
      "orientation": {
        "w": 0.9434861540794373,
        "x": -0.03518923372030258,
        "y": 0.031155874952673912,
        "z": 0.32806238532066345
      }
    },
    "battery_percent": 83.7262534441892,
    "landed_state": "flying",
    "latency_ms": 166.82679999939865
  },
  "files": {
    "rgb": "data\\maps\\sequence_normal_ops_001_preflight_20260102_121258\\frames\\1767374064764566800.png",
    "depth": "data\\maps\\sequence_normal_ops_001_preflight_20260102_121258\\frames\\1767374064764566800_depth.npy"
  }
}