{
  "frame_id": "1767374119103604700",
  "sequence": 751,
  "timestamp": "2026-01-02T12:15:19.102605",
  "timestamp_ns": 1767374119103604700,
  "camera": {
    "name": "front_center",
    "resolution": [
      1280,
      720
    ],
    "fov_deg": 89.90362548828125,
    "intrinsics": {
      "fx": 641.077420021049,
      "fy": 641.077420021049,
      "cx": 640.0,
      "cy": 360.0
    },
    "pose": {
      "position": {
        "x": 63.53954315185547,
        "y": 62.85666275024414,
        "z": -20.575836181640625
      },
      "orientation": {
        "w": 0.9289230704307556,
        "x": -0.01909029111266136,
        "y": -0.10094103217124939,
        "z": 0.35573649406433105
      }
    }
  },
  "telemetry": {
    "sequence": 753,
    "server_timestamp_ms": 1767374119245.3062,
    "airsim_timestamp_ns": 1767374119245306400,
    "pose": {
      "timestamp_ns": 1767374119245306400,
      "position": {
        "x": 63.344749450683594,
        "y": 62.69938278198242,
        "z": -20.47674560546875
      },
      "orientation": {
        "w": 0.934185802936554,
        "x": -0.050022125244140625,
        "y": -0.01959594525396824,
        "z": 0.3527189791202545
      },
      "linear_velocity": {
        "x": 0.7955060005187988,
        "y": 0.7494859099388123,
        "z": 0.0011645338963717222
      },
      "angular_velocity": {
        "x": 0.007422599010169506,
        "y": 0.09932652115821838,
        "z": 3.52062052115798e-05
      }
    },
    "imu": {
      "timestamp_ns": 1767374108304122112,
      "linear_acceleration": {
        "x": -0.04079544544219971,
        "y": 0.011317998170852661,
        "z": -9.85984992980957
      },
      "angular_velocity": {
        "x": 0.007713888306170702,
        "y": 0.09930287301540375,
        "z": 3.456936974544078e-05
      },
      "orientation": {
        "w": 0.9341961145401001,
        "x": -0.050149209797382355,
        "y": -0.01916677877306938,
        "z": 0.35269737243652344
      }
    },
    "battery_percent": 72.19059585316371,
    "landed_state": "flying",
    "latency_ms": 136.46950000111246
  },
  "files": {
    "rgb": "data\\maps\\sequence_normal_ops_001_preflight_20260102_121258\\frames\\1767374119103604700.png",
    "depth": "data\\maps\\sequence_normal_ops_001_preflight_20260102_121258\\frames\\1767374119103604700_depth.npy"
  }
}