{
  "frame_id": "1767374086346574400",
  "sequence": 493,
  "timestamp": "2026-01-02T12:14:46.346574",
  "timestamp_ns": 1767374086346574400,
  "camera": {
    "name": "front_center",
    "resolution": [
      1280,
      720
    ],
    "fov_deg": 89.90362548828125,
    "intrinsics": {
      "fx": 641.077420021049,
      "fy": 641.077420021049,
      "cx": 640.0,
      "cy": 360.0
    },
    "pose": {
      "position": {
        "x": 34.221038818359375,
        "y": 31.393741607666016,
        "z": -20.590923309326172
      },
      "orientation": {
        "w": 0.9269018769264221,
        "x": -0.0028330401983112097,
        "y": -0.12498787045478821,
        "z": 0.3538684844970703
      }
    }
  },
  "telemetry": {
    "sequence": 494,
    "server_timestamp_ms": 1767374086479.4011,
    "airsim_timestamp_ns": 1767374086479401100,
    "pose": {
      "timestamp_ns": 1767374086479401100,
      "position": {
        "x": 34.023502349853516,
        "y": 31.23165512084961,
        "z": -20.50602912902832
      },
      "orientation": {
        "w": 0.9342681765556335,
        "x": -0.03366393223404884,
        "y": -0.043727435171604156,
        "z": 0.352275013923645
      },
      "linear_velocity": {
        "x": 0.27935266494750977,
        "y": 1.0939935445785522,
        "z": -0.001368073164485395
      },
      "angular_velocity": {
        "x": -0.05161266773939133,
        "y": 0.08833980560302734,
        "z": 0.00012210338900331408
      }
    },
    "imu": {
      "timestamp_ns": 1767374075546423296,
      "linear_acceleration": {
        "x": -0.03570675104856491,
        "y": 0.004717767238616943,
        "z": -9.861390113830566
      },
      "angular_velocity": {
        "x": -0.05161266773939133,
        "y": 0.08833980560302734,
        "z": 0.00012210338900331408
      },
      "orientation": {
        "w": 0.9342712759971619,
        "x": -0.03378312289714813,
        "y": -0.04363106191158295,
        "z": 0.352267324924469
      }
    },
    "battery_percent": 79.13507060160396,
    "landed_state": "flying",
    "latency_ms": 129.81439999930444
  },
  "files": {
    "rgb": "data\\maps\\sequence_normal_ops_001_preflight_20260102_121258\\frames\\1767374086346574400.png",
    "depth": "data\\maps\\sequence_normal_ops_001_preflight_20260102_121258\\frames\\1767374086346574400_depth.npy"
  }
}