{
  "frame_id": "1767321899600455100",
  "sequence": 2352,
  "timestamp": "2026-01-01T21:44:59.600455",
  "timestamp_ns": 1767321899600455100,
  "camera": {
    "name": "front_center",
    "resolution": [
      1280,
      720
    ],
    "fov_deg": 89.90362548828125,
    "intrinsics": {
      "fx": 641.077420021049,
      "fy": 641.077420021049,
      "cx": 640.0,
      "cy": 360.0
    },
    "pose": {
      "position": {
        "x": 110.12112426757812,
        "y": 99.13880157470703,
        "z": -28.448043823242188
      },
      "orientation": {
        "w": 0.931738018989563,
        "x": 0.11081548035144806,
        "y": -0.24912665784358978,
        "z": 0.2398335188627243
      }
    }
  },
  "telemetry": {
    "sequence": 2353,
    "server_timestamp_ms": 1767321899686.7278,
    "airsim_timestamp_ns": 1767321899686727800,
    "pose": {
      "timestamp_ns": 1767321899686727800,
      "position": {
        "x": 109.88868713378906,
        "y": 99.0029067993164,
        "z": -28.445648193359375
      },
      "orientation": {
        "w": 0.949905276298523,
        "x": 0.08949092775583267,
        "y": -0.1669723391532898,
        "z": 0.24857908487319946
      },
      "linear_velocity": {
        "x": 2.3985865116119385,
        "y": 0.8648096919059753,
        "z": -0.5037935972213745
      },
      "angular_velocity": {
        "x": -0.013882329687476158,
        "y": 0.3513036072254181,
        "z": -0.010458698496222496
      }
    },
    "imu": {
      "timestamp_ns": 1767321897743516416,
      "linear_acceleration": {
        "x": -0.1674976646900177,
        "y": 0.0020827949047088623,
        "z": -4.514312267303467
      },
      "angular_velocity": {
        "x": -0.013882329687476158,
        "y": 0.3513036072254181,
        "z": -0.010458698496222496
      },
      "orientation": {
        "w": 0.9500902891159058,
        "x": 0.08919887244701385,
        "y": -0.16598168015480042,
        "z": 0.24864044785499573
      }
    },
    "battery_percent": 100.0,
    "landed_state": "flying",
    "latency_ms": 85.95020000211662
  },
  "files": {
    "rgb": "data\\maps\\sequence_showcase_001_preflight_20260101_214359\\frames\\1767321899600455100.png",
    "depth": "data\\maps\\sequence_showcase_001_preflight_20260101_214359\\frames\\1767321899600455100_depth.npy"
  }
}