{
  "frame_id": "1767321961979735000",
  "sequence": 2824,
  "timestamp": "2026-01-01T21:46:01.979735",
  "timestamp_ns": 1767321961979735000,
  "camera": {
    "name": "front_center",
    "resolution": [
      1280,
      720
    ],
    "fov_deg": 89.90362548828125,
    "intrinsics": {
      "fx": 641.077420021049,
      "fy": 641.077420021049,
      "cx": 640.0,
      "cy": 360.0
    },
    "pose": {
      "position": {
        "x": 110.03709411621094,
        "y": 78.94466400146484,
        "z": -35.606204986572266
      },
      "orientation": {
        "w": 0.9465375542640686,
        "x": 0.03270700201392174,
        "y": -0.10178764164447784,
        "z": 0.30436190962791443
      }
    }
  },
  "telemetry": {
    "sequence": 2825,
    "server_timestamp_ms": 1767321994178.269,
    "airsim_timestamp_ns": 1767321994178269300,
    "pose": {
      "timestamp_ns": 1767321994178269300,
      "position": {
        "x": 109.83087921142578,
        "y": 78.79676055908203,
        "z": -35.51620864868164
      },
      "orientation": {
        "w": 0.9518070816993713,
        "x": 0.006055654026567936,
        "y": -0.018904123455286026,
        "z": 0.30605432391166687
      },
      "linear_velocity": {
        "x": 3.730844497680664,
        "y": 2.6754138469696045,
        "z": 0.0961778461933136
      },
      "angular_velocity": {
        "x": 0.0003126475785393268,
        "y": 0.017456626519560814,
        "z": 2.0591476641129702e-05
      }
    },
    "imu": {
      "timestamp_ns": 1767321992026527744,
      "linear_acceleration": {
        "x": -0.39183855056762695,
        "y": 0.000691436231136322,
        "z": -10.330450057983398
      },
      "angular_velocity": {
        "x": 0.0003126475785393268,
        "y": 0.017456626519560814,
        "z": 2.0591476641129702e-05
      },
      "orientation": {
        "w": 0.9518075585365295,
        "x": 0.00604817783460021,
        "y": -0.018879322335124016,
        "z": 0.3060545027256012
      }
    },
    "battery_percent": 100.0,
    "landed_state": "flying",
    "latency_ms": 32197.620500002813
  },
  "files": {
    "rgb": "data\\maps\\sequence_showcase_001_preflight_20260101_214359\\frames\\1767321961979735000.png",
    "depth": "data\\maps\\sequence_showcase_001_preflight_20260101_214359\\frames\\1767321961979735000_depth.npy"
  }
}