{
  "frame_id": "1767322516187615400",
  "sequence": 2837,
  "timestamp": "2026-01-01T21:55:16.187615",
  "timestamp_ns": 1767322516187615400,
  "camera": {
    "name": "0",
    "resolution": [
      256,
      144
    ],
    "fov_deg": 89.90362548828125,
    "intrinsics": {
      "fx": 128.2154840042098,
      "fy": 128.2154840042098,
      "cx": 128.0,
      "cy": 72.0
    },
    "pose": {
      "position": {
        "x": 21.11131477355957,
        "y": -6.00435209274292,
        "z": -32.9165153503418
      },
      "orientation": {
        "w": 0.03740346431732178,
        "x": -0.018203850835561752,
        "y": -0.07933267951011658,
        "z": -0.995979905128479
      }
    }
  },
  "telemetry": {
    "sequence": 2838,
    "server_timestamp_ms": 1767322516331.8416,
    "airsim_timestamp_ns": 1767322516331841500,
    "pose": {
      "timestamp_ns": 1767322516331841500,
      "position": {
        "x": 21.56972312927246,
        "y": -5.971407890319824,
        "z": -32.93592834472656
      },
      "orientation": {
        "w": 0.03740346431732178,
        "x": -0.018203850835561752,
        "y": -0.07933267951011658,
        "z": -0.995979905128479
      },
      "linear_velocity": {
        "x": -0.26934483647346497,
        "y": -0.9196811318397522,
        "z": 0.2608933448791504
      },
      "angular_velocity": {
        "x": -0.30260568857192993,
        "y": 0.10767493396997452,
        "z": 0.0007376556168310344
      }
    },
    "imu": {
      "timestamp_ns": 1767322515045078784,
      "linear_acceleration": {
        "x": 0.08950552344322205,
        "y": -0.0012683868408203125,
        "z": -10.393878936767578
      },
      "angular_velocity": {
        "x": -0.30260568857192993,
        "y": 0.10767493396997452,
        "z": 0.0007376556168310344
      },
      "orientation": {
        "w": -0.03742045909166336,
        "x": 0.017771748825907707,
        "y": 0.07795955240726471,
        "z": 0.9960954785346985
      }
    },
    "battery_percent": 100.0,
    "landed_state": "flying",
    "latency_ms": 144.37390000239247
  },
  "files": {
    "rgb": "data\\maps\\sequence_showcase_001_preflight_20260101_214359\\frames\\1767322516187615400.png",
    "depth": "data\\maps\\sequence_showcase_001_preflight_20260101_214359\\frames\\1767322516187615400_depth.npy"
  }
}