{
  "frame_id": "1767407759562507600",
  "sequence": 325,
  "timestamp": "2026-01-02T21:35:59.562507",
  "timestamp_ns": 1767407759562507600,
  "camera": {
    "name": "front_center",
    "resolution": [
      1920,
      1080
    ],
    "fov_deg": 89.90362548828125,
    "intrinsics": {
      "fx": 961.6161300315734,
      "fy": 961.6161300315734,
      "cx": 960.0,
      "cy": 540.0
    },
    "pose": {
      "position": {
        "x": 103.3425064086914,
        "y": 109.19317626953125,
        "z": -21.161211013793945
      },
      "orientation": {
        "w": 0.9467207789421082,
        "x": -0.038275428116321564,
        "y": -0.0037988373078405857,
        "z": 0.31975045800209045
      }
    }
  },
  "telemetry": {
    "sequence": 326,
    "server_timestamp_ms": 1767407760270.5303,
    "airsim_timestamp_ns": 1767407760270530300,
    "pose": {
      "timestamp_ns": 1767407760270530300,
      "position": {
        "x": 103.00680541992188,
        "y": 108.9770278930664,
        "z": -20.73625946044922
      },
      "orientation": {
        "w": 0.9391172528266907,
        "x": -0.07968378812074661,
        "y": 0.11980551481246948,
        "z": 0.312019020318985
      },
      "linear_velocity": {
        "x": 0.7185530662536621,
        "y": 0.0656442642211914,
        "z": 0.28091540932655334
      },
      "angular_velocity": {
        "x": 0.02012266032397747,
        "y": -0.18899717926979065,
        "z": -2.5431452741031535e-05
      }
    },
    "imu": {
      "timestamp_ns": 1767407760061689700,
      "linear_acceleration": {
        "x": -0.033484578132629395,
        "y": 0.017776846885681152,
        "z": -9.610861778259277
      },
      "angular_velocity": {
        "x": 0.02012266032397747,
        "y": -0.18899717926979065,
        "z": -2.5431452741031535e-05
      },
      "orientation": {
        "w": -0.9392631649971008,
        "x": 0.07922074943780899,
        "y": -0.11876180022954941,
        "z": -0.3120967149734497
      }
    },
    "battery_percent": 67.68166603641113,
    "landed_state": "flying",
    "latency_ms": 475.9000999983982
  },
  "files": {
    "rgb": "data\\maps\\sequence_normal_ops_001_preflight_bravo_20260102_213517\\frames\\1767407759562507600.png",
    "depth": "data\\maps\\sequence_normal_ops_001_preflight_bravo_20260102_213517\\frames\\1767407759562507600_depth.npy"
  }
}