{
  "frame_id": "1767407801646405200",
  "sequence": 414,
  "timestamp": "2026-01-02T21:36:41.646405",
  "timestamp_ns": 1767407801646405200,
  "camera": {
    "name": "front_center",
    "resolution": [
      1920,
      1080
    ],
    "fov_deg": 89.90362548828125,
    "intrinsics": {
      "fx": 961.6161300315734,
      "fy": 961.6161300315734,
      "cx": 960.0,
      "cy": 540.0
    },
    "pose": {
      "position": {
        "x": 146.46099853515625,
        "y": 137.828857421875,
        "z": -19.845088958740234
      },
      "orientation": {
        "w": 0.939797043800354,
        "x": 0.0832115039229393,
        "y": -0.16871510446071625,
        "z": 0.2852938175201416
      }
    }
  },
  "telemetry": {
    "sequence": 416,
    "server_timestamp_ms": 1767407804102.0862,
    "airsim_timestamp_ns": 1767407804102086200,
    "pose": {
      "timestamp_ns": 1767407804102086200,
      "position": {
        "x": 146.00360107421875,
        "y": 137.52732849121094,
        "z": -19.602901458740234
      },
      "orientation": {
        "w": 0.9538307189941406,
        "x": 0.04390475153923035,
        "y": -0.04541357606649399,
        "z": 0.29362723231315613
      },
      "linear_velocity": {
        "x": -0.9264909625053406,
        "y": 0.36455559730529785,
        "z": 0.015615199692547321
      },
      "angular_velocity": {
        "x": -0.10368505865335464,
        "y": -0.023060835897922516,
        "z": -7.698658009758219e-05
      }
    },
    "imu": {
      "timestamp_ns": 1767407803924920300,
      "linear_acceleration": {
        "x": -0.008367091417312622,
        "y": 0.0037169158458709717,
        "z": -9.843173027038574
      },
      "angular_velocity": {
        "x": -0.10368505865335464,
        "y": -0.023060835897922516,
        "z": -7.698658009758219e-05
      },
      "orientation": {
        "w": -0.9538359642028809,
        "x": -0.04376674070954323,
        "y": 0.04549245536327362,
        "z": -0.2936185598373413
      }
    },
    "battery_percent": 60.04400742371327,
    "landed_state": "flying",
    "latency_ms": 2432.6345000008587
  },
  "files": {
    "rgb": "data\\maps\\sequence_normal_ops_001_preflight_bravo_20260102_213517\\frames\\1767407801646405200.png",
    "depth": "data\\maps\\sequence_normal_ops_001_preflight_bravo_20260102_213517\\frames\\1767407801646405200_depth.npy"
  }
}