{
  "frame_id": "1767407815211660600",
  "sequence": 444,
  "timestamp": "2026-01-02T21:36:55.211660",
  "timestamp_ns": 1767407815211660600,
  "camera": {
    "name": "front_center",
    "resolution": [
      1920,
      1080
    ],
    "fov_deg": 89.90362548828125,
    "intrinsics": {
      "fx": 961.6161300315734,
      "fy": 961.6161300315734,
      "cx": 960.0,
      "cy": 540.0
    },
    "pose": {
      "position": {
        "x": 159.1923065185547,
        "y": 147.24038696289062,
        "z": -20.424434661865234
      },
      "orientation": {
        "w": 0.9439990520477295,
        "x": -0.02790430560708046,
        "y": -0.02279348485171795,
        "z": 0.32797500491142273
      }
    }
  },
  "telemetry": {
    "sequence": 446,
    "server_timestamp_ms": 1767407815698.7676,
    "airsim_timestamp_ns": 1767407815698767600,
    "pose": {
      "timestamp_ns": 1767407815698767600,
      "position": {
        "x": 158.8633270263672,
        "y": 147.00222778320312,
        "z": -20.009197235107422
      },
      "orientation": {
        "w": 0.9391738176345825,
        "x": -0.0691966861486435,
        "y": 0.09854377806186676,
        "z": 0.3216419219970703
      },
      "linear_velocity": {
        "x": 0.5107575058937073,
        "y": -0.12367995083332062,
        "z": 0.2699567973613739
      },
      "angular_velocity": {
        "x": 0.04421800374984741,
        "y": -0.17772139608860016,
        "z": 0.00013011475675739348
      }
    },
    "imu": {
      "timestamp_ns": 1767407815694148000,
      "linear_acceleration": {
        "x": -0.02656543254852295,
        "y": 0.018257856369018555,
        "z": -9.83257007598877
      },
      "angular_velocity": {
        "x": 0.04421800374984741,
        "y": -0.17772139608860016,
        "z": 0.00013011475675739348
      },
      "orientation": {
        "w": -0.9392045140266418,
        "x": 0.06904914975166321,
        "y": -0.09831459820270538,
        "z": -0.3216540515422821
      }
    },
    "battery_percent": 57.92263446696319,
    "landed_state": "flying",
    "latency_ms": 355.99780000484316
  },
  "files": {
    "rgb": "data\\maps\\sequence_normal_ops_001_preflight_bravo_20260102_213517\\frames\\1767407815211660600.png",
    "depth": "data\\maps\\sequence_normal_ops_001_preflight_bravo_20260102_213517\\frames\\1767407815211660600_depth.npy"
  }
}