{
  "frame_id": "1767407736043939000",
  "sequence": 281,
  "timestamp": "2026-01-02T21:35:36.043939",
  "timestamp_ns": 1767407736043939000,
  "camera": {
    "name": "front_center",
    "resolution": [
      1920,
      1080
    ],
    "fov_deg": 89.90362548828125,
    "intrinsics": {
      "fx": 961.6161300315734,
      "fy": 961.6161300315734,
      "cx": 960.0,
      "cy": 540.0
    },
    "pose": {
      "position": {
        "x": 90.26145935058594,
        "y": 100.45702362060547,
        "z": -17.719223022460938
      },
      "orientation": {
        "w": 0.5674408674240112,
        "x": 0.10575632750988007,
        "y": -0.07420805841684341,
        "z": 0.8132156133651733
      }
    }
  },
  "telemetry": {
    "sequence": 282,
    "server_timestamp_ms": 1767407736615.4124,
    "airsim_timestamp_ns": 1767407736615412500,
    "pose": {
      "timestamp_ns": 1767407736615412500,
      "position": {
        "x": 90.4334945678711,
        "y": 99.98841857910156,
        "z": -17.41788101196289
      },
      "orientation": {
        "w": 0.5722724199295044,
        "x": -0.0012943686451762915,
        "y": 0.000492695951834321,
        "z": 0.8200623989105225
      },
      "linear_velocity": {
        "x": -0.013335402123630047,
        "y": 0.015700465068221092,
        "z": -0.660770833492279
      },
      "angular_velocity": {
        "x": 0.0015258053317666054,
        "y": -4.89752710564062e-05,
        "z": 3.510235302428555e-08
      }
    },
    "imu": {
      "timestamp_ns": 1767407736428217400,
      "linear_acceleration": {
        "x": 0.0029092859476804733,
        "y": 0.02463606745004654,
        "z": -4.886862277984619
      },
      "angular_velocity": {
        "x": 0.0015258053317666054,
        "y": -4.89752710564062e-05,
        "z": 3.510235302428555e-08
      },
      "orientation": {
        "w": 0.5722724199295044,
        "x": -0.0012806401355192065,
        "y": 0.000516347645316273,
        "z": 0.8200624585151672
      }
    },
    "battery_percent": 71.73945956180332,
    "landed_state": "flying",
    "latency_ms": 570.1052000003983
  },
  "files": {
    "rgb": "data\\maps\\sequence_normal_ops_001_preflight_bravo_20260102_213517\\frames\\1767407736043939000.png",
    "depth": "data\\maps\\sequence_normal_ops_001_preflight_bravo_20260102_213517\\frames\\1767407736043939000_depth.npy"
  }
}