{
  "frame_id": "1767407792223109800",
  "sequence": 392,
  "timestamp": "2026-01-02T21:36:32.223109",
  "timestamp_ns": 1767407792223109800,
  "camera": {
    "name": "front_center",
    "resolution": [
      1920,
      1080
    ],
    "fov_deg": 89.90362548828125,
    "intrinsics": {
      "fx": 961.6161300315734,
      "fy": 961.6161300315734,
      "cx": 960.0,
      "cy": 540.0
    },
    "pose": {
      "position": {
        "x": 136.95361328125,
        "y": 131.28163146972656,
        "z": -19.931734085083008
      },
      "orientation": {
        "w": 0.9575868844985962,
        "x": 0.035688284784555435,
        "y": -0.07848343998193741,
        "z": 0.2749437689781189
      }
    }
  },
  "telemetry": {
    "sequence": 394,
    "server_timestamp_ms": 1767407792926.14,
    "airsim_timestamp_ns": 1767407792926140000,
    "pose": {
      "timestamp_ns": 1767407792926140000,
      "position": {
        "x": 136.55978393554688,
        "y": 131.0237274169922,
        "z": -19.587656021118164
      },
      "orientation": {
        "w": 0.9596387147903442,
        "x": -0.0005043940036557615,
        "y": 0.04717816412448883,
        "z": 0.27724984288215637
      },
      "linear_velocity": {
        "x": -0.6355791687965393,
        "y": -1.1502729654312134,
        "z": 0.11190154403448105
      },
      "angular_velocity": {
        "x": 0.14575228095054626,
        "y": -0.19863858819007874,
        "z": 0.0006596496677957475
      }
    },
    "imu": {
      "timestamp_ns": 1767407792739016200,
      "linear_acceleration": {
        "x": -0.007937431335449219,
        "y": 0.01578487455844879,
        "z": -10.321191787719727
      },
      "angular_velocity": {
        "x": 0.1455957293510437,
        "y": -0.1984807699918747,
        "z": 0.0006601047934964299
      },
      "orientation": {
        "w": -0.9596526026725769,
        "x": 0.00021223441581241786,
        "y": -0.046953048557043076,
        "z": -0.2772406041622162
      }
    },
    "battery_percent": 61.9875671596651,
    "landed_state": "flying",
    "latency_ms": 699.3803000004846
  },
  "files": {
    "rgb": "data\\maps\\sequence_normal_ops_001_preflight_bravo_20260102_213517\\frames\\1767407792223109800.png",
    "depth": "data\\maps\\sequence_normal_ops_001_preflight_bravo_20260102_213517\\frames\\1767407792223109800_depth.npy"
  }
}