{
  "frame_id": "1767407769109391800",
  "sequence": 347,
  "timestamp": "2026-01-02T21:36:09.109391",
  "timestamp_ns": 1767407769109391800,
  "camera": {
    "name": "front_center",
    "resolution": [
      1920,
      1080
    ],
    "fov_deg": 89.90362548828125,
    "intrinsics": {
      "fx": 961.6161300315734,
      "fy": 961.6161300315734,
      "cx": 960.0,
      "cy": 540.0
    },
    "pose": {
      "position": {
        "x": 114.48779296875,
        "y": 115.89704132080078,
        "z": -20.20740509033203
      },
      "orientation": {
        "w": 0.9409002065658569,
        "x": 0.06262213736772537,
        "y": -0.08709247410297394,
        "z": 0.3212478756904602
      }
    }
  },
  "telemetry": {
    "sequence": 348,
    "server_timestamp_ms": 1767407769765.9204,
    "airsim_timestamp_ns": 1767407769765920500,
    "pose": {
      "timestamp_ns": 1767407769765920500,
      "position": {
        "x": 114.12044525146484,
        "y": 115.58358001708984,
        "z": -19.880599975585938
      },
      "orientation": {
        "w": 0.9442185163497925,
        "x": 0.020155131816864014,
        "y": 0.03646473214030266,
        "z": 0.32667338848114014
      },
      "linear_velocity": {
        "x": -0.6796571016311646,
        "y": -1.3328777551651,
        "z": 0.01567981019616127
      },
      "angular_velocity": {
        "x": 0.12865853309631348,
        "y": -0.16007401049137115,
        "z": 0.0005791793228127062
      }
    },
    "imu": {
      "timestamp_ns": 1767407769667101700,
      "linear_acceleration": {
        "x": -0.005168095231056213,
        "y": 0.02046862244606018,
        "z": -10.155596733093262
      },
      "angular_velocity": {
        "x": 0.12865853309631348,
        "y": -0.16007401049137115,
        "z": 0.0005791793228127062
      },
      "orientation": {
        "w": -0.9442230463027954,
        "x": -0.020416131243109703,
        "y": -0.03630102053284645,
        "z": -0.3266623318195343
      }
    },
    "battery_percent": 66.02897259270308,
    "landed_state": "flying",
    "latency_ms": 655.4709999982151
  },
  "files": {
    "rgb": "data\\maps\\sequence_normal_ops_001_preflight_bravo_20260102_213517\\frames\\1767407769109391800.png",
    "depth": "data\\maps\\sequence_normal_ops_001_preflight_bravo_20260102_213517\\frames\\1767407769109391800_depth.npy"
  }
}