{
  "frame_id": "1767407781723224300",
  "sequence": 373,
  "timestamp": "2026-01-02T21:36:21.723224",
  "timestamp_ns": 1767407781723224300,
  "camera": {
    "name": "front_center",
    "resolution": [
      1920,
      1080
    ],
    "fov_deg": 89.90362548828125,
    "intrinsics": {
      "fx": 961.6161300315734,
      "fy": 961.6161300315734,
      "cx": 960.0,
      "cy": 540.0
    },
    "pose": {
      "position": {
        "x": 125.91475677490234,
        "y": 124.25390625,
        "z": -20.040512084960938
      },
      "orientation": {
        "w": 0.9459891319274902,
        "x": -0.005368086509406567,
        "y": -0.0371551588177681,
        "z": 0.32201746106147766
      }
    }
  },
  "telemetry": {
    "sequence": 374,
    "server_timestamp_ms": 1767407782242.8967,
    "airsim_timestamp_ns": 1767407782242896800,
    "pose": {
      "timestamp_ns": 1767407782242896800,
      "position": {
        "x": 125.5636978149414,
        "y": 124.00102996826172,
        "z": -19.64959716796875
      },
      "orientation": {
        "w": 0.9427458047866821,
        "x": -0.047353874891996384,
        "y": 0.08663906902074814,
        "z": 0.3185618817806244
      },
      "linear_velocity": {
        "x": 0.046348948031663895,
        "y": -0.7771664261817932,
        "z": 0.3272995352745056
      },
      "angular_velocity": {
        "x": 0.11195655912160873,
        "y": -0.2010163813829422,
        "z": 0.00036420434480533004
      }
    },
    "imu": {
      "timestamp_ns": 1767407781990920400,
      "linear_acceleration": {
        "x": -0.013747751712799072,
        "y": 0.02130025625228882,
        "z": -10.2743558883667
      },
      "angular_velocity": {
        "x": 0.11195655912160873,
        "y": -0.2010163813829422,
        "z": 0.00036420434480533004
      },
      "orientation": {
        "w": -0.9427458047866821,
        "x": 0.047353874891996384,
        "y": -0.08663906902074814,
        "z": -0.3185618817806244
      }
    },
    "battery_percent": 63.91721472544687,
    "landed_state": "flying",
    "latency_ms": 417.7075999978115
  },
  "files": {
    "rgb": "data\\maps\\sequence_normal_ops_001_preflight_bravo_20260102_213517\\frames\\1767407781723224300.png",
    "depth": "data\\maps\\sequence_normal_ops_001_preflight_bravo_20260102_213517\\frames\\1767407781723224300_depth.npy"
  }
}