{
  "frame_id": "1767364947721995000",
  "sequence": 1779,
  "timestamp": "2026-01-02T09:42:27.721995",
  "timestamp_ns": 1767364947721995000,
  "camera": {
    "name": "front_center",
    "resolution": [
      1280,
      720
    ],
    "fov_deg": 89.90362548828125,
    "intrinsics": {
      "fx": 641.077420021049,
      "fy": 641.077420021049,
      "cx": 640.0,
      "cy": 360.0
    },
    "pose": {
      "position": {
        "x": 34.831295013427734,
        "y": 35.7325325012207,
        "z": -23.206371307373047
      },
      "orientation": {
        "w": 0.8668884038925171,
        "x": -0.018344098702073097,
        "y": 0.01697598025202751,
        "z": 0.49787530303001404
      }
    }
  },
  "telemetry": {
    "sequence": 1781,
    "server_timestamp_ms": 1767364953586.8103,
    "airsim_timestamp_ns": 1767364953586810300,
    "pose": {
      "timestamp_ns": 1767364953586810300,
      "position": {
        "x": 36.4006233215332,
        "y": 37.060787200927734,
        "z": -23.15970230102539
      },
      "orientation": {
        "w": 0.9318273067474365,
        "x": -0.06803746521472931,
        "y": 0.05735247954726219,
        "z": 0.3518231511116028
      },
      "linear_velocity": {
        "x": 0.27233389019966125,
        "y": -1.3855818510055542,
        "z": 0.3829009532928467
      },
      "angular_velocity": {
        "x": 0.23112085461616516,
        "y": -0.16087602078914642,
        "z": 0.009604712016880512
      }
    },
    "imu": {
      "timestamp_ns": 1767364948064707840,
      "linear_acceleration": {
        "x": -0.03752321004867554,
        "y": 0.09966613352298737,
        "z": -10.621394157409668
      },
      "angular_velocity": {
        "x": 0.23112085461616516,
        "y": -0.16087602078914642,
        "z": 0.009604712016880512
      },
      "orientation": {
        "w": 0.9319233894348145,
        "x": -0.06681153923273087,
        "y": 0.057043664157390594,
        "z": 0.35185372829437256
      }
    },
    "battery_percent": 29.07955419887044,
    "landed_state": "flying",
    "latency_ms": 5864.663600000085
  },
  "files": {
    "rgb": "data\\maps\\sequence_coord_001_preflight_20260102_094227\\frames\\1767364947721995000.png",
    "depth": "data\\maps\\sequence_coord_001_preflight_20260102_094227\\frames\\1767364947721995000_depth.npy"
  }
}