{
  "frame_id": "1767417816901558100",
  "sequence": 55,
  "timestamp": "2026-01-03T00:23:36.901558",
  "timestamp_ns": 1767417816901558100,
  "camera": {
    "name": "front_center",
    "resolution": [
      1920,
      1080
    ],
    "fov_deg": 89.90362548828125,
    "intrinsics": {
      "fx": 961.6161300315734,
      "fy": 961.6161300315734,
      "cx": 960.0,
      "cy": 540.0,
      "depth_scale": 1.0,
      "depth_min_m": 0.1,
      "depth_max_m": 100.0,
      "distortion": null
    },
    "pose": {
      "position": {
        "x": 183.9586639404297,
        "y": 125.73815155029297,
        "z": -20.46283531188965
      },
      "orientation": {
        "w": 0.33053603768348694,
        "x": -0.11164524406194687,
        "y": -0.033949460834264755,
        "z": -0.9365515112876892
      }
    }
  },
  "telemetry": {
    "sequence": 56,
    "server_timestamp_ms": 1767417825115.0918,
    "airsim_timestamp_ns": 1767417825115091600,
    "pose": {
      "timestamp_ns": 1767417825115091600,
      "position": {
        "x": 184.33506774902344,
        "y": 126.04767608642578,
        "z": -20.148921966552734
      },
      "orientation": {
        "w": 0.3321329951286316,
        "x": 0.011839647777378559,
        "y": 0.009109830483794212,
        "z": -0.9431142807006836
      },
      "linear_velocity": {
        "x": -0.2556721568107605,
        "y": 0.1267888993024826,
        "z": -0.00015487543714698404
      },
      "angular_velocity": {
        "x": 0.027273690328001976,
        "y": 0.008304882794618607,
        "z": -7.90777903603157e-06
      }
    },
    "imu": {
      "timestamp_ns": 1767417824893779000,
      "linear_acceleration": {
        "x": 0.013691410422325134,
        "y": -0.0077773332595825195,
        "z": -9.810331344604492
      },
      "angular_velocity": {
        "x": 0.027273690328001976,
        "y": 0.008304882794618607,
        "z": -7.90777903603157e-06
      },
      "orientation": {
        "w": 0.3321329653263092,
        "x": 0.011839646846055984,
        "y": 0.009109830483794212,
        "z": -0.9431142210960388
      }
    },
    "battery_percent": 95.48620357820745,
    "landed_state": "flying",
    "latency_ms": 5024.644299999636
  },
  "files": {
    "rgb": "data\\maps\\sequence_normal_ops_001_preflight_charlie_20260103_002137\\frames\\1767417816901558100.png",
    "depth": "data\\maps\\sequence_normal_ops_001_preflight_charlie_20260103_002137\\frames\\1767417816901558100_depth.npy"
  }
}