{
  "frame_id": "1767367626556525900",
  "sequence": 315,
  "timestamp": "2026-01-02T10:27:06.556525",
  "timestamp_ns": 1767367626556525900,
  "camera": {
    "name": "front_center",
    "resolution": [
      1280,
      720
    ],
    "fov_deg": 89.90362548828125,
    "intrinsics": {
      "fx": 641.077420021049,
      "fy": 641.077420021049,
      "cx": 640.0,
      "cy": 360.0
    },
    "pose": {
      "position": {
        "x": 30.036819458007812,
        "y": 11.86366081237793,
        "z": -25.03696632385254
      },
      "orientation": {
        "w": 0.9287418127059937,
        "x": -0.031093478202819824,
        "y": -0.08200792223215103,
        "z": -0.36020350456237793
      }
    }
  },
  "telemetry": {
    "sequence": 316,
    "server_timestamp_ms": 1767367635121.629,
    "airsim_timestamp_ns": 1767367635121628900,
    "pose": {
      "timestamp_ns": 1767367635121628900,
      "position": {
        "x": 29.85188102722168,
        "y": 12.03211498260498,
        "z": -24.937206268310547
      },
      "orientation": {
        "w": 0.9323662519454956,
        "x": 0.0004263636365067214,
        "y": -0.0007288843626156449,
        "z": -0.3615141212940216
      },
      "linear_velocity": {
        "x": -0.010493929497897625,
        "y": -0.005383766256272793,
        "z": 0.0028643361292779446
      },
      "angular_velocity": {
        "x": -2.1746931452071294e-05,
        "y": 0.0034690904431045055,
        "z": 0.005006964318454266
      }
    },
    "imu": {
      "timestamp_ns": 1767367625672828928,
      "linear_acceleration": {
        "x": -0.014001896604895592,
        "y": -0.012605516240000725,
        "z": -9.806333541870117
      },
      "angular_velocity": {
        "x": -2.1746931452071294e-05,
        "y": 0.0034690904431045055,
        "z": 0.005006964318454266
      },
      "orientation": {
        "w": 0.9323663115501404,
        "x": 0.00042636366561055183,
        "y": -0.0007288844208233058,
        "z": -0.361514151096344
      }
    },
    "battery_percent": 96.30308118374748,
    "landed_state": "flying",
    "latency_ms": 8562.522899999749
  },
  "files": {
    "rgb": "data\\maps\\sequence_normal_ops_001_preflight_20260102_102640\\frames\\1767367626556525900.png",
    "depth": "data\\maps\\sequence_normal_ops_001_preflight_20260102_102640\\frames\\1767367626556525900_depth.npy"
  }
}