{
  "frame_id": "1767376490228484900",
  "sequence": 183,
  "timestamp": "2026-01-02T12:54:50.228484",
  "timestamp_ns": 1767376490228484900,
  "camera": {
    "name": "front_center",
    "resolution": [
      1280,
      720
    ],
    "fov_deg": 89.90362548828125,
    "intrinsics": {
      "fx": 641.077420021049,
      "fy": 641.077420021049,
      "cx": 640.0,
      "cy": 360.0
    },
    "pose": {
      "position": {
        "x": 41.4905891418457,
        "y": 47.473575592041016,
        "z": -18.48413848876953
      },
      "orientation": {
        "w": 0.8770998120307922,
        "x": 0.0678679496049881,
        "y": -0.09623067826032639,
        "z": 0.4656496047973633
      }
    }
  },
  "telemetry": {
    "sequence": 184,
    "server_timestamp_ms": 1767376490665.2156,
    "airsim_timestamp_ns": 1767376490665215600,
    "pose": {
      "timestamp_ns": 1767376490665215600,
      "position": {
        "x": 41.350242614746094,
        "y": 47.260032653808594,
        "z": -18.399274826049805
      },
      "orientation": {
        "w": 0.8821492195129395,
        "x": 0.027025651186704636,
        "y": -0.019420210272073746,
        "z": 0.46979275345802307
      },
      "linear_velocity": {
        "x": 0.8111807703971863,
        "y": -0.06374593079090118,
        "z": 1.475274682044983
      },
      "angular_velocity": {
        "x": 0.3535468280315399,
        "y": 0.8603556156158447,
        "z": -0.7058847546577454
      }
    },
    "imu": {
      "timestamp_ns": 1767376488945027328,
      "linear_acceleration": {
        "x": 0.02013745903968811,
        "y": 0.022853314876556396,
        "z": -14.162033081054688
      },
      "angular_velocity": {
        "x": 0.3535468280315399,
        "y": 0.8603556156158447,
        "z": -0.7058847546577454
      },
      "orientation": {
        "w": 0.8826584815979004,
        "x": 0.02691073529422283,
        "y": -0.017988106235861778,
        "z": 0.4688990116119385
      }
    },
    "battery_percent": 75.76682243819452,
    "landed_state": "flying",
    "latency_ms": 433.2486000002973
  },
  "files": {
    "rgb": "data\\maps\\sequence_coord_001_preflight_20260102_125252\\frames\\1767376490228484900.png",
    "depth": "data\\maps\\sequence_coord_001_preflight_20260102_125252\\frames\\1767376490228484900_depth.npy"
  }
}