{
  "frame_id": "1767376466079688300",
  "sequence": 150,
  "timestamp": "2026-01-02T12:54:26.079688",
  "timestamp_ns": 1767376466079688300,
  "camera": {
    "name": "front_center",
    "resolution": [
      1280,
      720
    ],
    "fov_deg": 89.90362548828125,
    "intrinsics": {
      "fx": 641.077420021049,
      "fy": 641.077420021049,
      "cx": 640.0,
      "cy": 360.0
    },
    "pose": {
      "position": {
        "x": 31.42220115661621,
        "y": 34.4758186340332,
        "z": -19.596261978149414
      },
      "orientation": {
        "w": 0.8743445873260498,
        "x": 0.048242829740047455,
        "y": -0.09956415742635727,
        "z": 0.4725263714790344
      }
    }
  },
  "telemetry": {
    "sequence": 151,
    "server_timestamp_ms": 1767376466296.8054,
    "airsim_timestamp_ns": 1767376466296805400,
    "pose": {
      "timestamp_ns": 1767376466296805400,
      "position": {
        "x": 31.269636154174805,
        "y": 34.25291442871094,
        "z": -19.469745635986328
      },
      "orientation": {
        "w": 0.8796427249908447,
        "x": 0.007898150943219662,
        "y": -0.026105472818017006,
        "z": 0.4748523533344269
      },
      "linear_velocity": {
        "x": -1.0107327699661255,
        "y": -0.8831521272659302,
        "z": 3.109081983566284
      },
      "angular_velocity": {
        "x": -0.11567328870296478,
        "y": -0.4333430230617523,
        "z": -0.007674701511859894
      }
    },
    "imu": {
      "timestamp_ns": 1767376464737510912,
      "linear_acceleration": {
        "x": -0.02275332808494568,
        "y": 0.01859743893146515,
        "z": -17.44906234741211
      },
      "angular_velocity": {
        "x": -0.11567328870296478,
        "y": -0.4333430230617523,
        "z": -0.007674701511859894
      },
      "orientation": {
        "w": 0.8796210289001465,
        "x": 0.008245090954005718,
        "y": -0.027420738711953163,
        "z": 0.47481265664100647
      }
    },
    "battery_percent": 80.58780477997365,
    "landed_state": "flying",
    "latency_ms": 211.97160000156146
  },
  "files": {
    "rgb": "data\\maps\\sequence_coord_001_preflight_20260102_125252\\frames\\1767376466079688300.png",
    "depth": "data\\maps\\sequence_coord_001_preflight_20260102_125252\\frames\\1767376466079688300_depth.npy"
  }
}