{
  "frame_id": "1767397076134178400",
  "sequence": 594,
  "timestamp": "2026-01-02T18:37:56.134178",
  "timestamp_ns": 1767397076134178400,
  "camera": {
    "name": "front_center",
    "resolution": [
      1920,
      1080
    ],
    "fov_deg": 89.90362548828125,
    "intrinsics": {
      "fx": 961.6161300315734,
      "fy": 961.6161300315734,
      "cx": 960.0,
      "cy": 540.0
    },
    "pose": {
      "position": {
        "x": 5.986901760101318,
        "y": 0.5623167157173157,
        "z": -20.145999908447266
      },
      "orientation": {
        "w": 0.7081654667854309,
        "x": 0.004227952565997839,
        "y": -0.0062414431013166904,
        "z": 0.7060062289237976
      }
    }
  },
  "telemetry": {
    "sequence": 595,
    "server_timestamp_ms": 1767397076362.7478,
    "airsim_timestamp_ns": 1767397076362747800,
    "pose": {
      "timestamp_ns": 1767397076362747800,
      "position": {
        "x": 5.984469413757324,
        "y": 0.1508413702249527,
        "z": -19.73286247253418
      },
      "orientation": {
        "w": 0.7029216885566711,
        "x": -0.08796052634716034,
        "y": 0.08624609559774399,
        "z": 0.7005181312561035
      },
      "linear_velocity": {
        "x": 0.020746324211359024,
        "y": 3.2735583782196045,
        "z": -0.6163372993469238
      },
      "angular_velocity": {
        "x": 0.017097502946853638,
        "y": 0.7455041408538818,
        "z": -0.0008204269106499851
      }
    },
    "imu": {
      "timestamp_ns": 1767397076593823232,
      "linear_acceleration": {
        "x": -0.04104626178741455,
        "y": 0.027744531631469727,
        "z": -13.656326293945312
      },
      "angular_velocity": {
        "x": 0.017097502946853638,
        "y": 0.7455041408538818,
        "z": -0.0008204269106499851
      },
      "orientation": {
        "w": 0.7016687393188477,
        "x": -0.09763496369123459,
        "y": 0.09648683667182922,
        "z": 0.6991556882858276
      }
    },
    "battery_percent": 96.7836709879872,
    "landed_state": "flying",
    "latency_ms": 228.35219999979017
  },
  "files": {
    "rgb": "data\\maps\\sequence_normal_ops_001_preflight_20260102_183742\\frames\\1767397076134178400.png",
    "depth": "data\\maps\\sequence_normal_ops_001_preflight_20260102_183742\\frames\\1767397076134178400_depth.npy"
  }
}