{
  "frame_id": "1767381881595359900",
  "sequence": 1271,
  "timestamp": "2026-01-02T14:24:41.595359",
  "timestamp_ns": 1767381881595359900,
  "camera": {
    "name": "front_center",
    "resolution": [
      1280,
      720
    ],
    "fov_deg": 89.90362548828125,
    "intrinsics": {
      "fx": 641.077420021049,
      "fy": 641.077420021049,
      "cx": 640.0,
      "cy": 360.0
    },
    "pose": {
      "position": {
        "x": 55.43732452392578,
        "y": 53.152923583984375,
        "z": -20.592849731445312
      },
      "orientation": {
        "w": 0.9064698815345764,
        "x": 0.0050226966850459576,
        "y": -0.03535336256027222,
        "z": 0.4207579493522644
      }
    }
  },
  "telemetry": {
    "sequence": 1272,
    "server_timestamp_ms": 1767381881689.998,
    "airsim_timestamp_ns": 1767381881689998000,
    "pose": {
      "timestamp_ns": 1767381881689998000,
      "position": {
        "x": 55.29147720336914,
        "y": 52.96687698364258,
        "z": -20.46694564819336
      },
      "orientation": {
        "w": 0.9061116576194763,
        "x": -0.031336452811956406,
        "y": 0.04400232434272766,
        "z": 0.4195753335952759
      },
      "linear_velocity": {
        "x": 1.094335913658142,
        "y": -0.6793535351753235,
        "z": 0.0007790524396114051
      },
      "angular_velocity": {
        "x": 0.08733244240283966,
        "y": 0.012286201119422913,
        "z": -5.520777267520316e-05
      }
    },
    "imu": {
      "timestamp_ns": 1767381877823300864,
      "linear_acceleration": {
        "x": -0.013818025588989258,
        "y": 0.052725937217473984,
        "z": -9.864803314208984
      },
      "angular_velocity": {
        "x": 0.08737063407897949,
        "y": 0.012061050161719322,
        "z": -5.4854812333360314e-05
      },
      "orientation": {
        "w": 0.9061183333396912,
        "x": -0.031114518642425537,
        "y": 0.04414564371109009,
        "z": 0.4195624887943268
      }
    },
    "battery_percent": 71.56334053536277,
    "landed_state": "flying",
    "latency_ms": 92.8215000021737
  },
  "files": {
    "rgb": "data\\maps\\sequence_normal_ops_001_preflight_20260102_142222\\frames\\1767381881595359900.png",
    "depth": "data\\maps\\sequence_normal_ops_001_preflight_20260102_142222\\frames\\1767381881595359900_depth.npy"
  }
}