{
  "frame_id": "1767381909364696500",
  "sequence": 1606,
  "timestamp": "2026-01-02T14:25:09.364696",
  "timestamp_ns": 1767381909364696500,
  "camera": {
    "name": "front_center",
    "resolution": [
      1280,
      720
    ],
    "fov_deg": 89.90362548828125,
    "intrinsics": {
      "fx": 641.077420021049,
      "fy": 641.077420021049,
      "cx": 640.0,
      "cy": 360.0
    },
    "pose": {
      "position": {
        "x": 74.28976440429688,
        "y": 73.9561538696289,
        "z": -20.612247467041016
      },
      "orientation": {
        "w": 0.9032362699508667,
        "x": -0.00844394788146019,
        "y": -0.0484958253800869,
        "z": 0.42631101608276367
      }
    }
  },
  "telemetry": {
    "sequence": 1607,
    "server_timestamp_ms": 1767381909486.7986,
    "airsim_timestamp_ns": 1767381909486798500,
    "pose": {
      "timestamp_ns": 1767381909486798500,
      "position": {
        "x": 74.13172912597656,
        "y": 73.77603149414062,
        "z": -20.489442825317383
      },
      "orientation": {
        "w": 0.9040258526802063,
        "x": -0.04556727036833763,
        "y": 0.030410945415496826,
        "z": 0.4239528477191925
      },
      "linear_velocity": {
        "x": 1.2899658679962158,
        "y": -0.23763801157474518,
        "z": -2.8411383027560078e-05
      },
      "angular_velocity": {
        "x": 0.07607964426279068,
        "y": 0.04434550181031227,
        "z": -8.814610191620886e-05
      }
    },
    "imu": {
      "timestamp_ns": 1767381905570892800,
      "linear_acceleration": {
        "x": -0.02268749475479126,
        "y": 0.048462748527526855,
        "z": -9.863378524780273
      },
      "angular_velocity": {
        "x": 0.07607964426279068,
        "y": 0.04434550181031227,
        "z": -8.814610191620886e-05
      },
      "orientation": {
        "w": 0.904029130935669,
        "x": -0.04549244046211243,
        "y": 0.03051956184208393,
        "z": 0.42394623160362244
      }
    },
    "battery_percent": 65.60624487465637,
    "landed_state": "flying",
    "latency_ms": 121.90929999997024
  },
  "files": {
    "rgb": "data\\maps\\sequence_normal_ops_001_preflight_20260102_142222\\frames\\1767381909364696500.png",
    "depth": "data\\maps\\sequence_normal_ops_001_preflight_20260102_142222\\frames\\1767381909364696500_depth.npy"
  }
}