{
  "frame_id": "1767381867608588300",
  "sequence": 1128,
  "timestamp": "2026-01-02T14:24:27.608588",
  "timestamp_ns": 1767381867608588300,
  "camera": {
    "name": "front_center",
    "resolution": [
      1280,
      720
    ],
    "fov_deg": 89.90362548828125,
    "intrinsics": {
      "fx": 641.077420021049,
      "fy": 641.077420021049,
      "cx": 640.0,
      "cy": 360.0
    },
    "pose": {
      "position": {
        "x": 46.22101593017578,
        "y": 42.17475128173828,
        "z": -20.602630615234375
      },
      "orientation": {
        "w": 0.9171407222747803,
        "x": 0.03404238820075989,
        "y": -0.029241010546684265,
        "z": 0.39602893590927124
      }
    }
  },
  "telemetry": {
    "sequence": 1129,
    "server_timestamp_ms": 1767381867702.56,
    "airsim_timestamp_ns": 1767381867702559900,
    "pose": {
      "timestamp_ns": 1767381867702559900,
      "position": {
        "x": 46.06056594848633,
        "y": 41.996826171875,
        "z": -20.479753494262695
      },
      "orientation": {
        "w": 0.916199266910553,
        "x": -0.0006033508107066154,
        "y": 0.050804343074560165,
        "z": 0.39748892188072205
      },
      "linear_velocity": {
        "x": 0.4601270854473114,
        "y": -1.0840857028961182,
        "z": -0.0006997401942498982
      },
      "angular_velocity": {
        "x": 0.08229857683181763,
        "y": -0.039824482053518295,
        "z": 4.437915049493313e-05
      }
    },
    "imu": {
      "timestamp_ns": 1767381863846002688,
      "linear_acceleration": {
        "x": -0.006234496831893921,
        "y": 0.042854756116867065,
        "z": -9.862662315368652
      },
      "angular_velocity": {
        "x": 0.08229857683181763,
        "y": -0.039824482053518295,
        "z": 4.437915049493313e-05
      },
      "orientation": {
        "w": 0.9162113666534424,
        "x": -5.5852204241091385e-05,
        "y": 0.05078442767262459,
        "z": 0.3974640965461731
      }
    },
    "battery_percent": 74.5731720567088,
    "landed_state": "flying",
    "latency_ms": 93.6403000014252
  },
  "files": {
    "rgb": "data\\maps\\sequence_normal_ops_001_preflight_20260102_142222\\frames\\1767381867608588300.png",
    "depth": "data\\maps\\sequence_normal_ops_001_preflight_20260102_142222\\frames\\1767381867608588300_depth.npy"
  }
}