{
  "frame_id": "1767381839810575300",
  "sequence": 836,
  "timestamp": "2026-01-02T14:23:59.810575",
  "timestamp_ns": 1767381839810575300,
  "camera": {
    "name": "front_center",
    "resolution": [
      1280,
      720
    ],
    "fov_deg": 89.90362548828125,
    "intrinsics": {
      "fx": 641.077420021049,
      "fy": 641.077420021049,
      "cx": 640.0,
      "cy": 360.0
    },
    "pose": {
      "position": {
        "x": 26.502365112304688,
        "y": 21.520320892333984,
        "z": -20.20220184326172
      },
      "orientation": {
        "w": 0.9173886179924011,
        "x": 0.028233641758561134,
        "y": -0.043257180601358414,
        "z": 0.3946261405944824
      }
    }
  },
  "telemetry": {
    "sequence": 837,
    "server_timestamp_ms": 1767381839953.0151,
    "airsim_timestamp_ns": 1767381839953015000,
    "pose": {
      "timestamp_ns": 1767381839953015000,
      "position": {
        "x": 26.33755874633789,
        "y": 21.342994689941406,
        "z": -20.084327697753906
      },
      "orientation": {
        "w": 0.917667806148529,
        "x": -0.006267729680985212,
        "y": 0.03686311095952988,
        "z": 0.39558517932891846
      },
      "linear_velocity": {
        "x": 0.4555630385875702,
        "y": -0.728620707988739,
        "z": -0.00011709717364283279
      },
      "angular_velocity": {
        "x": 0.06419167667627335,
        "y": -0.01985837146639824,
        "z": 9.235758625436574e-06
      }
    },
    "imu": {
      "timestamp_ns": 1767381836116411136,
      "linear_acceleration": {
        "x": -0.009199082851409912,
        "y": 0.03490477800369263,
        "z": -9.836846351623535
      },
      "angular_velocity": {
        "x": 0.06413999199867249,
        "y": -0.02002539113163948,
        "z": 9.492495337326545e-06
      },
      "orientation": {
        "w": 0.917672872543335,
        "x": -0.005967334844172001,
        "y": 0.03689577057957649,
        "z": 0.3955751955509186
      }
    },
    "battery_percent": 80.83806674367958,
    "landed_state": "flying",
    "latency_ms": 94.95569999853615
  },
  "files": {
    "rgb": "data\\maps\\sequence_normal_ops_001_preflight_20260102_142222\\frames\\1767381839810575300.png",
    "depth": "data\\maps\\sequence_normal_ops_001_preflight_20260102_142222\\frames\\1767381839810575300_depth.npy"
  }
}