{
  "frame_id": "1767381812012761800",
  "sequence": 492,
  "timestamp": "2026-01-02T14:23:32.012761",
  "timestamp_ns": 1767381812012761800,
  "camera": {
    "name": "front_center",
    "resolution": [
      1280,
      720
    ],
    "fov_deg": 89.90362548828125,
    "intrinsics": {
      "fx": 641.077420021049,
      "fy": 641.077420021049,
      "cx": 640.0,
      "cy": 360.0
    },
    "pose": {
      "position": {
        "x": 15.909082412719727,
        "y": 9.855093955993652,
        "z": -19.93130111694336
      },
      "orientation": {
        "w": 0.9368584156036377,
        "x": 0.05923331528902054,
        "y": -0.1066807433962822,
        "z": 0.3277299702167511
      }
    }
  },
  "telemetry": {
    "sequence": 493,
    "server_timestamp_ms": 1767381812103.6155,
    "airsim_timestamp_ns": 1767381812103615500,
    "pose": {
      "timestamp_ns": 1767381812103615500,
      "position": {
        "x": 15.71175765991211,
        "y": 9.691793441772461,
        "z": -19.8482608795166
      },
      "orientation": {
        "w": 0.9425912499427795,
        "x": 0.030444368720054626,
        "y": -0.024622196331620216,
        "z": 0.3316453695297241
      },
      "linear_velocity": {
        "x": -0.742697536945343,
        "y": 0.1958984136581421,
        "z": 0.00013042372302152216
      },
      "angular_velocity": {
        "x": -0.06683585047721863,
        "y": -0.03662790358066559,
        "z": -6.462944293161854e-05
      }
    },
    "imu": {
      "timestamp_ns": 1767381808287817472,
      "linear_acceleration": {
        "x": -0.00895923376083374,
        "y": 0.004824934992939234,
        "z": -9.834698677062988
      },
      "angular_velocity": {
        "x": -0.06683585047721863,
        "y": -0.03662790358066559,
        "z": -6.462944293161854e-05
      },
      "orientation": {
        "w": 0.9425929188728333,
        "x": 0.03036821074783802,
        "y": -0.024707354605197906,
        "z": 0.33164113759994507
      }
    },
    "battery_percent": 87.08692589669471,
    "landed_state": "flying",
    "latency_ms": 90.80659999744967
  },
  "files": {
    "rgb": "data\\maps\\sequence_normal_ops_001_preflight_20260102_142222\\frames\\1767381812012761800.png",
    "depth": "data\\maps\\sequence_normal_ops_001_preflight_20260102_142222\\frames\\1767381812012761800_depth.npy"
  }
}