{
  "frame_id": "1767381853619014100",
  "sequence": 961,
  "timestamp": "2026-01-02T14:24:13.619014",
  "timestamp_ns": 1767381853619014100,
  "camera": {
    "name": "front_center",
    "resolution": [
      1280,
      720
    ],
    "fov_deg": 89.90362548828125,
    "intrinsics": {
      "fx": 641.077420021049,
      "fy": 641.077420021049,
      "cx": 640.0,
      "cy": 360.0
    },
    "pose": {
      "position": {
        "x": 36.14271926879883,
        "y": 32.492305755615234,
        "z": -20.6416072845459
      },
      "orientation": {
        "w": 0.9119368195533752,
        "x": 0.007283099927008152,
        "y": -0.035125505179166794,
        "z": 0.40875953435897827
      }
    }
  },
  "telemetry": {
    "sequence": 962,
    "server_timestamp_ms": 1767381853702.4243,
    "airsim_timestamp_ns": 1767381853702424400,
    "pose": {
      "timestamp_ns": 1767381853702424400,
      "position": {
        "x": 35.98267364501953,
        "y": 32.315860748291016,
        "z": -20.516103744506836
      },
      "orientation": {
        "w": 0.9115280508995056,
        "x": -0.028370356187224388,
        "y": 0.04448869079351425,
        "z": 0.4078388512134552
      },
      "linear_velocity": {
        "x": 1.0044915676116943,
        "y": -0.7063742280006409,
        "z": 0.0005226050852797925
      },
      "angular_velocity": {
        "x": 0.08871548622846603,
        "y": 0.008126513101160526,
        "z": -4.9922695325221866e-05
      }
    },
    "imu": {
      "timestamp_ns": 1767381849856704256,
      "linear_acceleration": {
        "x": -0.013779491186141968,
        "y": 0.04924194514751434,
        "z": -9.862414360046387
      },
      "angular_velocity": {
        "x": 0.0887448713183403,
        "y": 0.007893702015280724,
        "z": -4.9530841351952404e-05
      },
      "orientation": {
        "w": 0.9115377068519592,
        "x": -0.028021642938256264,
        "y": 0.04468528553843498,
        "z": 0.4078197777271271
      }
    },
    "battery_percent": 77.90699511243676,
    "landed_state": "flying",
    "latency_ms": 83.20050000111223
  },
  "files": {
    "rgb": "data\\maps\\sequence_normal_ops_001_preflight_20260102_142222\\frames\\1767381853619014100.png",
    "depth": "data\\maps\\sequence_normal_ops_001_preflight_20260102_142222\\frames\\1767381853619014100_depth.npy"
  }
}