{
  "frame_id": "1767381895592559600",
  "sequence": 1437,
  "timestamp": "2026-01-02T14:24:55.592559",
  "timestamp_ns": 1767381895592559600,
  "camera": {
    "name": "front_center",
    "resolution": [
      1280,
      720
    ],
    "fov_deg": 89.90362548828125,
    "intrinsics": {
      "fx": 641.077420021049,
      "fy": 641.077420021049,
      "cx": 640.0,
      "cy": 360.0
    },
    "pose": {
      "position": {
        "x": 65.5857925415039,
        "y": 62.56325149536133,
        "z": -20.622718811035156
      },
      "orientation": {
        "w": 0.9189521670341492,
        "x": 0.03997849300503731,
        "y": -0.029439352452754974,
        "z": 0.3912312686443329
      }
    }
  },
  "telemetry": {
    "sequence": 1438,
    "server_timestamp_ms": 1767381895704.7908,
    "airsim_timestamp_ns": 1767381895704790900,
    "pose": {
      "timestamp_ns": 1767381895704790900,
      "position": {
        "x": 65.4241714477539,
        "y": 62.38555145263672,
        "z": -20.501066207885742
      },
      "orientation": {
        "w": 0.9180210828781128,
        "x": 0.005728310905396938,
        "y": 0.05076463520526886,
        "z": 0.39322689175605774
      },
      "linear_velocity": {
        "x": 0.33127686381340027,
        "y": -1.1284124851226807,
        "z": -0.0010850083781406283
      },
      "angular_velocity": {
        "x": 0.07890450954437256,
        "y": -0.04932225123047829,
        "z": 6.30366412224248e-05
      }
    },
    "imu": {
      "timestamp_ns": 1767381891806599168,
      "linear_acceleration": {
        "x": -0.00545772910118103,
        "y": 0.04041394591331482,
        "z": -9.863387107849121
      },
      "angular_velocity": {
        "x": 0.07890450954437256,
        "y": -0.04932225123047829,
        "z": 6.30366412224248e-05
      },
      "orientation": {
        "w": 0.9180271625518799,
        "x": 0.006003937683999538,
        "y": 0.050722576677799225,
        "z": 0.3932141661643982
      }
    },
    "battery_percent": 68.57725302816142,
    "landed_state": "flying",
    "latency_ms": 111.59150000094087
  },
  "files": {
    "rgb": "data\\maps\\sequence_normal_ops_001_preflight_20260102_142222\\frames\\1767381895592559600.png",
    "depth": "data\\maps\\sequence_normal_ops_001_preflight_20260102_142222\\frames\\1767381895592559600_depth.npy"
  }
}