{
  "frame_id": "1767396863451457800",
  "sequence": 1832,
  "timestamp": "2026-01-02T18:34:23.451457",
  "timestamp_ns": 1767396863451457800,
  "camera": {
    "name": "front_center",
    "resolution": [
      1920,
      1080
    ],
    "fov_deg": 89.90362548828125,
    "intrinsics": {
      "fx": 961.6161300315734,
      "fy": 961.6161300315734,
      "cx": 960.0,
      "cy": 540.0
    },
    "pose": {
      "position": {
        "x": 54.576194763183594,
        "y": 51.69690704345703,
        "z": -20.897890090942383
      },
      "orientation": {
        "w": 0.9165711402893066,
        "x": -0.009596913121640682,
        "y": 7.70263432059437e-05,
        "z": 0.399756520986557
      }
    }
  },
  "telemetry": {
    "sequence": 1833,
    "server_timestamp_ms": 1767396863690.4233,
    "airsim_timestamp_ns": 1767396863690423200,
    "pose": {
      "timestamp_ns": 1767396863690423200,
      "position": {
        "x": 54.297264099121094,
        "y": 51.40728759765625,
        "z": -20.47561264038086
      },
      "orientation": {
        "w": 0.9087196588516235,
        "x": -0.06169350817799568,
        "y": 0.11971290409564972,
        "z": 0.3950839042663574
      },
      "linear_velocity": {
        "x": 2.327082633972168,
        "y": 2.292513847351074,
        "z": -0.6565331220626831
      },
      "angular_velocity": {
        "x": -0.10810115188360214,
        "y": 0.9076986312866211,
        "z": -0.0006955238641239703
      }
    },
    "imu": {
      "timestamp_ns": 1767396863991287808,
      "linear_acceleration": {
        "x": -0.09888803958892822,
        "y": 0.02274191379547119,
        "z": -14.62350082397461
      },
      "angular_velocity": {
        "x": -0.10810115188360214,
        "y": 0.9076986312866211,
        "z": -0.0006955238641239703
      },
      "orientation": {
        "w": 0.906741201877594,
        "x": -0.06877391785383224,
        "y": 0.13287945091724396,
        "z": 0.3942508101463318
      }
    },
    "battery_percent": 85.56087866553088,
    "landed_state": "flying",
    "latency_ms": 238.7239999952726
  },
  "files": {
    "rgb": "data\\maps\\sequence_normal_ops_001_preflight_20260102_183334\\frames\\1767396863451457800.png",
    "depth": "data\\maps\\sequence_normal_ops_001_preflight_20260102_183334\\frames\\1767396863451457800_depth.npy"
  }
}