{
  "frame_id": "1767396843845474300",
  "sequence": 1229,
  "timestamp": "2026-01-02T18:34:03.845474",
  "timestamp_ns": 1767396843845474300,
  "camera": {
    "name": "front_center",
    "resolution": [
      1920,
      1080
    ],
    "fov_deg": 89.90362548828125,
    "intrinsics": {
      "fx": 961.6161300315734,
      "fy": 961.6161300315734,
      "cx": 960.0,
      "cy": 540.0
    },
    "pose": {
      "position": {
        "x": 15.814560890197754,
        "y": 10.445577621459961,
        "z": -20.865108489990234
      },
      "orientation": {
        "w": 0.9362963438034058,
        "x": -0.0035878829658031464,
        "y": -0.011034439317882061,
        "z": 0.3510192036628723
      }
    }
  },
  "telemetry": {
    "sequence": 1230,
    "server_timestamp_ms": 1767396844065.911,
    "airsim_timestamp_ns": 1767396844065910700,
    "pose": {
      "timestamp_ns": 1767396844065910700,
      "position": {
        "x": 15.499506950378418,
        "y": 10.178693771362305,
        "z": -20.453388214111328
      },
      "orientation": {
        "w": 0.9297264814376831,
        "x": -0.04937438666820526,
        "y": 0.11127115786075592,
        "z": 0.34754788875579834
      },
      "linear_velocity": {
        "x": 2.5760679244995117,
        "y": 2.1593804359436035,
        "z": -0.5796942710876465
      },
      "angular_velocity": {
        "x": -0.14008048176765442,
        "y": 1.095366358757019,
        "z": 0.0008805088000372052
      }
    },
    "imu": {
      "timestamp_ns": 1767396844370869248,
      "linear_acceleration": {
        "x": -0.10167300701141357,
        "y": 0.0197446346282959,
        "z": -15.46879768371582
      },
      "angular_velocity": {
        "x": -0.14008048176765442,
        "y": 1.095366358757019,
        "z": 0.0008805088000372052
      },
      "orientation": {
        "w": 0.9272313117980957,
        "x": -0.0581972673535347,
        "y": 0.12892141938209534,
        "z": 0.3467485010623932
      }
    },
    "battery_percent": 90.66198391881215,
    "landed_state": "flying",
    "latency_ms": 220.5781999946339
  },
  "files": {
    "rgb": "data\\maps\\sequence_normal_ops_001_preflight_20260102_183334\\frames\\1767396843845474300.png",
    "depth": "data\\maps\\sequence_normal_ops_001_preflight_20260102_183334\\frames\\1767396843845474300_depth.npy"
  }
}