{
  "frame_id": "1767396836775931000",
  "sequence": 1069,
  "timestamp": "2026-01-02T18:33:56.775931",
  "timestamp_ns": 1767396836775931000,
  "camera": {
    "name": "front_center",
    "resolution": [
      1920,
      1080
    ],
    "fov_deg": 89.90362548828125,
    "intrinsics": {
      "fx": 961.6161300315734,
      "fy": 961.6161300315734,
      "cx": 960.0,
      "cy": 540.0
    },
    "pose": {
      "position": {
        "x": 6.065070629119873,
        "y": 1.1446874141693115,
        "z": -20.18840980529785
      },
      "orientation": {
        "w": 0.7099665999412537,
        "x": -0.02317422814667225,
        "y": 0.022686602547764778,
        "z": 0.7034882307052612
      }
    }
  },
  "telemetry": {
    "sequence": 1070,
    "server_timestamp_ms": 1767396836997.072,
    "airsim_timestamp_ns": 1767396836997072000,
    "pose": {
      "timestamp_ns": 1767396836997072000,
      "position": {
        "x": 6.061185836791992,
        "y": 0.7674136757850647,
        "z": -19.743831634521484
      },
      "orientation": {
        "w": 0.7009315490722656,
        "x": -0.1147996112704277,
        "y": 0.11516175419092178,
        "z": 0.6944449543952942
      },
      "linear_velocity": {
        "x": 0.02715841867029667,
        "y": 2.7524900436401367,
        "z": -0.7376890778541565
      },
      "angular_velocity": {
        "x": 0.002607613103464246,
        "y": 0.0076524787582457066,
        "z": 0.0014792269794270396
      }
    },
    "imu": {
      "timestamp_ns": 1767396837302718464,
      "linear_acceleration": {
        "x": -0.0531160831451416,
        "y": 0.028178691864013672,
        "z": -9.066428184509277
      },
      "angular_velocity": {
        "x": 0.002607613103464246,
        "y": 0.0076524787582457066,
        "z": 0.0014792269794270396
      },
      "orientation": {
        "w": 0.7008367776870728,
        "x": -0.11526847630739212,
        "y": 0.115712970495224,
        "z": 0.6943712830543518
      }
    },
    "battery_percent": 92.33241181885269,
    "landed_state": "flying",
    "latency_ms": 221.33190000022296
  },
  "files": {
    "rgb": "data\\maps\\sequence_normal_ops_001_preflight_20260102_183334\\frames\\1767396836775931000.png",
    "depth": "data\\maps\\sequence_normal_ops_001_preflight_20260102_183334\\frames\\1767396836775931000_depth.npy"
  }
}