{
  "frame_id": "1767396858527673900",
  "sequence": 1678,
  "timestamp": "2026-01-02T18:34:18.527673",
  "timestamp_ns": 1767396858527673900,
  "camera": {
    "name": "front_center",
    "resolution": [
      1920,
      1080
    ],
    "fov_deg": 89.90362548828125,
    "intrinsics": {
      "fx": 961.6161300315734,
      "fy": 961.6161300315734,
      "cx": 960.0,
      "cy": 540.0
    },
    "pose": {
      "position": {
        "x": 44.68091583251953,
        "y": 41.20496368408203,
        "z": -20.924253463745117
      },
      "orientation": {
        "w": 0.9148436188697815,
        "x": -0.011617360636591911,
        "y": 5.125585084897466e-05,
        "z": 0.40364113450050354
      }
    }
  },
  "telemetry": {
    "sequence": 1679,
    "server_timestamp_ms": 1767396858776.5676,
    "airsim_timestamp_ns": 1767396858776567900,
    "pose": {
      "timestamp_ns": 1767396858776567900,
      "position": {
        "x": 44.403778076171875,
        "y": 40.91455078125,
        "z": -20.501338958740234
      },
      "orientation": {
        "w": 0.9070103168487549,
        "x": -0.06420370936393738,
        "y": 0.11946187168359756,
        "z": 0.39867153763771057
      },
      "linear_velocity": {
        "x": 2.2903332710266113,
        "y": 2.350703477859497,
        "z": -0.6583221554756165
      },
      "angular_velocity": {
        "x": -0.12329307943582535,
        "y": 0.9223132729530334,
        "z": -0.00029049848672002554
      }
    },
    "imu": {
      "timestamp_ns": 1767396859077182976,
      "linear_acceleration": {
        "x": -0.09881842136383057,
        "y": 0.022750824689865112,
        "z": -14.554649353027344
      },
      "angular_velocity": {
        "x": -0.12329307943582535,
        "y": 0.9223132729530334,
        "z": -0.00029049848672002554
      },
      "orientation": {
        "w": 0.9051913619041443,
        "x": -0.07096435874700546,
        "y": 0.13136225938796997,
        "z": 0.3979153633117676
      }
    },
    "battery_percent": 86.84409437247221,
    "landed_state": "flying",
    "latency_ms": 248.7771999949473
  },
  "files": {
    "rgb": "data\\maps\\sequence_normal_ops_001_preflight_20260102_183334\\frames\\1767396858527673900.png",
    "depth": "data\\maps\\sequence_normal_ops_001_preflight_20260102_183334\\frames\\1767396858527673900_depth.npy"
  }
}