{
  "frame_id": "1767396848744469700",
  "sequence": 1377,
  "timestamp": "2026-01-02T18:34:08.744469",
  "timestamp_ns": 1767396848744469700,
  "camera": {
    "name": "front_center",
    "resolution": [
      1920,
      1080
    ],
    "fov_deg": 89.90362548828125,
    "intrinsics": {
      "fx": 961.6161300315734,
      "fy": 961.6161300315734,
      "cx": 960.0,
      "cy": 540.0
    },
    "pose": {
      "position": {
        "x": 25.453826904296875,
        "y": 20.756338119506836,
        "z": -20.879886627197266
      },
      "orientation": {
        "w": 0.9136664271354675,
        "x": -0.002989089349284768,
        "y": -0.01192193478345871,
        "z": 0.4062789976596832
      }
    }
  },
  "telemetry": {
    "sequence": 1378,
    "server_timestamp_ms": 1767396848960.093,
    "airsim_timestamp_ns": 1767396848960092900,
    "pose": {
      "timestamp_ns": 1767396848960092900,
      "position": {
        "x": 25.172279357910156,
        "y": 20.45362663269043,
        "z": -20.468671798706055
      },
      "orientation": {
        "w": 0.9074059724807739,
        "x": -0.055993568152189255,
        "y": 0.10743745416402817,
        "z": 0.4024130702018738
      },
      "linear_velocity": {
        "x": 2.353801965713501,
        "y": 2.417311429977417,
        "z": -0.5529287457466125
      },
      "angular_velocity": {
        "x": -0.08778508007526398,
        "y": 1.0548908710479736,
        "z": -0.0007189195603132248
      }
    },
    "imu": {
      "timestamp_ns": 1767396849263973632,
      "linear_acceleration": {
        "x": -0.09320509433746338,
        "y": 0.02221781015396118,
        "z": -15.750712394714355
      },
      "angular_velocity": {
        "x": -0.08778508007526398,
        "y": 1.0548908710479736,
        "z": -0.0007189195603132248
      },
      "orientation": {
        "w": 0.9053402543067932,
        "x": -0.0640314370393753,
        "y": 0.12273549288511276,
        "z": 0.4014911353588104
      }
    },
    "battery_percent": 89.38928483587456,
    "landed_state": "flying",
    "latency_ms": 215.66610000445507
  },
  "files": {
    "rgb": "data\\maps\\sequence_normal_ops_001_preflight_20260102_183334\\frames\\1767396848744469700.png",
    "depth": "data\\maps\\sequence_normal_ops_001_preflight_20260102_183334\\frames\\1767396848744469700_depth.npy"
  }
}