{
  "frame_id": "1767396853836023700",
  "sequence": 1533,
  "timestamp": "2026-01-02T18:34:13.836023",
  "timestamp_ns": 1767396853836023700,
  "camera": {
    "name": "front_center",
    "resolution": [
      1920,
      1080
    ],
    "fov_deg": 89.90362548828125,
    "intrinsics": {
      "fx": 961.6161300315734,
      "fy": 961.6161300315734,
      "cx": 960.0,
      "cy": 540.0
    },
    "pose": {
      "position": {
        "x": 35.80826950073242,
        "y": 31.714462280273438,
        "z": -21.017242431640625
      },
      "orientation": {
        "w": 0.9162980914115906,
        "x": -0.016799569129943848,
        "y": 0.03319288790225983,
        "z": 0.39876529574394226
      }
    }
  },
  "telemetry": {
    "sequence": 1534,
    "server_timestamp_ms": 1767396854082.7515,
    "airsim_timestamp_ns": 1767396854082751400,
    "pose": {
      "timestamp_ns": 1767396854082751400,
      "position": {
        "x": 35.55263137817383,
        "y": 31.44272232055664,
        "z": -20.569129943847656
      },
      "orientation": {
        "w": 0.9041265249252319,
        "x": -0.06870516389608383,
        "y": 0.15250982344150543,
        "z": 0.39316102862358093
      },
      "linear_velocity": {
        "x": 1.9850578308105469,
        "y": 1.8820033073425293,
        "z": -0.7378575801849365
      },
      "angular_velocity": {
        "x": -0.11204337328672409,
        "y": 0.18123313784599304,
        "z": 0.005112486891448498
      }
    },
    "imu": {
      "timestamp_ns": 1767396854385082880,
      "linear_acceleration": {
        "x": -0.10463929176330566,
        "y": 0.021979600191116333,
        "z": -9.503375053405762
      },
      "angular_velocity": {
        "x": -0.11204337328672409,
        "y": 0.18123313784599304,
        "z": 0.005112486891448498
      },
      "orientation": {
        "w": 0.9035581350326538,
        "x": -0.07106372714042664,
        "y": 0.15459586679935455,
        "z": 0.39323386549949646
      }
    },
    "battery_percent": 88.04979148121602,
    "landed_state": "flying",
    "latency_ms": 246.86500000098022
  },
  "files": {
    "rgb": "data\\maps\\sequence_normal_ops_001_preflight_20260102_183334\\frames\\1767396853836023700.png",
    "depth": "data\\maps\\sequence_normal_ops_001_preflight_20260102_183334\\frames\\1767396853836023700_depth.npy"
  }
}