{
  "frame_id": "1767408276530524500",
  "sequence": 594,
  "timestamp": "2026-01-02T21:44:36.530524",
  "timestamp_ns": 1767408276530524500,
  "camera": {
    "name": "front_center",
    "resolution": [
      1920,
      1080
    ],
    "fov_deg": 89.90362548828125,
    "intrinsics": {
      "fx": 961.6161300315734,
      "fy": 961.6161300315734,
      "cx": 960.0,
      "cy": 540.0
    },
    "pose": {
      "position": {
        "x": 5.995739459991455,
        "y": -2.6319262981414795,
        "z": -19.58575439453125
      },
      "orientation": {
        "w": 0.7254930734634399,
        "x": 0.06261661648750305,
        "y": -0.073655866086483,
        "z": 0.6814057230949402
      }
    }
  },
  "telemetry": {
    "sequence": 596,
    "server_timestamp_ms": 1767408276645.7463,
    "airsim_timestamp_ns": 1767408276645746300,
    "pose": {
      "timestamp_ns": 1767408276645746300,
      "position": {
        "x": 5.96218729019165,
        "y": -3.1026875972747803,
        "z": -19.311687469482422
      },
      "orientation": {
        "w": 0.7280384302139282,
        "x": -0.02721511386334896,
        "y": 0.022322239354252815,
        "z": 0.6846320629119873
      },
      "linear_velocity": {
        "x": 0.00041436104220338166,
        "y": 0.42653530836105347,
        "z": -3.916902542114258
      },
      "angular_velocity": {
        "x": 0.011701574549078941,
        "y": 0.07908505201339722,
        "z": 0.16114333271980286
      }
    },
    "imu": {
      "timestamp_ns": 1767408276644431400,
      "linear_acceleration": {
        "x": -0.003692805767059326,
        "y": 0.026322141289711,
        "z": -2.950685739517212
      },
      "angular_velocity": {
        "x": 0.008864102885127068,
        "y": 0.07196427881717682,
        "z": 0.159203439950943
      },
      "orientation": {
        "w": 0.727871835231781,
        "x": -0.027276137843728065,
        "y": 0.0224215816706419,
        "z": 0.6848035454750061
      }
    },
    "battery_percent": 98.42242778585397,
    "landed_state": "flying",
    "latency_ms": 115.79179999534972
  },
  "files": {
    "rgb": "data\\maps\\sequence_patrol_recharge_001_preflight_20260102_214436\\frames\\1767408276530524500.png",
    "depth": "data\\maps\\sequence_patrol_recharge_001_preflight_20260102_214436\\frames\\1767408276530524500_depth.npy"
  }
}