{
  "frame_id": "1767408283547361700",
  "sequence": 823,
  "timestamp": "2026-01-02T21:44:43.547361",
  "timestamp_ns": 1767408283547361700,
  "camera": {
    "name": "front_center",
    "resolution": [
      1920,
      1080
    ],
    "fov_deg": 89.90362548828125,
    "intrinsics": {
      "fx": 961.6161300315734,
      "fy": 961.6161300315734,
      "cx": 960.0,
      "cy": 540.0
    },
    "pose": {
      "position": {
        "x": 18.71639060974121,
        "y": 1.6991963386535645,
        "z": -20.77882194519043
      },
      "orientation": {
        "w": 0.9798811674118042,
        "x": 0.017440015450119972,
        "y": -0.10404474288225174,
        "z": 0.1694207489490509
      }
    }
  },
  "telemetry": {
    "sequence": 824,
    "server_timestamp_ms": 1767408283662.125,
    "airsim_timestamp_ns": 1767408283662125000,
    "pose": {
      "timestamp_ns": 1767408283662125000,
      "position": {
        "x": 18.30246353149414,
        "y": 1.5518527030944824,
        "z": -20.453083038330078
      },
      "orientation": {
        "w": 0.984447717666626,
        "x": -0.008159557357430458,
        "y": 0.043021973222494125,
        "z": 0.17013294994831085
      },
      "linear_velocity": {
        "x": 3.51922345161438,
        "y": 1.2354340553283691,
        "z": 0.0645764172077179
      },
      "angular_velocity": {
        "x": -0.04211164638400078,
        "y": 2.7428019046783447,
        "z": -4.8255260480800644e-05
      }
    },
    "imu": {
      "timestamp_ns": 1767408283659623900,
      "linear_acceleration": {
        "x": -0.0956500694155693,
        "y": 0.004841938614845276,
        "z": -12.600900650024414
      },
      "angular_velocity": {
        "x": -0.04211164638400078,
        "y": 2.7428019046783447,
        "z": -4.8255260480800644e-05
      },
      "orientation": {
        "w": 0.9844477772712708,
        "x": -0.008159558288753033,
        "y": 0.043021976947784424,
        "z": 0.17013296484947205
      }
    },
    "battery_percent": 96.76340417833973,
    "landed_state": "flying",
    "latency_ms": 113.85339999833377
  },
  "files": {
    "rgb": "data\\maps\\sequence_patrol_recharge_001_preflight_20260102_214436\\frames\\1767408283547361700.png",
    "depth": "data\\maps\\sequence_patrol_recharge_001_preflight_20260102_214436\\frames\\1767408283547361700_depth.npy"
  }
}