{
  "frame_id": "1767392909730480900",
  "sequence": 192,
  "timestamp": "2026-01-02T17:28:29.730480",
  "timestamp_ns": 1767392909730480900,
  "camera": {
    "name": "front_center",
    "resolution": [
      1920,
      1080
    ],
    "fov_deg": 89.90362548828125,
    "intrinsics": {
      "fx": 961.6161300315734,
      "fy": 961.6161300315734,
      "cx": 960.0,
      "cy": 540.0
    },
    "pose": {
      "position": {
        "x": 15.25096607208252,
        "y": 10.222312927246094,
        "z": -20.639606475830078
      },
      "orientation": {
        "w": 0.9264301061630249,
        "x": 0.04610699042677879,
        "y": -0.12252174317836761,
        "z": 0.35297277569770813
      }
    }
  },
  "telemetry": {
    "sequence": 193,
    "server_timestamp_ms": 1767392924922.1418,
    "airsim_timestamp_ns": 1767392924922141600,
    "pose": {
      "timestamp_ns": 1767392924922141600,
      "position": {
        "x": 14.877297401428223,
        "y": 9.88974380493164,
        "z": -20.33999252319336
      },
      "orientation": {
        "w": 0.9344967007637024,
        "x": -0.00035965279676020145,
        "y": -0.0005501543055288494,
        "z": 0.35597121715545654
      },
      "linear_velocity": {
        "x": -0.009606880135834217,
        "y": 0.0016986567061394453,
        "z": -0.028678128495812416
      },
      "angular_velocity": {
        "x": 0.0008601422305218875,
        "y": -0.0003292287583462894,
        "z": 0.0044452231377363205
      }
    },
    "imu": {
      "timestamp_ns": 1767392911611803392,
      "linear_acceleration": {
        "x": -0.01438993588089943,
        "y": 0.012319677509367466,
        "z": -9.788384437561035
      },
      "angular_velocity": {
        "x": 0.0008601422305218875,
        "y": -0.0003292287583462894,
        "z": 0.0044452231377363205
      },
      "orientation": {
        "w": -0.9344894289970398,
        "x": 0.00035556050715968013,
        "y": 0.0005497942329384387,
        "z": -0.3559902608394623
      }
    },
    "battery_percent": 71.34205845561875,
    "landed_state": "flying",
    "latency_ms": 15184.744599999249
  },
  "files": {
    "rgb": "data\\maps\\sequence_normal_ops_001_preflight_20260102_172706\\frames\\1767392909730480900.png",
    "depth": "data\\maps\\sequence_normal_ops_001_preflight_20260102_172706\\frames\\1767392909730480900_depth.npy"
  }
}