{
  "frame_id": "1767382876490565800",
  "sequence": 1011,
  "timestamp": "2026-01-02T14:41:16.490565",
  "timestamp_ns": 1767382876490565800,
  "camera": {
    "name": "front_center",
    "resolution": [
      1280,
      720
    ],
    "fov_deg": 89.90362548828125,
    "intrinsics": {
      "fx": 641.077420021049,
      "fy": 641.077420021049,
      "cx": 640.0,
      "cy": 360.0
    },
    "pose": {
      "position": {
        "x": 46.23214340209961,
        "y": 41.200721740722656,
        "z": -20.597726821899414
      },
      "orientation": {
        "w": 0.920940101146698,
        "x": 0.06522154062986374,
        "y": -0.0433705635368824,
        "z": 0.3817518353462219
      }
    }
  },
  "telemetry": {
    "sequence": 1013,
    "server_timestamp_ms": 1767382876747.2256,
    "airsim_timestamp_ns": 1767382876747225500,
    "pose": {
      "timestamp_ns": 1767382876747225500,
      "position": {
        "x": 46.063743591308594,
        "y": 41.00985336303711,
        "z": -20.487268447875977
      },
      "orientation": {
        "w": 0.9212234020233154,
        "x": 0.032000940293073654,
        "y": 0.03679188713431358,
        "z": 0.385966032743454
      },
      "linear_velocity": {
        "x": -0.3262757658958435,
        "y": -1.0540492534637451,
        "z": -0.0016404064372181892
      },
      "angular_velocity": {
        "x": 0.03763774037361145,
        "y": -0.08103389292955399,
        "z": 8.59757637954317e-05
      }
    },
    "imu": {
      "timestamp_ns": 1767382871117490688,
      "linear_acceleration": {
        "x": -0.003537610173225403,
        "y": 0.025035619735717773,
        "z": -9.855457305908203
      },
      "angular_velocity": {
        "x": 0.03763774037361145,
        "y": -0.08103389292955399,
        "z": 8.59757637954317e-05
      },
      "orientation": {
        "w": 0.9212285280227661,
        "x": 0.032199300825595856,
        "y": 0.036612026393413544,
        "z": 0.3859542906284332
      }
    },
    "battery_percent": 76.92141703656306,
    "landed_state": "flying",
    "latency_ms": 223.4826999992947
  },
  "files": {
    "rgb": "data\\maps\\sequence_normal_ops_001_preflight_20260102_143920\\frames\\1767382876490565800.png",
    "depth": "data\\maps\\sequence_normal_ops_001_preflight_20260102_143920\\frames\\1767382876490565800_depth.npy"
  }
}