{
  "frame_id": "1767382935277868200",
  "sequence": 1624,
  "timestamp": "2026-01-02T14:42:15.277868",
  "timestamp_ns": 1767382935277868200,
  "camera": {
    "name": "front_center",
    "resolution": [
      1280,
      720
    ],
    "fov_deg": 89.90362548828125,
    "intrinsics": {
      "fx": 641.077420021049,
      "fy": 641.077420021049,
      "cx": 640.0,
      "cy": 360.0
    },
    "pose": {
      "position": {
        "x": 84.99009704589844,
        "y": 82.51274108886719,
        "z": -20.62779426574707
      },
      "orientation": {
        "w": 0.9174109101295471,
        "x": 0.06319144368171692,
        "y": -0.03921053558588028,
        "z": 0.3909304440021515
      }
    }
  },
  "telemetry": {
    "sequence": 1625,
    "server_timestamp_ms": 1767382935412.0266,
    "airsim_timestamp_ns": 1767382935412026600,
    "pose": {
      "timestamp_ns": 1767382935412026600,
      "position": {
        "x": 84.8287124633789,
        "y": 82.32893371582031,
        "z": -20.515241622924805
      },
      "orientation": {
        "w": 0.9173372983932495,
        "x": 0.02887915074825287,
        "y": 0.040896300226449966,
        "z": 0.39495033025741577
      },
      "linear_velocity": {
        "x": -0.22590143978595734,
        "y": -1.1343098878860474,
        "z": -0.0018738709622994065
      },
      "angular_velocity": {
        "x": 0.045985687524080276,
        "y": -0.07769235968589783,
        "z": 9.109628445003182e-05
      }
    },
    "imu": {
      "timestamp_ns": 1767382929699740416,
      "linear_acceleration": {
        "x": -0.00328623503446579,
        "y": 0.0285358726978302,
        "z": -9.858877182006836
      },
      "angular_velocity": {
        "x": 0.04577532783150673,
        "y": -0.07780759036540985,
        "z": 9.103442425839603e-05
      },
      "orientation": {
        "w": 0.9173427224159241,
        "x": 0.029097773134708405,
        "y": 0.040736958384513855,
        "z": 0.3949381709098816
      }
    },
    "battery_percent": 64.34034621867039,
    "landed_state": "flying",
    "latency_ms": 95.54949999801465
  },
  "files": {
    "rgb": "data\\maps\\sequence_normal_ops_001_preflight_20260102_143920\\frames\\1767382935277868200.png",
    "depth": "data\\maps\\sequence_normal_ops_001_preflight_20260102_143920\\frames\\1767382935277868200_depth.npy"
  }
}