{
  "frame_id": "1767382906192797000",
  "sequence": 1317,
  "timestamp": "2026-01-02T14:41:46.192797",
  "timestamp_ns": 1767382906192797000,
  "camera": {
    "name": "front_center",
    "resolution": [
      1280,
      720
    ],
    "fov_deg": 89.90362548828125,
    "intrinsics": {
      "fx": 641.077420021049,
      "fy": 641.077420021049,
      "cx": 640.0,
      "cy": 360.0
    },
    "pose": {
      "position": {
        "x": 65.76219940185547,
        "y": 62.28227615356445,
        "z": -20.615407943725586
      },
      "orientation": {
        "w": 0.9124942421913147,
        "x": 0.05274532362818718,
        "y": -0.030724992975592613,
        "z": 0.40450984239578247
      }
    }
  },
  "telemetry": {
    "sequence": 1318,
    "server_timestamp_ms": 1767382906291.9478,
    "airsim_timestamp_ns": 1767382906291947700,
    "pose": {
      "timestamp_ns": 1767382906291947700,
      "position": {
        "x": 65.60678100585938,
        "y": 62.09689712524414,
        "z": -20.497169494628906
      },
      "orientation": {
        "w": 0.9116997718811035,
        "x": 0.017289256677031517,
        "y": 0.04892103746533394,
        "z": 0.4075676202774048
      },
      "linear_velocity": {
        "x": 0.08740069717168808,
        "y": -1.232569932937622,
        "z": -0.0018806305015459657
      },
      "angular_velocity": {
        "x": 0.06541819870471954,
        "y": -0.06435008347034454,
        "z": 8.671399700688198e-05
      }
    },
    "imu": {
      "timestamp_ns": 1767382900653120768,
      "linear_acceleration": {
        "x": -0.003321215510368347,
        "y": 0.03772115707397461,
        "z": -9.864481925964355
      },
      "angular_velocity": {
        "x": 0.06541819870471954,
        "y": -0.06435008347034454,
        "z": 8.671399700688198e-05
      },
      "orientation": {
        "w": 0.9117056727409363,
        "x": 0.017547139897942543,
        "y": 0.04882565140724182,
        "z": 0.4075549244880676
      }
    },
    "battery_percent": 70.5745129359717,
    "landed_state": "flying",
    "latency_ms": 93.03299999737646
  },
  "files": {
    "rgb": "data\\maps\\sequence_normal_ops_001_preflight_20260102_143920\\frames\\1767382906192797000.png",
    "depth": "data\\maps\\sequence_normal_ops_001_preflight_20260102_143920\\frames\\1767382906192797000_depth.npy"
  }
}