{
  "frame_id": "1767382832861365000",
  "sequence": 643,
  "timestamp": "2026-01-02T14:40:32.861365",
  "timestamp_ns": 1767382832861365000,
  "camera": {
    "name": "front_center",
    "resolution": [
      1280,
      720
    ],
    "fov_deg": 89.90362548828125,
    "intrinsics": {
      "fx": 641.077420021049,
      "fy": 641.077420021049,
      "cx": 640.0,
      "cy": 360.0
    },
    "pose": {
      "position": {
        "x": 23.45924949645996,
        "y": 21.45816421508789,
        "z": -20.557571411132812
      },
      "orientation": {
        "w": 0.8582345247268677,
        "x": 0.014235812239348888,
        "y": -0.11507979035377502,
        "z": 0.49998748302459717
      }
    }
  },
  "telemetry": {
    "sequence": 644,
    "server_timestamp_ms": 1767382832961.173,
    "airsim_timestamp_ns": 1767382832961173100,
    "pose": {
      "timestamp_ns": 1767382832961173100,
      "position": {
        "x": 23.32487678527832,
        "y": 21.242727279663086,
        "z": -20.467952728271484
      },
      "orientation": {
        "w": 0.8649985194206238,
        "x": -0.02939513884484768,
        "y": -0.03984180837869644,
        "z": 0.49932560324668884
      },
      "linear_velocity": {
        "x": 0.24075309932231903,
        "y": 1.4129970073699951,
        "z": 0.0018420320702716708
      },
      "angular_velocity": {
        "x": -0.02700014039874077,
        "y": 0.055898673832416534,
        "z": 4.1481955122435465e-05
      }
    },
    "imu": {
      "timestamp_ns": 1767382827508560384,
      "linear_acceleration": {
        "x": -0.03395076096057892,
        "y": 0.011353671550750732,
        "z": -9.84990406036377
      },
      "angular_velocity": {
        "x": -0.02700014039874077,
        "y": 0.055898673832416534,
        "z": 4.1481955122435465e-05
      },
      "orientation": {
        "w": 0.8650006651878357,
        "x": -0.029472097754478455,
        "y": -0.039789583534002304,
        "z": 0.4993216097354889
      }
    },
    "battery_percent": 85.89705976621927,
    "landed_state": "flying",
    "latency_ms": 99.34079999948153
  },
  "files": {
    "rgb": "data\\maps\\sequence_normal_ops_001_preflight_20260102_143920\\frames\\1767382832861365000.png",
    "depth": "data\\maps\\sequence_normal_ops_001_preflight_20260102_143920\\frames\\1767382832861365000_depth.npy"
  }
}