{
  "frame_id": "1767382891368097400",
  "sequence": 1184,
  "timestamp": "2026-01-02T14:41:31.368097",
  "timestamp_ns": 1767382891368097400,
  "camera": {
    "name": "front_center",
    "resolution": [
      1280,
      720
    ],
    "fov_deg": 89.90362548828125,
    "intrinsics": {
      "fx": 641.077420021049,
      "fy": 641.077420021049,
      "cx": 640.0,
      "cy": 360.0
    },
    "pose": {
      "position": {
        "x": 55.74814987182617,
        "y": 52.993099212646484,
        "z": -20.623210906982422
      },
      "orientation": {
        "w": 0.9041194915771484,
        "x": 0.015330945141613483,
        "y": -0.029633134603500366,
        "z": 0.42597514390945435
      }
    }
  },
  "telemetry": {
    "sequence": 1185,
    "server_timestamp_ms": 1767382891569.0056,
    "airsim_timestamp_ns": 1767382891569005700,
    "pose": {
      "timestamp_ns": 1767382891569005700,
      "position": {
        "x": 55.59701156616211,
        "y": 52.80952453613281,
        "z": -20.496883392333984
      },
      "orientation": {
        "w": 0.9032617211341858,
        "x": -0.021853573620319366,
        "y": 0.04927883297204971,
        "z": 0.42569035291671753
      },
      "linear_velocity": {
        "x": 0.9525009989738464,
        "y": -0.905683696269989,
        "z": 0.0008670409442856908
      },
      "angular_velocity": {
        "x": 0.0879867821931839,
        "y": -0.006669458467513323,
        "z": -2.0605601093848236e-05
      }
    },
    "imu": {
      "timestamp_ns": 1767382885952807168,
      "linear_acceleration": {
        "x": -0.009173870086669922,
        "y": 0.05482710897922516,
        "z": -9.866209030151367
      },
      "angular_velocity": {
        "x": 0.0879867821931839,
        "y": -0.006669458467513323,
        "z": -2.0605601093848236e-05
      },
      "orientation": {
        "w": 0.9032684564590454,
        "x": -0.021606897935271263,
        "y": 0.049373723566532135,
        "z": 0.42567774653434753
      }
    },
    "battery_percent": 73.72685071757827,
    "landed_state": "flying",
    "latency_ms": 141.44449999730568
  },
  "files": {
    "rgb": "data\\maps\\sequence_normal_ops_001_preflight_20260102_143920\\frames\\1767382891368097400.png",
    "depth": "data\\maps\\sequence_normal_ops_001_preflight_20260102_143920\\frames\\1767382891368097400_depth.npy"
  }
}