{
  "frame_id": "1767382920703940500",
  "sequence": 1453,
  "timestamp": "2026-01-02T14:42:00.703940",
  "timestamp_ns": 1767382920703940500,
  "camera": {
    "name": "front_center",
    "resolution": [
      1280,
      720
    ],
    "fov_deg": 89.90362548828125,
    "intrinsics": {
      "fx": 641.077420021049,
      "fy": 641.077420021049,
      "cx": 640.0,
      "cy": 360.0
    },
    "pose": {
      "position": {
        "x": 74.8729019165039,
        "y": 73.77072143554688,
        "z": -20.60515594482422
      },
      "orientation": {
        "w": 0.9014285206794739,
        "x": 0.006928882095962763,
        "y": -0.034307628870010376,
        "z": 0.43151089549064636
      }
    }
  },
  "telemetry": {
    "sequence": 1454,
    "server_timestamp_ms": 1767382920792.4392,
    "airsim_timestamp_ns": 1767382920792439300,
    "pose": {
      "timestamp_ns": 1767382920792439300,
      "position": {
        "x": 74.7319107055664,
        "y": 73.5804443359375,
        "z": -20.479122161865234
      },
      "orientation": {
        "w": 0.9009981751441956,
        "x": -0.03038000501692295,
        "y": 0.044592782855033875,
        "z": 0.43045416474342346
      },
      "linear_velocity": {
        "x": 1.1088201999664307,
        "y": -0.7170999050140381,
        "z": 0.0010463215876370668
      },
      "angular_velocity": {
        "x": 0.08526071161031723,
        "y": 0.009381133131682873,
        "z": -4.749762229039334e-05
      }
    },
    "imu": {
      "timestamp_ns": 1767382915098428928,
      "linear_acceleration": {
        "x": -0.012261569499969482,
        "y": 0.0555732324719429,
        "z": -9.865355491638184
      },
      "angular_velocity": {
        "x": 0.08529307693243027,
        "y": 0.00916750356554985,
        "z": -4.715816612588242e-05
      },
      "orientation": {
        "w": 0.9010047912597656,
        "x": -0.03016166388988495,
        "y": 0.04472823441028595,
        "z": 0.4304417669773102
      }
    },
    "battery_percent": 67.44665235404669,
    "landed_state": "flying",
    "latency_ms": 87.42849999907776
  },
  "files": {
    "rgb": "data\\maps\\sequence_normal_ops_001_preflight_20260102_143920\\frames\\1767382920703940500.png",
    "depth": "data\\maps\\sequence_normal_ops_001_preflight_20260102_143920\\frames\\1767382920703940500_depth.npy"
  }
}