{
  "frame_id": "1767382818467889900",
  "sequence": 469,
  "timestamp": "2026-01-02T14:40:18.467889",
  "timestamp_ns": 1767382818467889900,
  "camera": {
    "name": "front_center",
    "resolution": [
      1280,
      720
    ],
    "fov_deg": 89.90362548828125,
    "intrinsics": {
      "fx": 641.077420021049,
      "fy": 641.077420021049,
      "cx": 640.0,
      "cy": 360.0
    },
    "pose": {
      "position": {
        "x": 16.921546936035156,
        "y": 6.5556488037109375,
        "z": -21.016822814941406
      },
      "orientation": {
        "w": 0.8027945756912231,
        "x": 0.062306467443704605,
        "y": -0.05437774583697319,
        "z": 0.590492844581604
      }
    }
  },
  "telemetry": {
    "sequence": 471,
    "server_timestamp_ms": 1767382818588.647,
    "airsim_timestamp_ns": 1767382818588646900,
    "pose": {
      "timestamp_ns": 1767382818588646900,
      "position": {
        "x": 16.851219177246094,
        "y": 6.3047919273376465,
        "z": -20.91371726989746
      },
      "orientation": {
        "w": 0.8044798970222473,
        "x": 0.010700658895075321,
        "y": 0.015752706676721573,
        "z": 0.5936744809150696
      },
      "linear_velocity": {
        "x": -0.04269371181726456,
        "y": -1.0119298696517944,
        "z": -0.0026961336843669415
      },
      "angular_velocity": {
        "x": 0.008428054861724377,
        "y": -0.015520437620580196,
        "z": 3.702600679389434e-06
      }
    },
    "imu": {
      "timestamp_ns": 1767382813147254016,
      "linear_acceleration": {
        "x": 0.0005328059196472168,
        "y": 0.03290180861949921,
        "z": -9.813005447387695
      },
      "angular_velocity": {
        "x": 0.008428054861724377,
        "y": -0.015520437620580196,
        "z": 3.702600679389434e-06
      },
      "orientation": {
        "w": 0.8044799566268921,
        "x": 0.010700659826397896,
        "y": 0.015752706676721573,
        "z": 0.5936745405197144
      }
    },
    "battery_percent": 89.02594412869999,
    "landed_state": "flying",
    "latency_ms": 111.42719999770634
  },
  "files": {
    "rgb": "data\\maps\\sequence_normal_ops_001_preflight_20260102_143920\\frames\\1767382818467889900.png",
    "depth": "data\\maps\\sequence_normal_ops_001_preflight_20260102_143920\\frames\\1767382818467889900_depth.npy"
  }
}