{
  "frame_id": "1767382861470910800",
  "sequence": 849,
  "timestamp": "2026-01-02T14:41:01.470910",
  "timestamp_ns": 1767382861470910800,
  "camera": {
    "name": "front_center",
    "resolution": [
      1280,
      720
    ],
    "fov_deg": 89.90362548828125,
    "intrinsics": {
      "fx": 641.077420021049,
      "fy": 641.077420021049,
      "cx": 640.0,
      "cy": 360.0
    },
    "pose": {
      "position": {
        "x": 35.354183197021484,
        "y": 30.498973846435547,
        "z": -20.361549377441406
      },
      "orientation": {
        "w": 0.9419388771057129,
        "x": 0.05741335451602936,
        "y": -0.1039072647690773,
        "z": 0.31409889459609985
      }
    }
  },
  "telemetry": {
    "sequence": 850,
    "server_timestamp_ms": 1767382861570.754,
    "airsim_timestamp_ns": 1767382861570753700,
    "pose": {
      "timestamp_ns": 1767382861570753700,
      "position": {
        "x": 35.15278244018555,
        "y": 30.341686248779297,
        "z": -20.276704788208008
      },
      "orientation": {
        "w": 0.9474106431007385,
        "x": 0.02981935441493988,
        "y": -0.02141648530960083,
        "z": 0.31790757179260254
      },
      "linear_velocity": {
        "x": -0.6883577704429626,
        "y": 0.1482551544904709,
        "z": 8.865897689247504e-05
      },
      "angular_velocity": {
        "x": -0.06219892576336861,
        "y": -0.03865448385477066,
        "z": -5.994165258016437e-05
      }
    },
    "imu": {
      "timestamp_ns": 1767382856096170240,
      "linear_acceleration": {
        "x": -0.009499803185462952,
        "y": 0.005040469113737345,
        "z": -9.831277847290039
      },
      "angular_velocity": {
        "x": -0.06219892576336861,
        "y": -0.03865448385477066,
        "z": -5.994165258016437e-05
      },
      "orientation": {
        "w": 0.9474167227745056,
        "x": 0.029541468247771263,
        "y": -0.02175675705075264,
        "z": 0.31789231300354004
      }
    },
    "battery_percent": 80.11362366810616,
    "landed_state": "flying",
    "latency_ms": 97.11029999743914
  },
  "files": {
    "rgb": "data\\maps\\sequence_normal_ops_001_preflight_20260102_143920\\frames\\1767382861470910800.png",
    "depth": "data\\maps\\sequence_normal_ops_001_preflight_20260102_143920\\frames\\1767382861470910800_depth.npy"
  }
}