{
  "frame_id": "1767368571330053500",
  "sequence": 258,
  "timestamp": "2026-01-02T10:42:51.330053",
  "timestamp_ns": 1767368571330053500,
  "camera": {
    "name": "front_center",
    "resolution": [
      1280,
      720
    ],
    "fov_deg": 89.90362548828125,
    "intrinsics": {
      "fx": 641.077420021049,
      "fy": 641.077420021049,
      "cx": 640.0,
      "cy": 360.0
    },
    "pose": {
      "position": {
        "x": 15.170044898986816,
        "y": 11.030850410461426,
        "z": -20.149433135986328
      },
      "orientation": {
        "w": 0.8555025458335876,
        "x": 0.04480373114347458,
        "y": -0.07451758533716202,
        "z": 0.5104460120201111
      }
    }
  },
  "telemetry": {
    "sequence": 260,
    "server_timestamp_ms": 1767368571620.5305,
    "airsim_timestamp_ns": 1767368571620530700,
    "pose": {
      "timestamp_ns": 1767368571620530700,
      "position": {
        "x": 15.051397323608398,
        "y": 10.810845375061035,
        "z": -20.04932975769043
      },
      "orientation": {
        "w": 0.8587417602539062,
        "x": 0.00014493701746687293,
        "y": 0.000327934802044183,
        "z": 0.5124085545539856
      },
      "linear_velocity": {
        "x": -0.020685862749814987,
        "y": -0.06846722215414047,
        "z": 1.6312072277069092
      },
      "angular_velocity": {
        "x": -0.0036435481160879135,
        "y": -0.0025450976099818945,
        "z": -4.818413117391174e-07
      }
    },
    "imu": {
      "timestamp_ns": 1767368567803927296,
      "linear_acceleration": {
        "x": -0.016481537371873856,
        "y": 0.06752336025238037,
        "z": -1.4481862783432007
      },
      "angular_velocity": {
        "x": -0.0036435481160879135,
        "y": -0.0025450976099818945,
        "z": -4.818413117391174e-07
      },
      "orientation": {
        "w": 0.8587417602539062,
        "x": 0.00013488605327438563,
        "y": 0.0003033433749806136,
        "z": 0.5124085545539856
      }
    },
    "battery_percent": 89.04892234112872,
    "landed_state": "landed",
    "latency_ms": 248.67690000064613
  },
  "files": {
    "rgb": "data\\maps\\sequence_normal_ops_001_preflight_20260102_104156\\frames\\1767368571330053500.png",
    "depth": "data\\maps\\sequence_normal_ops_001_preflight_20260102_104156\\frames\\1767368571330053500_depth.npy"
  }
}