{
  "frame_id": "1767368543931154300",
  "sequence": 186,
  "timestamp": "2026-01-02T10:42:23.931154",
  "timestamp_ns": 1767368543931154300,
  "camera": {
    "name": "front_center",
    "resolution": [
      1280,
      720
    ],
    "fov_deg": 89.90362548828125,
    "intrinsics": {
      "fx": 641.077420021049,
      "fy": 641.077420021049,
      "cx": 640.0,
      "cy": 360.0
    },
    "pose": {
      "position": {
        "x": 6.08132266998291,
        "y": 3.1199228763580322,
        "z": -19.907148361206055
      },
      "orientation": {
        "w": 0.708337664604187,
        "x": 0.06017705425620079,
        "y": -0.0629509910941124,
        "z": 0.7004809975624084
      }
    }
  },
  "telemetry": {
    "sequence": 187,
    "server_timestamp_ms": 1767368544091.2551,
    "airsim_timestamp_ns": 1767368544091255200,
    "pose": {
      "timestamp_ns": 1767368544091255200,
      "position": {
        "x": 6.078176021575928,
        "y": 2.8699586391448975,
        "z": -19.80710792541504
      },
      "orientation": {
        "w": 0.7111287713050842,
        "x": -0.0011028824374079704,
        "y": -0.0009757517836987972,
        "z": 0.7030602693557739
      },
      "linear_velocity": {
        "x": 0.017684966325759888,
        "y": -0.0006317596998997033,
        "z": -7.532858035119716e-06
      },
      "angular_velocity": {
        "x": 1.875426823971793e-05,
        "y": -0.00018722904496826231,
        "z": 4.092552519097126e-09
      }
    },
    "imu": {
      "timestamp_ns": 1767368540380342272,
      "linear_acceleration": {
        "x": -5.521811544895172e-06,
        "y": 0.028710901737213135,
        "z": -9.80670166015625
      },
      "angular_velocity": {
        "x": 1.875426823971793e-05,
        "y": -0.00018722904496826231,
        "z": 4.092552519097126e-09
      },
      "orientation": {
        "w": 0.7111287713050842,
        "x": -0.0011013391194865108,
        "y": -0.0009770322358235717,
        "z": 0.7030602693557739
      }
    },
    "battery_percent": 94.57358924542015,
    "landed_state": "flying",
    "latency_ms": 160.49350000048435
  },
  "files": {
    "rgb": "data\\maps\\sequence_normal_ops_001_preflight_20260102_104156\\frames\\1767368543931154300.png",
    "depth": "data\\maps\\sequence_normal_ops_001_preflight_20260102_104156\\frames\\1767368543931154300_depth.npy"
  }
}