{
  "frame_id": "1767323917776585200",
  "sequence": 3950,
  "timestamp": "2026-01-01T22:18:37.776585",
  "timestamp_ns": 1767323917776585200,
  "camera": {
    "name": "front_center",
    "resolution": [
      1280,
      720
    ],
    "fov_deg": 89.90362548828125,
    "intrinsics": {
      "fx": 641.077420021049,
      "fy": 641.077420021049,
      "cx": 640.0,
      "cy": 360.0
    },
    "pose": {
      "position": {
        "x": 22.534915924072266,
        "y": -0.9599278569221497,
        "z": -28.51104164123535
      },
      "orientation": {
        "w": 0.8868479132652283,
        "x": 0.13948491215705872,
        "y": -0.10401400923728943,
        "z": 0.4280487895011902
      }
    }
  },
  "telemetry": {
    "sequence": 3951,
    "server_timestamp_ms": 1767323921449.03,
    "airsim_timestamp_ns": 1767323921449029800,
    "pose": {
      "timestamp_ns": 1767323921449029800,
      "position": {
        "x": 22.38565444946289,
        "y": -1.174767255783081,
        "z": -28.447284698486328
      },
      "orientation": {
        "w": 0.8925386071205139,
        "x": 0.10164722055196762,
        "y": -0.026324313133955002,
        "z": 0.4385768473148346
      },
      "linear_velocity": {
        "x": 0.6434927582740784,
        "y": -0.8656726479530334,
        "z": 0.08819995820522308
      },
      "angular_velocity": {
        "x": 0.9838894009590149,
        "y": -1.1126010417938232,
        "z": 0.64089035987854
      }
    },
    "imu": {
      "timestamp_ns": 1767323918363598592,
      "linear_acceleration": {
        "x": -0.04163593053817749,
        "y": 0.015684664249420166,
        "z": -10.570662498474121
      },
      "angular_velocity": {
        "x": 0.9838894009590149,
        "y": -1.1126010417938232,
        "z": 0.64089035987854
      },
      "orientation": {
        "w": -0.8906867504119873,
        "x": -0.10796819627285004,
        "y": 0.029270924627780914,
        "z": -0.44063952565193176
      }
    },
    "battery_percent": 100.0,
    "landed_state": "flying",
    "latency_ms": 3671.7924999975367
  },
  "files": {
    "rgb": "data\\maps\\sequence_normal_ops_001_preflight_20260101_220411\\frames\\1767323917776585200.png",
    "depth": "data\\maps\\sequence_normal_ops_001_preflight_20260101_220411\\frames\\1767323917776585200_depth.npy"
  }
}