{
  "frame_id": "1767323572166220000",
  "sequence": 3940,
  "timestamp": "2026-01-01T22:12:52.166220",
  "timestamp_ns": 1767323572166220000,
  "camera": {
    "name": "front_center",
    "resolution": [
      1280,
      720
    ],
    "fov_deg": 89.90362548828125,
    "intrinsics": {
      "fx": 641.077420021049,
      "fy": 641.077420021049,
      "cx": 640.0,
      "cy": 360.0
    },
    "pose": {
      "position": {
        "x": 141.05601501464844,
        "y": 96.72918701171875,
        "z": -30.527305603027344
      },
      "orientation": {
        "w": 0.4605267643928528,
        "x": -0.08975157886743546,
        "y": -0.04010865092277527,
        "z": -0.8821853995323181
      }
    }
  },
  "telemetry": {
    "sequence": 3941,
    "server_timestamp_ms": 1767323572372.5923,
    "airsim_timestamp_ns": 1767323572372592200,
    "pose": {
      "timestamp_ns": 1767323572371591200,
      "position": {
        "x": 141.17767333984375,
        "y": 96.8992919921875,
        "z": -30.43462562561035
      },
      "orientation": {
        "w": 0.46227550506591797,
        "x": -0.012374353595077991,
        "y": 0.0002691980917006731,
        "z": -0.8866499662399292
      },
      "linear_velocity": {
        "x": -2.6325061321258545,
        "y": -3.997157335281372,
        "z": -0.2669984996318817
      },
      "angular_velocity": {
        "x": -0.00386720709502697,
        "y": 0.036162350326776505,
        "z": 0.0013038566103205085
      }
    },
    "imu": {
      "timestamp_ns": 1767323570290173184,
      "linear_acceleration": {
        "x": -0.08392953872680664,
        "y": -0.021996423602104187,
        "z": -16.408313751220703
      },
      "angular_velocity": {
        "x": -0.00386720709502697,
        "y": 0.036162350326776505,
        "z": 0.0013038566103205085
      },
      "orientation": {
        "w": 0.46227893233299255,
        "x": -0.012279359623789787,
        "y": 0.00032918175566010177,
        "z": -0.8866495490074158
      }
    },
    "battery_percent": 100.0,
    "landed_state": "flying",
    "latency_ms": 203.46710000012536
  },
  "files": {
    "rgb": "data\\maps\\sequence_normal_ops_001_preflight_20260101_220411\\frames\\1767323572166220000.png",
    "depth": "data\\maps\\sequence_normal_ops_001_preflight_20260101_220411\\frames\\1767323572166220000_depth.npy"
  }
}