{
  "frame_id": "1767323189787504500",
  "sequence": 3930,
  "timestamp": "2026-01-01T22:06:29.787504",
  "timestamp_ns": 1767323189787504500,
  "camera": {
    "name": "front_center",
    "resolution": [
      1280,
      720
    ],
    "fov_deg": 89.90362548828125,
    "intrinsics": {
      "fx": 641.077420021049,
      "fy": 641.077420021049,
      "cx": 640.0,
      "cy": 360.0
    },
    "pose": {
      "position": {
        "x": 5.859655857086182,
        "y": 6.026285171508789,
        "z": -19.823549270629883
      },
      "orientation": {
        "w": 0.9110490679740906,
        "x": 0.04039592668414116,
        "y": -0.10119442641735077,
        "z": 0.39763984084129333
      }
    }
  },
  "telemetry": {
    "sequence": 3931,
    "server_timestamp_ms": 1767323189885.1045,
    "airsim_timestamp_ns": 1767323189885104300,
    "pose": {
      "timestamp_ns": 1767323189885104300,
      "position": {
        "x": 5.725543022155762,
        "y": 5.880077838897705,
        "z": -19.735780715942383
      },
      "orientation": {
        "w": 0.9169930815696716,
        "x": 0.0055741858668625355,
        "y": -0.021212683990597725,
        "z": 0.3982996344566345
      },
      "linear_velocity": {
        "x": 3.2739336490631104,
        "y": 3.299490213394165,
        "z": -0.10015733540058136
      },
      "angular_velocity": {
        "x": 0.005746633745729923,
        "y": 0.030864158645272255,
        "z": -0.24456974864006042
      }
    },
    "imu": {
      "timestamp_ns": 1767323188808035072,
      "linear_acceleration": {
        "x": -0.23320698738098145,
        "y": 0.01783086359500885,
        "z": -9.688411712646484
      },
      "angular_velocity": {
        "x": 0.005746633745729923,
        "y": 0.030864158645272255,
        "z": -0.24456974864006042
      },
      "orientation": {
        "w": 0.9169931411743164,
        "x": 0.005574186332523823,
        "y": -0.021212685853242874,
        "z": 0.3982996642589569
      }
    },
    "battery_percent": 100.0,
    "landed_state": "flying",
    "latency_ms": 98.00179999729153
  },
  "files": {
    "rgb": "data\\maps\\sequence_normal_ops_001_preflight_20260101_220411\\frames\\1767323189787504500.png",
    "depth": "data\\maps\\sequence_normal_ops_001_preflight_20260101_220411\\frames\\1767323189787504500_depth.npy"
  }
}