{
  "frame_id": "1767323848249515300",
  "sequence": 3948,
  "timestamp": "2026-01-01T22:17:28.249515",
  "timestamp_ns": 1767323848249515300,
  "camera": {
    "name": "front_center",
    "resolution": [
      1280,
      720
    ],
    "fov_deg": 89.90362548828125,
    "intrinsics": {
      "fx": 641.077420021049,
      "fy": 641.077420021049,
      "cx": 640.0,
      "cy": 360.0
    },
    "pose": {
      "position": {
        "x": 12.263357162475586,
        "y": 7.063508033752441,
        "z": -24.71704864501953
      },
      "orientation": {
        "w": 0.23077811300754547,
        "x": -0.08479633182287216,
        "y": -0.020866796374320984,
        "z": -0.9690797924995422
      }
    }
  },
  "telemetry": {
    "sequence": 3949,
    "server_timestamp_ms": 1767323850154.078,
    "airsim_timestamp_ns": 1767323850154077800,
    "pose": {
      "timestamp_ns": 1767323850154077800,
      "position": {
        "x": 12.486481666564941,
        "y": 7.1763458251953125,
        "z": -24.61713409423828
      },
      "orientation": {
        "w": 0.23171858489513397,
        "x": -1.2789227184839547e-05,
        "y": -0.0006737549556419253,
        "z": -0.9727826118469238
      },
      "linear_velocity": {
        "x": -0.010184797458350658,
        "y": 0.05561600252985954,
        "z": 2.6025078296661377
      },
      "angular_velocity": {
        "x": -0.008784654550254345,
        "y": 0.002276065992191434,
        "z": 0.000467692589154467
      }
    },
    "imu": {
      "timestamp_ns": 1767323847547087872,
      "linear_acceleration": {
        "x": 0.021082965657114983,
        "y": -0.0050511956214904785,
        "z": -2.0056424140930176
      },
      "angular_velocity": {
        "x": -0.008650318719446659,
        "y": 0.002229546895250678,
        "z": 0.0004620669351425022
      },
      "orientation": {
        "w": 0.23171928524971008,
        "x": -1.2534086636151187e-05,
        "y": -0.0006602465873584151,
        "z": -0.9727824926376343
      }
    },
    "battery_percent": 100.0,
    "landed_state": "landed",
    "latency_ms": 1904.4130000038422
  },
  "files": {
    "rgb": "data\\maps\\sequence_normal_ops_001_preflight_20260101_220411\\frames\\1767323848249515300.png",
    "depth": "data\\maps\\sequence_normal_ops_001_preflight_20260101_220411\\frames\\1767323848249515300_depth.npy"
  }
}