{
  "frame_id": "1767323639287588900",
  "sequence": 3942,
  "timestamp": "2026-01-01T22:13:59.287588",
  "timestamp_ns": 1767323639287588900,
  "camera": {
    "name": "front_center",
    "resolution": [
      1280,
      720
    ],
    "fov_deg": 89.90362548828125,
    "intrinsics": {
      "fx": 641.077420021049,
      "fy": 641.077420021049,
      "cx": 640.0,
      "cy": 360.0
    },
    "pose": {
      "position": {
        "x": 123.40003967285156,
        "y": 79.32268524169922,
        "z": -29.083946228027344
      },
      "orientation": {
        "w": 0.8934611678123474,
        "x": -0.07970467209815979,
        "y": 0.09721613675355911,
        "z": 0.43118828535079956
      }
    }
  },
  "telemetry": {
    "sequence": 3943,
    "server_timestamp_ms": 1767323640136.4038,
    "airsim_timestamp_ns": 1767323640136403800,
    "pose": {
      "timestamp_ns": 1767323640136403800,
      "position": {
        "x": 123.2755126953125,
        "y": 79.18202209472656,
        "z": -28.891056060791016
      },
      "orientation": {
        "w": 0.881588339805603,
        "x": -0.11698190867900848,
        "y": 0.17471647262573242,
        "z": 0.42260077595710754
      },
      "linear_velocity": {
        "x": 1.7439454793930054,
        "y": 1.9484450817108154,
        "z": -0.6914756894111633
      },
      "angular_velocity": {
        "x": -0.17804645001888275,
        "y": -0.15632127225399017,
        "z": 0.0006847638287581503
      }
    },
    "imu": {
      "timestamp_ns": 1767323637818613760,
      "linear_acceleration": {
        "x": -0.09863555431365967,
        "y": 0.024426452815532684,
        "z": -7.402544975280762
      },
      "angular_velocity": {
        "x": -0.17710314691066742,
        "y": -0.1588386446237564,
        "z": 0.0006684624240733683
      },
      "orientation": {
        "w": -0.8816144466400146,
        "x": 0.11739467829465866,
        "y": -0.173762246966362,
        "z": -0.42282524704933167
      }
    },
    "battery_percent": 100.0,
    "landed_state": "flying",
    "latency_ms": 766.7942000043695
  },
  "files": {
    "rgb": "data\\maps\\sequence_normal_ops_001_preflight_20260101_220411\\frames\\1767323639287588900.png",
    "depth": "data\\maps\\sequence_normal_ops_001_preflight_20260101_220411\\frames\\1767323639287588900_depth.npy"
  }
}