{
  "frame_id": "1767323384360970000",
  "sequence": 3936,
  "timestamp": "2026-01-01T22:09:44.360970",
  "timestamp_ns": 1767323384360970000,
  "camera": {
    "name": "0",
    "resolution": [
      256,
      144
    ],
    "fov_deg": 89.90362548828125,
    "intrinsics": {
      "fx": 128.2154840042098,
      "fy": 128.2154840042098,
      "cx": 128.0,
      "cy": 72.0
    },
    "pose": {
      "position": {
        "x": 170.0828857421875,
        "y": 148.3616943359375,
        "z": -28.662015914916992
      },
      "orientation": {
        "w": 0.9193506240844727,
        "x": 0.02373409830033779,
        "y": -0.05719495937228203,
        "z": 0.38853558897972107
      }
    }
  },
  "telemetry": {
    "sequence": 3937,
    "server_timestamp_ms": 1767323384645.908,
    "airsim_timestamp_ns": 1767323384645908000,
    "pose": {
      "timestamp_ns": 1767323384645908000,
      "position": {
        "x": 169.76478576660156,
        "y": 148.03431701660156,
        "z": -28.718875885009766
      },
      "orientation": {
        "w": 0.9193506240844727,
        "x": 0.02373409830033779,
        "y": -0.05719495937228203,
        "z": 0.38853558897972107
      },
      "linear_velocity": {
        "x": 2.9030282497406006,
        "y": 2.9968576431274414,
        "z": -0.3090915083885193
      },
      "angular_velocity": {
        "x": -0.00318462448194623,
        "y": 0.15543334186077118,
        "z": -0.00107333913911134
      }
    },
    "imu": {
      "timestamp_ns": 1767323383080179456,
      "linear_acceleration": {
        "x": -0.1911059021949768,
        "y": 0.014441385865211487,
        "z": -9.352872848510742
      },
      "angular_velocity": {
        "x": -0.00318462448194623,
        "y": 0.15543334186077118,
        "z": -0.00107333913911134
      },
      "orientation": {
        "w": -0.9193925857543945,
        "x": -0.02344752475619316,
        "y": 0.05655311793088913,
        "z": -0.3885475993156433
      }
    },
    "battery_percent": 100.0,
    "landed_state": "flying",
    "latency_ms": 282.5338000038755
  },
  "files": {
    "rgb": "data\\maps\\sequence_normal_ops_001_preflight_20260101_220411\\frames\\1767323384360970000.png",
    "depth": "data\\maps\\sequence_normal_ops_001_preflight_20260101_220411\\frames\\1767323384360970000_depth.npy"
  }
}