{
  "frame_id": "1767323774080464500",
  "sequence": 3946,
  "timestamp": "2026-01-01T22:16:14.080464",
  "timestamp_ns": 1767323774080464500,
  "camera": {
    "name": "front_center",
    "resolution": [
      1280,
      720
    ],
    "fov_deg": 89.90362548828125,
    "intrinsics": {
      "fx": 641.077420021049,
      "fy": 641.077420021049,
      "cx": 640.0,
      "cy": 360.0
    },
    "pose": {
      "position": {
        "x": -36.34186935424805,
        "y": -28.283340454101562,
        "z": -24.270538330078125
      },
      "orientation": {
        "w": 0.4833410382270813,
        "x": -0.07616180926561356,
        "y": -0.04229321330785751,
        "z": -0.8710867166519165
      }
    }
  },
  "telemetry": {
    "sequence": 3947,
    "server_timestamp_ms": 1767323778163.9297,
    "airsim_timestamp_ns": 1767323778163929600,
    "pose": {
      "timestamp_ns": 1767323778163929600,
      "position": {
        "x": -36.2095832824707,
        "y": -28.071218490600586,
        "z": -24.17051887512207
      },
      "orientation": {
        "w": 0.4851878583431244,
        "x": 4.8223184421658516e-05,
        "y": -6.328914878395153e-06,
        "z": -0.8744099140167236
      },
      "linear_velocity": {
        "x": -0.013888913206756115,
        "y": -0.004031749442219734,
        "z": 2.6265103816986084
      },
      "angular_velocity": {
        "x": -0.00036492376239039004,
        "y": -0.00049635797040537,
        "z": -0.0008015065104700625
      }
    },
    "imu": {
      "timestamp_ns": 1767323775551552000,
      "linear_acceleration": {
        "x": 0.007134661078453064,
        "y": -0.020076092332601547,
        "z": -2.0063583850860596
      },
      "angular_velocity": {
        "x": -0.00036492376239039004,
        "y": -0.00049635797040537,
        "z": -0.0008015065104700625
      },
      "orientation": {
        "w": 0.4851846992969513,
        "x": 4.539010114967823e-05,
        "y": -5.976274678687332e-06,
        "z": -0.8744117617607117
      }
    },
    "battery_percent": 100.0,
    "landed_state": "landed",
    "latency_ms": 4082.3214999982156
  },
  "files": {
    "rgb": "data\\maps\\sequence_normal_ops_001_preflight_20260101_220411\\frames\\1767323774080464500.png",
    "depth": "data\\maps\\sequence_normal_ops_001_preflight_20260101_220411\\frames\\1767323774080464500_depth.npy"
  }
}