{
  "frame_id": "1767323703406776100",
  "sequence": 3944,
  "timestamp": "2026-01-01T22:15:03.406776",
  "timestamp_ns": 1767323703406776100,
  "camera": {
    "name": "front_center",
    "resolution": [
      1280,
      720
    ],
    "fov_deg": 89.90362548828125,
    "intrinsics": {
      "fx": 641.077420021049,
      "fy": 641.077420021049,
      "cx": 640.0,
      "cy": 360.0
    },
    "pose": {
      "position": {
        "x": 88.67179870605469,
        "y": 22.150400161743164,
        "z": -32.89784622192383
      },
      "orientation": {
        "w": 0.5608900785446167,
        "x": 0.10911209881305695,
        "y": 0.012581521645188332,
        "z": -0.8205720782279968
      }
    }
  },
  "telemetry": {
    "sequence": 3945,
    "server_timestamp_ms": 1767323706388.2063,
    "airsim_timestamp_ns": 1767323706388206400,
    "pose": {
      "timestamp_ns": 1767323706388206400,
      "position": {
        "x": 88.72779846191406,
        "y": 22.340118408203125,
        "z": -32.71516799926758
      },
      "orientation": {
        "w": 0.5576592087745667,
        "x": 0.18021446466445923,
        "y": 0.06141844019293785,
        "z": -0.8079398274421692
      },
      "linear_velocity": {
        "x": 0.48803678154945374,
        "y": 0.6771361231803894,
        "z": 1.2531346082687378
      },
      "angular_velocity": {
        "x": 0.011678185313940048,
        "y": 0.05048985779285431,
        "z": 1.3394731283187866
      }
    },
    "imu": {
      "timestamp_ns": 1767323703910023680,
      "linear_acceleration": {
        "x": 0.02327895164489746,
        "y": -0.03404545783996582,
        "z": -12.563692092895508
      },
      "angular_velocity": {
        "x": 0.011678185313940048,
        "y": 0.05048985779285431,
        "z": 1.3394731283187866
      },
      "orientation": {
        "w": -0.5608565807342529,
        "x": -0.18063127994537354,
        "y": -0.060767337679862976,
        "z": 0.8056795597076416
      }
    },
    "battery_percent": 100.0,
    "landed_state": "flying",
    "latency_ms": 2980.9198000002652
  },
  "files": {
    "rgb": "data\\maps\\sequence_normal_ops_001_preflight_20260101_220411\\frames\\1767323703406776100.png",
    "depth": "data\\maps\\sequence_normal_ops_001_preflight_20260101_220411\\frames\\1767323703406776100_depth.npy"
  }
}