{
  "frame_id": "1767323256881243100",
  "sequence": 3932,
  "timestamp": "2026-01-01T22:07:36.881243",
  "timestamp_ns": 1767323256881243100,
  "camera": {
    "name": "front_center",
    "resolution": [
      1280,
      720
    ],
    "fov_deg": 89.90362548828125,
    "intrinsics": {
      "fx": 641.077420021049,
      "fy": 641.077420021049,
      "cx": 640.0,
      "cy": 360.0
    },
    "pose": {
      "position": {
        "x": 106.47120666503906,
        "y": 107.70983123779297,
        "z": -25.849647521972656
      },
      "orientation": {
        "w": 0.9139129519462585,
        "x": -0.078680120408535,
        "y": 0.054423779249191284,
        "z": 0.39447516202926636
      }
    }
  },
  "telemetry": {
    "sequence": 3933,
    "server_timestamp_ms": 1767323259141.6763,
    "airsim_timestamp_ns": 1767323259141676400,
    "pose": {
      "timestamp_ns": 1767323259141676400,
      "position": {
        "x": 106.32025146484375,
        "y": 107.57328796386719,
        "z": -25.673383712768555
      },
      "orientation": {
        "w": 0.9056918621063232,
        "x": -0.112761490046978,
        "y": 0.13386943936347961,
        "z": 0.386116623878479
      },
      "linear_velocity": {
        "x": 1.1521612405776978,
        "y": 1.8527363538742065,
        "z": -0.8122528791427612
      },
      "angular_velocity": {
        "x": 0.2303280532360077,
        "y": -0.39729514718055725,
        "z": 0.006966858636587858
      }
    },
    "imu": {
      "timestamp_ns": 1767323257905509120,
      "linear_acceleration": {
        "x": -0.09286153316497803,
        "y": 0.0018367618322372437,
        "z": -7.156124114990234
      },
      "angular_velocity": {
        "x": 0.2104189246892929,
        "y": -0.39552637934684753,
        "z": 0.006909645162522793
      },
      "orientation": {
        "w": 0.9059204459190369,
        "x": -0.111672542989254,
        "y": 0.13305896520614624,
        "z": 0.38617709279060364
      }
    },
    "battery_percent": 100.0,
    "landed_state": "flying",
    "latency_ms": 2260.0134999956936
  },
  "files": {
    "rgb": "data\\maps\\sequence_normal_ops_001_preflight_20260101_220411\\frames\\1767323256881243100.png",
    "depth": "data\\maps\\sequence_normal_ops_001_preflight_20260101_220411\\frames\\1767323256881243100_depth.npy"
  }
}