{
  "frame_id": "1767323113138431500",
  "sequence": 3915,
  "timestamp": "2026-01-01T22:05:13.138431",
  "timestamp_ns": 1767323113138431500,
  "camera": {
    "name": "front_center",
    "resolution": [
      1280,
      720
    ],
    "fov_deg": 89.90362548828125,
    "intrinsics": {
      "fx": 641.077420021049,
      "fy": 641.077420021049,
      "cx": 640.0,
      "cy": 360.0
    },
    "pose": {
      "position": {
        "x": 61.463871002197266,
        "y": 35.56444549560547,
        "z": -25.793725967407227
      },
      "orientation": {
        "w": 0.05810312554240227,
        "x": 0.058102257549762726,
        "y": 0.21707038581371307,
        "z": 0.9726914167404175
      }
    }
  },
  "telemetry": {
    "sequence": 3916,
    "server_timestamp_ms": 1767323113624.9133,
    "airsim_timestamp_ns": 1767323113624913100,
    "pose": {
      "timestamp_ns": 1767323113624913100,
      "position": {
        "x": 61.70923614501953,
        "y": 35.59177017211914,
        "z": -25.686256408691406
      },
      "orientation": {
        "w": 0.03896309435367584,
        "x": -0.02689448371529579,
        "y": 0.2213083803653717,
        "z": 0.9740539789199829
      },
      "linear_velocity": {
        "x": 0.28796130418777466,
        "y": -2.076218605041504,
        "z": -1.7829625606536865
      },
      "angular_velocity": {
        "x": -0.3509708642959595,
        "y": -0.11353446543216705,
        "z": 2.342390298843384
      }
    },
    "imu": {
      "timestamp_ns": 1767323109738765312,
      "linear_acceleration": {
        "x": 0.030000552535057068,
        "y": 0.0039577484130859375,
        "z": -10.045394897460938
      },
      "angular_velocity": {
        "x": -0.3509708642959595,
        "y": -0.11353446543216705,
        "z": 2.342390298843384
      },
      "orientation": {
        "w": -0.025391658768057823,
        "x": 0.023183785378932953,
        "y": -0.21961256861686707,
        "z": -0.9749810695648193
      }
    },
    "battery_percent": 100.0,
    "landed_state": "flying",
    "latency_ms": 132.0992999972077
  },
  "files": {
    "rgb": "data\\maps\\sequence_normal_ops_001_preflight_20260101_220411\\frames\\1767323113138431500.png",
    "depth": "data\\maps\\sequence_normal_ops_001_preflight_20260101_220411\\frames\\1767323113138431500_depth.npy"
  }
}