{
  "frame_id": "1767323323261460600",
  "sequence": 3934,
  "timestamp": "2026-01-01T22:08:43.261460",
  "timestamp_ns": 1767323323261460600,
  "camera": {
    "name": "front_center",
    "resolution": [
      1280,
      720
    ],
    "fov_deg": 89.90362548828125,
    "intrinsics": {
      "fx": 641.077420021049,
      "fy": 641.077420021049,
      "cx": 640.0,
      "cy": 360.0
    },
    "pose": {
      "position": {
        "x": 95.83303833007812,
        "y": 98.43384552001953,
        "z": -28.386198043823242
      },
      "orientation": {
        "w": 0.9054833054542542,
        "x": 0.10032275319099426,
        "y": -0.24996724724769592,
        "z": 0.32795071601867676
      }
    }
  },
  "telemetry": {
    "sequence": 3935,
    "server_timestamp_ms": 1767323323361.5266,
    "airsim_timestamp_ns": 1767323323361526700,
    "pose": {
      "timestamp_ns": 1767323323361526700,
      "position": {
        "x": 95.62712860107422,
        "y": 98.26036834716797,
        "z": -28.383541107177734
      },
      "orientation": {
        "w": 0.9238237738609314,
        "x": 0.07135820388793945,
        "y": -0.1700979769229889,
        "z": 0.33544647693634033
      },
      "linear_velocity": {
        "x": 1.165560245513916,
        "y": 0.8783923983573914,
        "z": 0.3436393141746521
      },
      "angular_velocity": {
        "x": 0.0023234947584569454,
        "y": 0.04736010730266571,
        "z": 0.13108740746974945
      }
    },
    "imu": {
      "timestamp_ns": 1767323322022876928,
      "linear_acceleration": {
        "x": -0.052979469299316406,
        "y": 0.012988090515136719,
        "z": -16.09838104248047
      },
      "angular_velocity": {
        "x": 0.0023234947584569454,
        "y": 0.04736010730266571,
        "z": 0.13108740746974945
      },
      "orientation": {
        "w": 0.9237111210823059,
        "x": 0.07125747203826904,
        "y": -0.17001280188560486,
        "z": 0.3358209431171417
      }
    },
    "battery_percent": 100.0,
    "landed_state": "flying",
    "latency_ms": 98.17769999790471
  },
  "files": {
    "rgb": "data\\maps\\sequence_normal_ops_001_preflight_20260101_220411\\frames\\1767323323261460600.png",
    "depth": "data\\maps\\sequence_normal_ops_001_preflight_20260101_220411\\frames\\1767323323261460600_depth.npy"
  }
}