{
  "frame_id": "1767377785369591100",
  "sequence": 227,
  "timestamp": "2026-01-02T13:16:25.369591",
  "timestamp_ns": 1767377785369591100,
  "camera": {
    "name": "front_center",
    "resolution": [
      1280,
      720
    ],
    "fov_deg": 89.90362548828125,
    "intrinsics": {
      "fx": 641.077420021049,
      "fy": 641.077420021049,
      "cx": 640.0,
      "cy": 360.0
    },
    "pose": {
      "position": {
        "x": 16.18014144897461,
        "y": 11.230623245239258,
        "z": -20.456777572631836
      },
      "orientation": {
        "w": 0.9568256735801697,
        "x": -0.006189197767525911,
        "y": -0.06798200309276581,
        "z": 0.28253278136253357
      }
    }
  },
  "telemetry": {
    "sequence": 229,
    "server_timestamp_ms": 1767377785618.0322,
    "airsim_timestamp_ns": 1767377785618032100,
    "pose": {
      "timestamp_ns": 1767377785617513000,
      "position": {
        "x": 15.970996856689453,
        "y": 11.102935791015625,
        "z": -20.345178604125977
      },
      "orientation": {
        "w": 0.9591096639633179,
        "x": -0.030789999291300774,
        "y": 0.01566953957080841,
        "z": 0.2809182405471802
      },
      "linear_velocity": {
        "x": 0.6346409320831299,
        "y": -0.11192558705806732,
        "z": 0.0015174484578892589
      },
      "angular_velocity": {
        "x": 0.0617000050842762,
        "y": 0.04239523410797119,
        "z": -6.0635713452938944e-05
      }
    },
    "imu": {
      "timestamp_ns": 1767377781813607936,
      "linear_acceleration": {
        "x": -0.05726554989814758,
        "y": 0.02798156812787056,
        "z": -9.832134246826172
      },
      "angular_velocity": {
        "x": 0.0617000050842762,
        "y": 0.04239523410797119,
        "z": -6.0635713452938944e-05
      },
      "orientation": {
        "w": 0.9591187834739685,
        "x": -0.030438711866736412,
        "y": 0.016107603907585144,
        "z": 0.2809006869792938
      }
    },
    "battery_percent": 90.18138726560566,
    "landed_state": "flying",
    "latency_ms": 243.96080000042275
  },
  "files": {
    "rgb": "data\\maps\\sequence_normal_ops_001_preflight_20260102_131535\\frames\\1767377785369591100.png",
    "depth": "data\\maps\\sequence_normal_ops_001_preflight_20260102_131535\\frames\\1767377785369591100_depth.npy"
  }
}