{
  "frame_id": "1767406222552955100",
  "sequence": 2023,
  "timestamp": "2026-01-02T21:10:22.552955",
  "timestamp_ns": 1767406222552955100,
  "camera": {
    "name": "front_center",
    "resolution": [
      1920,
      1080
    ],
    "fov_deg": 89.90362548828125,
    "intrinsics": {
      "fx": 961.6161300315734,
      "fy": 961.6161300315734,
      "cx": 960.0,
      "cy": 540.0
    },
    "pose": {
      "position": {
        "x": 35.923622131347656,
        "y": 31.86821937561035,
        "z": -21.049213409423828
      },
      "orientation": {
        "w": 0.9122884273529053,
        "x": -0.025699248537421227,
        "y": 0.03448522090911865,
        "z": 0.40728384256362915
      }
    }
  },
  "telemetry": {
    "sequence": 2024,
    "server_timestamp_ms": 1767406222775.7915,
    "airsim_timestamp_ns": 1767406222775791300,
    "pose": {
      "timestamp_ns": 1767406222775791300,
      "position": {
        "x": 35.67133712768555,
        "y": 31.59916877746582,
        "z": -20.59758949279785
      },
      "orientation": {
        "w": 0.8999824523925781,
        "x": -0.07864059507846832,
        "y": 0.1532677263021469,
        "z": 0.40044504404067993
      },
      "linear_velocity": {
        "x": 1.678879737854004,
        "y": 1.594551682472229,
        "z": -0.5333150029182434
      },
      "angular_velocity": {
        "x": -0.1490849107503891,
        "y": -0.0421937070786953,
        "z": 0.0038867543917149305
      }
    },
    "imu": {
      "timestamp_ns": 1767406222774613700,
      "linear_acceleration": {
        "x": -0.13692069053649902,
        "y": 0.058661580085754395,
        "z": -8.481269836425781
      },
      "angular_velocity": {
        "x": -0.1490849107503891,
        "y": -0.0421937070786953,
        "z": 0.0038867543917149305
      },
      "orientation": {
        "w": 0.8997958898544312,
        "x": -0.08087129145860672,
        "y": 0.15188290178775787,
        "z": 0.4009472727775574
      }
    },
    "battery_percent": 91.23378348978194,
    "landed_state": "flying",
    "latency_ms": 222.10959999938495
  },
  "files": {
    "rgb": "data\\maps\\sequence_normal_ops_001_preflight_20260102_210945\\frames\\1767406222552955100.png",
    "depth": "data\\maps\\sequence_normal_ops_001_preflight_20260102_210945\\frames\\1767406222552955100_depth.npy"
  }
}