{
  "frame_id": "1767406233466971400",
  "sequence": 2883,
  "timestamp": "2026-01-02T21:10:33.466971",
  "timestamp_ns": 1767406233466971400,
  "camera": {
    "name": "front_center",
    "resolution": [
      1920,
      1080
    ],
    "fov_deg": 89.90362548828125,
    "intrinsics": {
      "fx": 961.6161300315734,
      "fy": 961.6161300315734,
      "cx": 960.0,
      "cy": 540.0
    },
    "pose": {
      "position": {
        "x": 55.32674026489258,
        "y": 52.457611083984375,
        "z": -21.117488861083984
      },
      "orientation": {
        "w": 0.9131165146827698,
        "x": -0.023403501138091087,
        "y": 0.032845254987478256,
        "z": 0.40569907426834106
      }
    }
  },
  "telemetry": {
    "sequence": 2884,
    "server_timestamp_ms": 1767406233697.9307,
    "airsim_timestamp_ns": 1767406233697930400,
    "pose": {
      "timestamp_ns": 1767406233697930400,
      "position": {
        "x": 55.07290267944336,
        "y": 52.18701934814453,
        "z": -20.66765594482422
      },
      "orientation": {
        "w": 0.9010174870491028,
        "x": -0.07615763694047928,
        "y": 0.1517498791217804,
        "z": 0.3991734981536865
      },
      "linear_velocity": {
        "x": 1.6666594743728638,
        "y": 1.527738094329834,
        "z": -0.5023959875106812
      },
      "angular_velocity": {
        "x": -0.14291168749332428,
        "y": -0.047197356820106506,
        "z": 0.0043359179981052876
      }
    },
    "imu": {
      "timestamp_ns": 1767406233695404700,
      "linear_acceleration": {
        "x": -0.13395798206329346,
        "y": 0.05932195484638214,
        "z": -8.503327369689941
      },
      "angular_velocity": {
        "x": -0.14291168749332428,
        "y": -0.047197356820106506,
        "z": 0.0043359179981052876
      },
      "orientation": {
        "w": 0.9008604288101196,
        "x": -0.07823703438043594,
        "y": 0.1503123939037323,
        "z": 0.39966946840286255
      }
    },
    "battery_percent": 88.4694130439455,
    "landed_state": "flying",
    "latency_ms": 229.85830000106944
  },
  "files": {
    "rgb": "data\\maps\\sequence_normal_ops_001_preflight_20260102_210945\\frames\\1767406233466971400.png",
    "depth": "data\\maps\\sequence_normal_ops_001_preflight_20260102_210945\\frames\\1767406233466971400_depth.npy"
  }
}