{
  "frame_id": "1767406228115805400",
  "sequence": 2447,
  "timestamp": "2026-01-02T21:10:28.115805",
  "timestamp_ns": 1767406228115805400,
  "camera": {
    "name": "front_center",
    "resolution": [
      1920,
      1080
    ],
    "fov_deg": 89.90362548828125,
    "intrinsics": {
      "fx": 961.6161300315734,
      "fy": 961.6161300315734,
      "cx": 960.0,
      "cy": 540.0
    },
    "pose": {
      "position": {
        "x": 45.681251525878906,
        "y": 42.21476745605469,
        "z": -21.119539260864258
      },
      "orientation": {
        "w": 0.9119243621826172,
        "x": -0.024731246754527092,
        "y": 0.03233968839049339,
        "z": 0.40833377838134766
      }
    }
  },
  "telemetry": {
    "sequence": 2448,
    "server_timestamp_ms": 1767406228350.709,
    "airsim_timestamp_ns": 1767406228350709000,
    "pose": {
      "timestamp_ns": 1767406228350709000,
      "position": {
        "x": 45.42820358276367,
        "y": 41.943538665771484,
        "z": -20.669647216796875
      },
      "orientation": {
        "w": 0.8999015688896179,
        "x": -0.07781792432069778,
        "y": 0.1510930359363556,
        "z": 0.40161237120628357
      },
      "linear_velocity": {
        "x": 1.6240711212158203,
        "y": 1.4839590787887573,
        "z": -0.46337583661079407
      },
      "angular_velocity": {
        "x": -0.1439935266971588,
        "y": -0.07037055492401123,
        "z": 0.003837696509435773
      }
    },
    "imu": {
      "timestamp_ns": 1767406228349653800,
      "linear_acceleration": {
        "x": -0.1297086477279663,
        "y": 0.06026265025138855,
        "z": -8.444680213928223
      },
      "angular_velocity": {
        "x": -0.1439935266971588,
        "y": -0.07037055492401123,
        "z": 0.003837696509435773
      },
      "orientation": {
        "w": 0.8998095989227295,
        "x": -0.07975102216005325,
        "y": 0.14921334385871887,
        "z": 0.4021416902542114
      }
    },
    "battery_percent": 89.82728197186565,
    "landed_state": "flying",
    "latency_ms": 234.94170000049053
  },
  "files": {
    "rgb": "data\\maps\\sequence_normal_ops_001_preflight_20260102_210945\\frames\\1767406228115805400.png",
    "depth": "data\\maps\\sequence_normal_ops_001_preflight_20260102_210945\\frames\\1767406228115805400_depth.npy"
  }
}