{
  "frame_id": "1767406217200465400",
  "sequence": 1616,
  "timestamp": "2026-01-02T21:10:17.200465",
  "timestamp_ns": 1767406217200465400,
  "camera": {
    "name": "front_center",
    "resolution": [
      1920,
      1080
    ],
    "fov_deg": 89.90362548828125,
    "intrinsics": {
      "fx": 961.6161300315734,
      "fy": 961.6161300315734,
      "cx": 960.0,
      "cy": 540.0
    },
    "pose": {
      "position": {
        "x": 26.400468826293945,
        "y": 21.656309127807617,
        "z": -20.260730743408203
      },
      "orientation": {
        "w": 0.9164807796478271,
        "x": -0.02959349751472473,
        "y": 0.029906142503023148,
        "z": 0.3978602886199951
      }
    }
  },
  "telemetry": {
    "sequence": 1617,
    "server_timestamp_ms": 1767406217447.4553,
    "airsim_timestamp_ns": 1767406217447455500,
    "pose": {
      "timestamp_ns": 1767406217447455500,
      "position": {
        "x": 26.13730239868164,
        "y": 21.39415740966797,
        "z": -19.81126594543457
      },
      "orientation": {
        "w": 0.9047366380691528,
        "x": -0.08127150684595108,
        "y": 0.1492750346660614,
        "z": 0.3905937969684601
      },
      "linear_velocity": {
        "x": 1.5630767345428467,
        "y": 1.4744222164154053,
        "z": -0.4273569583892822
      },
      "angular_velocity": {
        "x": -0.15523475408554077,
        "y": -0.08835611492395401,
        "z": 0.001976946135982871
      }
    },
    "imu": {
      "timestamp_ns": 1767406217447299900,
      "linear_acceleration": {
        "x": -0.1303647756576538,
        "y": 0.05490344762802124,
        "z": -8.419801712036133
      },
      "angular_velocity": {
        "x": -0.15480312705039978,
        "y": -0.09072266519069672,
        "z": 0.0019492722349241376
      },
      "orientation": {
        "w": 0.9046904444694519,
        "x": -0.0832904502749443,
        "y": 0.14694496989250183,
        "z": 0.39115872979164124
      }
    },
    "battery_percent": 92.58724685020357,
    "landed_state": "flying",
    "latency_ms": 247.20930000330554
  },
  "files": {
    "rgb": "data\\maps\\sequence_normal_ops_001_preflight_20260102_210945\\frames\\1767406217200465400.png",
    "depth": "data\\maps\\sequence_normal_ops_001_preflight_20260102_210945\\frames\\1767406217200465400_depth.npy"
  }
}