{
  "frame_id": "1767406198310452900",
  "sequence": 1015,
  "timestamp": "2026-01-02T21:09:58.310452",
  "timestamp_ns": 1767406198310452900,
  "camera": {
    "name": "front_center",
    "resolution": [
      1920,
      1080
    ],
    "fov_deg": 89.90362548828125,
    "intrinsics": {
      "fx": 961.6161300315734,
      "fy": 961.6161300315734,
      "cx": 960.0,
      "cy": 540.0
    },
    "pose": {
      "position": {
        "x": 5.989370346069336,
        "y": 0.8360252380371094,
        "z": -20.349754333496094
      },
      "orientation": {
        "w": 0.7100142240524292,
        "x": -0.0151645727455616,
        "y": 0.01366629358381033,
        "z": 0.703891396522522
      }
    }
  },
  "telemetry": {
    "sequence": 1017,
    "server_timestamp_ms": 1767406198510.5725,
    "airsim_timestamp_ns": 1767406198510572500,
    "pose": {
      "timestamp_ns": 1767406198510572500,
      "position": {
        "x": 5.985029697418213,
        "y": 0.4481517970561981,
        "z": -19.914398193359375
      },
      "orientation": {
        "w": 0.702156126499176,
        "x": -0.10691110044717789,
        "y": 0.10622482746839523,
        "z": 0.6958901286125183
      },
      "linear_velocity": {
        "x": 0.034479089081287384,
        "y": 3.038093328475952,
        "z": -0.7111346125602722
      },
      "angular_velocity": {
        "x": 0.01417828630656004,
        "y": 0.3573535084724426,
        "z": 0.000456148263765499
      }
    },
    "imu": {
      "timestamp_ns": 1767406198506024500,
      "linear_acceleration": {
        "x": -0.0517578125,
        "y": 0.027920007705688477,
        "z": -11.040328979492188
      },
      "angular_velocity": {
        "x": 0.01417828630656004,
        "y": 0.3573535084724426,
        "z": 0.000456148263765499
      },
      "orientation": {
        "w": 0.7019143104553223,
        "x": -0.10846902430057526,
        "y": 0.10792439430952072,
        "z": 0.6956313848495483
      }
    },
    "battery_percent": 96.93609036428612,
    "landed_state": "flying",
    "latency_ms": 199.45949999964796
  },
  "files": {
    "rgb": "data\\maps\\sequence_normal_ops_001_preflight_20260102_210945\\frames\\1767406198310452900.png",
    "depth": "data\\maps\\sequence_normal_ops_001_preflight_20260102_210945\\frames\\1767406198310452900_depth.npy"
  }
}