{
  "frame_id": "1767406210193676700",
  "sequence": 1196,
  "timestamp": "2026-01-02T21:10:10.193676",
  "timestamp_ns": 1767406210193676700,
  "camera": {
    "name": "front_center",
    "resolution": [
      1920,
      1080
    ],
    "fov_deg": 89.90362548828125,
    "intrinsics": {
      "fx": 961.6161300315734,
      "fy": 961.6161300315734,
      "cx": 960.0,
      "cy": 540.0
    },
    "pose": {
      "position": {
        "x": 16.072750091552734,
        "y": 11.02486515045166,
        "z": -20.63553810119629
      },
      "orientation": {
        "w": 0.8688589334487915,
        "x": 0.05694746598601341,
        "y": -0.11353259533643723,
        "z": 0.4784887731075287
      }
    }
  },
  "telemetry": {
    "sequence": 1197,
    "server_timestamp_ms": 1767406210447.0818,
    "airsim_timestamp_ns": 1767406210447081700,
    "pose": {
      "timestamp_ns": 1767406210447081700,
      "position": {
        "x": 15.801605224609375,
        "y": 10.621583938598633,
        "z": -20.249908447265625
      },
      "orientation": {
        "w": 0.8762584328651428,
        "x": -0.004543161951005459,
        "y": 0.0006172864232212305,
        "z": 0.48181965947151184
      },
      "linear_velocity": {
        "x": -0.0493597537279129,
        "y": 0.3691253960132599,
        "z": 2.148864269256592
      },
      "angular_velocity": {
        "x": 0.04963742941617966,
        "y": -0.035928305238485336,
        "z": -0.0006165537051856518
      }
    },
    "imu": {
      "timestamp_ns": 1767406210446514900,
      "linear_acceleration": {
        "x": -0.030202355235815048,
        "y": 0.052371591329574585,
        "z": -1.7004977464675903
      },
      "angular_velocity": {
        "x": 0.04963742941617966,
        "y": -0.035928305238485336,
        "z": -0.0006165537051856518
      },
      "orientation": {
        "w": 0.8762592673301697,
        "x": -0.004451306536793709,
        "y": 0.0006056647398509085,
        "z": 0.4818190336227417
      }
    },
    "battery_percent": 94.29300234568777,
    "landed_state": "flying",
    "latency_ms": 251.15180000284454
  },
  "files": {
    "rgb": "data\\maps\\sequence_normal_ops_001_preflight_20260102_210945\\frames\\1767406210193676700.png",
    "depth": "data\\maps\\sequence_normal_ops_001_preflight_20260102_210945\\frames\\1767406210193676700_depth.npy"
  }
}