{
  "frame_id": "1767406239017806800",
  "sequence": 3332,
  "timestamp": "2026-01-02T21:10:39.017806",
  "timestamp_ns": 1767406239017806800,
  "camera": {
    "name": "front_center",
    "resolution": [
      1920,
      1080
    ],
    "fov_deg": 89.90362548828125,
    "intrinsics": {
      "fx": 961.6161300315734,
      "fy": 961.6161300315734,
      "cx": 960.0,
      "cy": 540.0
    },
    "pose": {
      "position": {
        "x": 65.00250244140625,
        "y": 62.745330810546875,
        "z": -21.141216278076172
      },
      "orientation": {
        "w": 0.9116143584251404,
        "x": -0.024485129863023758,
        "y": 0.0330902636051178,
        "z": 0.4089801609516144
      }
    }
  },
  "telemetry": {
    "sequence": 3333,
    "server_timestamp_ms": 1767406239244.6558,
    "airsim_timestamp_ns": 1767406239244655900,
    "pose": {
      "timestamp_ns": 1767406239244655900,
      "position": {
        "x": 64.75055694580078,
        "y": 62.47381591796875,
        "z": -20.69087791442871
      },
      "orientation": {
        "w": 0.8994962573051453,
        "x": -0.0776582807302475,
        "y": 0.15179672837257385,
        "z": 0.4022853374481201
      },
      "linear_velocity": {
        "x": 1.6610777378082275,
        "y": 1.5240004062652588,
        "z": -0.4995255470275879
      },
      "angular_velocity": {
        "x": -0.14040759205818176,
        "y": -0.04789859056472778,
        "z": 0.003837952855974436
      }
    },
    "imu": {
      "timestamp_ns": 1767406239242415300,
      "linear_acceleration": {
        "x": -0.13242614269256592,
        "y": 0.06046375632286072,
        "z": -8.502291679382324
      },
      "angular_velocity": {
        "x": -0.14040759205818176,
        "y": -0.04789859056472778,
        "z": 0.003837952855974436
      },
      "orientation": {
        "w": 0.8993439078330994,
        "x": -0.07968751341104507,
        "y": 0.15036533772945404,
        "z": 0.4027663469314575
      }
    },
    "battery_percent": 87.069962586376,
    "landed_state": "flying",
    "latency_ms": 226.91549999581184
  },
  "files": {
    "rgb": "data\\maps\\sequence_normal_ops_001_preflight_20260102_210945\\frames\\1767406239017806800.png",
    "depth": "data\\maps\\sequence_normal_ops_001_preflight_20260102_210945\\frames\\1767406239017806800_depth.npy"
  }
}