{
  "frame_id": "1767406344856869300",
  "sequence": 10733,
  "timestamp": "2026-01-02T21:12:24.856869",
  "timestamp_ns": 1767406344856869300,
  "camera": {
    "name": "front_center",
    "resolution": [
      1920,
      1080
    ],
    "fov_deg": 89.90362548828125,
    "intrinsics": {
      "fx": 961.6161300315734,
      "fy": 961.6161300315734,
      "cx": 960.0,
      "cy": 540.0
    },
    "pose": {
      "position": {
        "x": 92.7913818359375,
        "y": 90.98246765136719,
        "z": -20.402141571044922
      },
      "orientation": {
        "w": 0.6519051790237427,
        "x": -0.034555453807115555,
        "y": -0.02043306827545166,
        "z": -0.7572370767593384
      }
    }
  },
  "telemetry": {
    "sequence": 10734,
    "server_timestamp_ms": 1767406345122.9077,
    "airsim_timestamp_ns": 1767406345122907600,
    "pose": {
      "timestamp_ns": 1767406345122907600,
      "position": {
        "x": 92.86199951171875,
        "y": 91.41392517089844,
        "z": -20.016315460205078
      },
      "orientation": {
        "w": 0.6489951014518738,
        "x": 0.06457944959402084,
        "y": 0.06483244150876999,
        "z": -0.7552692294120789
      },
      "linear_velocity": {
        "x": -0.23097555339336395,
        "y": -1.2314883470535278,
        "z": -0.29639479517936707
      },
      "angular_velocity": {
        "x": -0.018467189744114876,
        "y": -0.20378093421459198,
        "z": -0.000871506636030972
      }
    },
    "imu": {
      "timestamp_ns": 1767406345122603600,
      "linear_acceleration": {
        "x": -0.00904315710067749,
        "y": -0.08199244737625122,
        "z": -8.68010139465332
      },
      "angular_velocity": {
        "x": -0.0182423647493124,
        "y": -0.2037590891122818,
        "z": -0.0008621392771601677
      },
      "orientation": {
        "w": 0.6490156650543213,
        "x": 0.06433159857988358,
        "y": 0.06465562433004379,
        "z": -0.7552878856658936
      }
    },
    "battery_percent": 58.672559495369654,
    "landed_state": "flying",
    "latency_ms": 265.2703999992809
  },
  "files": {
    "rgb": "data\\maps\\sequence_normal_ops_001_preflight_20260102_210945\\frames\\1767406344856869300.png",
    "depth": "data\\maps\\sequence_normal_ops_001_preflight_20260102_210945\\frames\\1767406344856869300_depth.npy"
  }
}