{
  "frame_id": "1767409269910049600",
  "sequence": 3800,
  "timestamp": "2026-01-02T22:01:09.910049",
  "timestamp_ns": 1767409269910049600,
  "camera": {
    "name": "front_center",
    "resolution": [
      1920,
      1080
    ],
    "fov_deg": 89.90362548828125,
    "intrinsics": {
      "fx": 961.6161300315734,
      "fy": 961.6161300315734,
      "cx": 960.0,
      "cy": 540.0
    },
    "pose": {
      "position": {
        "x": 29.057056427001953,
        "y": 29.930025100708008,
        "z": -21.148845672607422
      },
      "orientation": {
        "w": 0.2611202895641327,
        "x": 0.024507302790880203,
        "y": 0.05098821595311165,
        "z": -0.9636471271514893
      }
    }
  },
  "telemetry": {
    "sequence": 3802,
    "server_timestamp_ms": 1767409270111.7703,
    "airsim_timestamp_ns": 1767409270111770100,
    "pose": {
      "timestamp_ns": 1767409270111770100,
      "position": {
        "x": 29.397977828979492,
        "y": 30.0864315032959,
        "z": -20.702404022216797
      },
      "orientation": {
        "w": 0.25223106145858765,
        "x": 0.15007883310317993,
        "y": 0.08463504165410995,
        "z": -0.952204167842865
      },
      "linear_velocity": {
        "x": -1.4808732271194458,
        "y": -1.0310441255569458,
        "z": -0.27332010865211487
      },
      "angular_velocity": {
        "x": -0.11015954613685608,
        "y": -0.07019514590501785,
        "z": -0.003536998061463237
      }
    },
    "imu": {
      "timestamp_ns": 1767409270107265700,
      "linear_acceleration": {
        "x": -0.0019273757934570312,
        "y": -0.006803750991821289,
        "z": -8.689885139465332
      },
      "angular_velocity": {
        "x": -0.11015954613685608,
        "y": -0.07019514590501785,
        "z": -0.003536998061463237
      },
      "orientation": {
        "w": 0.25231698155403137,
        "x": 0.1496601402759552,
        "y": 0.08504003286361694,
        "z": -0.9522112607955933
      }
    },
    "battery_percent": 85.12610826519834,
    "landed_state": "flying",
    "latency_ms": 201.47399999405025
  },
  "files": {
    "rgb": "data\\maps\\sequence_normal_ops_001_preflight_20260102_220008\\frames\\1767409269910049600.png",
    "depth": "data\\maps\\sequence_normal_ops_001_preflight_20260102_220008\\frames\\1767409269910049600_depth.npy"
  }
}