{
  "frame_id": "1767409216932797300",
  "sequence": 375,
  "timestamp": "2026-01-02T22:00:16.932797",
  "timestamp_ns": 1767409216932797300,
  "camera": {
    "name": "front_center",
    "resolution": [
      1920,
      1080
    ],
    "fov_deg": 89.90362548828125,
    "intrinsics": {
      "fx": 961.6161300315734,
      "fy": 961.6161300315734,
      "cx": 960.0,
      "cy": 540.0
    },
    "pose": {
      "position": {
        "x": -0.7321867346763611,
        "y": 0.01888861134648323,
        "z": -20.802095413208008
      },
      "orientation": {
        "w": 0.013438364490866661,
        "x": 0.03874858841300011,
        "y": 0.0010218624956905842,
        "z": 0.9991580843925476
      }
    }
  },
  "telemetry": {
    "sequence": 376,
    "server_timestamp_ms": 1767409217033.281,
    "airsim_timestamp_ns": 1767409217033280900,
    "pose": {
      "timestamp_ns": 1767409217033280900,
      "position": {
        "x": -0.2957630455493927,
        "y": 0.00839151069521904,
        "z": -20.41554069519043
      },
      "orientation": {
        "w": 0.013190017081797123,
        "x": -0.09199921041727066,
        "y": 0.0027671786956489086,
        "z": 0.9956678748130798
      },
      "linear_velocity": {
        "x": -1.3895654678344727,
        "y": 0.06805466115474701,
        "z": -2.1444520950317383
      },
      "angular_velocity": {
        "x": 0.01459572184830904,
        "y": 0.2632642388343811,
        "z": 6.99299416737631e-05
      }
    },
    "imu": {
      "timestamp_ns": 1767409217031967600,
      "linear_acceleration": {
        "x": 0.003642857074737549,
        "y": -0.00018701329827308655,
        "z": -4.2864227294921875
      },
      "angular_velocity": {
        "x": 0.01459572184830904,
        "y": 0.2632642388343811,
        "z": 6.99299416737631e-05
      },
      "orientation": {
        "w": -0.01319166086614132,
        "x": 0.09280410408973694,
        "y": -0.0028222925029695034,
        "z": -0.9955930113792419
      }
    },
    "battery_percent": 98.04701038758412,
    "landed_state": "flying",
    "latency_ms": 100.07329999643844
  },
  "files": {
    "rgb": "data\\maps\\sequence_normal_ops_001_preflight_20260102_220008\\frames\\1767409216932797300.png",
    "depth": "data\\maps\\sequence_normal_ops_001_preflight_20260102_220008\\frames\\1767409216932797300_depth.npy"
  }
}