{
  "frame_id": "1767409283866823600",
  "sequence": 4853,
  "timestamp": "2026-01-02T22:01:23.866823",
  "timestamp_ns": 1767409283866823600,
  "camera": {
    "name": "front_center",
    "resolution": [
      1920,
      1080
    ],
    "fov_deg": 89.90362548828125,
    "intrinsics": {
      "fx": 961.6161300315734,
      "fy": 961.6161300315734,
      "cx": 960.0,
      "cy": 540.0
    },
    "pose": {
      "position": {
        "x": 51.71210861206055,
        "y": 52.310546875,
        "z": -21.094589233398438
      },
      "orientation": {
        "w": 0.91610187292099,
        "x": -0.018671898171305656,
        "y": 0.034754715859889984,
        "z": 0.39899975061416626
      }
    }
  },
  "telemetry": {
    "sequence": 4855,
    "server_timestamp_ms": 1767409284061.4248,
    "airsim_timestamp_ns": 1767409284061424600,
    "pose": {
      "timestamp_ns": 1767409284061424600,
      "position": {
        "x": 51.52122116088867,
        "y": 52.10011672973633,
        "z": -20.667919158935547
      },
      "orientation": {
        "w": 0.9032274484634399,
        "x": -0.07310308516025543,
        "y": 0.15523897111415863,
        "z": 0.39336615800857544
      },
      "linear_velocity": {
        "x": 1.8962669372558594,
        "y": 1.753126859664917,
        "z": -0.674487829208374
      },
      "angular_velocity": {
        "x": -0.12317996472120285,
        "y": 0.09061084687709808,
        "z": 0.005119164939969778
      }
    },
    "imu": {
      "timestamp_ns": 1767409284057350700,
      "linear_acceleration": {
        "x": -0.09849035739898682,
        "y": 0.02272135019302368,
        "z": -9.012147903442383
      },
      "angular_velocity": {
        "x": -0.12317996472120285,
        "y": 0.09061084687709808,
        "z": 0.005119164939969778
      },
      "orientation": {
        "w": -0.9031891226768494,
        "x": 0.07332374155521393,
        "y": -0.15529391169548035,
        "z": -0.39339151978492737
      }
    },
    "battery_percent": 81.71990152430651,
    "landed_state": "flying",
    "latency_ms": 194.9843999973382
  },
  "files": {
    "rgb": "data\\maps\\sequence_normal_ops_001_preflight_20260102_220008\\frames\\1767409283866823600.png",
    "depth": "data\\maps\\sequence_normal_ops_001_preflight_20260102_220008\\frames\\1767409283866823600_depth.npy"
  }
}