{
  "frame_id": "1767409224938441600",
  "sequence": 570,
  "timestamp": "2026-01-02T22:00:24.938441",
  "timestamp_ns": 1767409224938441600,
  "camera": {
    "name": "front_center",
    "resolution": [
      1920,
      1080
    ],
    "fov_deg": 89.90362548828125,
    "intrinsics": {
      "fx": 961.6161300315734,
      "fy": 961.6161300315734,
      "cx": 960.0,
      "cy": 540.0
    },
    "pose": {
      "position": {
        "x": 11.403058052062988,
        "y": 11.366827964782715,
        "z": -21.180702209472656
      },
      "orientation": {
        "w": 0.9297071695327759,
        "x": -0.03604154661297798,
        "y": 0.03140399232506752,
        "z": 0.3651839792728424
      }
    }
  },
  "telemetry": {
    "sequence": 571,
    "server_timestamp_ms": 1767409225030.0615,
    "airsim_timestamp_ns": 1767409225030061500,
    "pose": {
      "timestamp_ns": 1767409225030061500,
      "position": {
        "x": 11.144336700439453,
        "y": 11.15085506439209,
        "z": -20.73531150817871
      },
      "orientation": {
        "w": 0.9176499843597412,
        "x": -0.0842457264661789,
        "y": 0.1514989584684372,
        "z": 0.357587993144989
      },
      "linear_velocity": {
        "x": 1.599389910697937,
        "y": 1.3557040691375732,
        "z": -0.39933568239212036
      },
      "angular_velocity": {
        "x": -0.1532645970582962,
        "y": -0.08820752799510956,
        "z": 0.00045062051503919065
      }
    },
    "imu": {
      "timestamp_ns": 1767409225029255600,
      "linear_acceleration": {
        "x": -0.08227646350860596,
        "y": 0.01864229142665863,
        "z": -8.414424896240234
      },
      "angular_velocity": {
        "x": -0.1532645970582962,
        "y": -0.08820752799510956,
        "z": 0.00045062051503919065
      },
      "orientation": {
        "w": -0.9176499843597412,
        "x": 0.0842457264661789,
        "y": -0.1514989584684372,
        "z": -0.357587993144989
      }
    },
    "battery_percent": 96.13122033663232,
    "landed_state": "flying",
    "latency_ms": 91.8422000031569
  },
  "files": {
    "rgb": "data\\maps\\sequence_normal_ops_001_preflight_20260102_220008\\frames\\1767409224938441600.png",
    "depth": "data\\maps\\sequence_normal_ops_001_preflight_20260102_220008\\frames\\1767409224938441600_depth.npy"
  }
}