{
  "frame_id": "1767409278384869300",
  "sequence": 4373,
  "timestamp": "2026-01-02T22:01:18.384869",
  "timestamp_ns": 1767409278384869300,
  "camera": {
    "name": "front_center",
    "resolution": [
      1920,
      1080
    ],
    "fov_deg": 89.90362548828125,
    "intrinsics": {
      "fx": 961.6161300315734,
      "fy": 961.6161300315734,
      "cx": 960.0,
      "cy": 540.0
    },
    "pose": {
      "position": {
        "x": 41.81074523925781,
        "y": 42.12527847290039,
        "z": -21.14638900756836
      },
      "orientation": {
        "w": 0.927699625492096,
        "x": -0.032485317438840866,
        "y": 0.03515588492155075,
        "z": 0.37024611234664917
      }
    }
  },
  "telemetry": {
    "sequence": 4374,
    "server_timestamp_ms": 1767409278585.5195,
    "airsim_timestamp_ns": 1767409278585519700,
    "pose": {
      "timestamp_ns": 1767409278585519700,
      "position": {
        "x": 41.534812927246094,
        "y": 41.883949279785156,
        "z": -20.692934036254883
      },
      "orientation": {
        "w": 0.9151742458343506,
        "x": -0.08053421229124069,
        "y": 0.15594421327114105,
        "z": 0.36283841729164124
      },
      "linear_velocity": {
        "x": 1.6931251287460327,
        "y": 1.4937481880187988,
        "z": -0.5048843026161194
      },
      "angular_velocity": {
        "x": -0.166202113032341,
        "y": -0.044649988412857056,
        "z": 0.0004109539440833032
      }
    },
    "imu": {
      "timestamp_ns": 1767409278581699600,
      "linear_acceleration": {
        "x": -0.08888614177703857,
        "y": 0.018988698720932007,
        "z": -8.461235046386719
      },
      "angular_velocity": {
        "x": -0.166202113032341,
        "y": -0.044649988412857056,
        "z": 0.0004109539440833032
      },
      "orientation": {
        "w": -0.915032684803009,
        "x": 0.08268991112709045,
        "y": -0.15463025867938995,
        "z": -0.3632728159427643
      }
    },
    "battery_percent": 83.10884178402172,
    "landed_state": "flying",
    "latency_ms": 200.26160000270465
  },
  "files": {
    "rgb": "data\\maps\\sequence_normal_ops_001_preflight_20260102_220008\\frames\\1767409278384869300.png",
    "depth": "data\\maps\\sequence_normal_ops_001_preflight_20260102_220008\\frames\\1767409278384869300_depth.npy"
  }
}