{
  "frame_id": "1767414127325664300",
  "sequence": 8,
  "timestamp": "2026-01-02T23:22:07.325664",
  "timestamp_ns": 1767414127325664300,
  "camera": {
    "name": "front_center",
    "resolution": [
      1920,
      1080
    ],
    "fov_deg": 89.90362548828125,
    "intrinsics": {
      "fx": 961.6161300315734,
      "fy": 961.6161300315734,
      "cx": 960.0,
      "cy": 540.0,
      "depth_scale": 1.0,
      "depth_min_m": 0.1,
      "depth_max_m": 100.0,
      "distortion": null
    },
    "pose": {
      "position": {
        "x": 13.52908992767334,
        "y": -4.772205829620361,
        "z": -20.546981811523438
      },
      "orientation": {
        "w": 0.9946665167808533,
        "x": -0.000581360247451812,
        "y": -0.04630851745605469,
        "z": -0.092161163687706
      }
    }
  },
  "telemetry": {
    "sequence": 9,
    "server_timestamp_ms": 1767414128183.6,
    "airsim_timestamp_ns": 1767414128183600100,
    "pose": {
      "timestamp_ns": 1767414128183600100,
      "position": {
        "x": 13.074068069458008,
        "y": -4.684085369110107,
        "z": -20.158113479614258
      },
      "orientation": {
        "w": 0.9925597310066223,
        "x": 0.010261403396725655,
        "y": 0.07974962890148163,
        "z": -0.09143209457397461
      },
      "linear_velocity": {
        "x": -0.6261043548583984,
        "y": 0.302212655544281,
        "z": 0.2619897127151489
      },
      "angular_velocity": {
        "x": -0.04962855949997902,
        "y": -0.26047948002815247,
        "z": -0.00019477414025459439
      }
    },
    "imu": {
      "timestamp_ns": 1767414128181999700,
      "linear_acceleration": {
        "x": -0.018070340156555176,
        "y": -0.0005954504013061523,
        "z": -10.3444185256958
      },
      "angular_velocity": {
        "x": -0.04962855949997902,
        "y": -0.26047948002815247,
        "z": -0.00019477414025459439
      },
      "orientation": {
        "w": 0.9925597906112671,
        "x": 0.010261403396725655,
        "y": 0.07974962890148163,
        "z": -0.09143209457397461
      }
    },
    "battery_percent": 62.64942782355929,
    "landed_state": "flying",
    "latency_ms": 857.668300000114
  },
  "files": {
    "rgb": "data\\maps\\sequence_normal_ops_001_preflight_charlie_20260102_232120\\frames\\1767414127325664300.png",
    "depth": "data\\maps\\sequence_normal_ops_001_preflight_charlie_20260102_232120\\frames\\1767414127325664300_depth.npy"
  }
}