{
  "frame_id": "1767414113849766500",
  "sequence": 2,
  "timestamp": "2026-01-02T23:21:53.849766",
  "timestamp_ns": 1767414113849766500,
  "camera": {
    "name": "front_center",
    "resolution": [
      1920,
      1080
    ],
    "fov_deg": 89.90362548828125,
    "intrinsics": {
      "fx": 961.6161300315734,
      "fy": 961.6161300315734,
      "cx": 960.0,
      "cy": 540.0,
      "depth_scale": 1.0,
      "depth_min_m": 0.1,
      "depth_max_m": 100.0,
      "distortion": null
    },
    "pose": {
      "position": {
        "x": -1.9492212533950806,
        "y": -1.6806093454360962,
        "z": -18.29488182067871
      },
      "orientation": {
        "w": 0.7095828056335449,
        "x": 0.09110894799232483,
        "y": -0.09338437020778656,
        "z": 0.6924382448196411
      }
    }
  },
  "telemetry": {
    "sequence": 4,
    "server_timestamp_ms": 1767414114361.7021,
    "airsim_timestamp_ns": 1767414114361702100,
    "pose": {
      "timestamp_ns": 1767414114361702100,
      "position": {
        "x": -1.962023377418518,
        "y": -2.158780813217163,
        "z": -16.95167350769043
      },
      "orientation": {
        "w": 0.7157013416290283,
        "x": -1.5393303328892216e-05,
        "y": 9.925273843691684e-06,
        "z": 0.698406457901001
      },
      "linear_velocity": {
        "x": -0.006499267648905516,
        "y": 0.12016719579696655,
        "z": 6.264601230621338
      },
      "angular_velocity": {
        "x": 4.47478232672438e-05,
        "y": -0.00019694048387464136,
        "z": 7.772616186230152e-07
      }
    },
    "imu": {
      "timestamp_ns": 1767414114360491900,
      "linear_acceleration": {
        "x": -0.00018887221813201904,
        "y": 0.027935929596424103,
        "z": -6.3035125732421875
      },
      "angular_velocity": {
        "x": 4.47478232672438e-05,
        "y": -0.00019694048387464136,
        "z": 7.772616186230152e-07
      },
      "orientation": {
        "w": 0.7157013416290283,
        "x": -1.2569473256007768e-05,
        "y": 8.094331860775128e-06,
        "z": 0.698406457901001
      }
    },
    "battery_percent": 64.46245129768046,
    "landed_state": "flying",
    "latency_ms": 497.8195000003325
  },
  "files": {
    "rgb": "data\\maps\\sequence_normal_ops_001_preflight_charlie_20260102_232120\\frames\\1767414113849766500.png",
    "depth": "data\\maps\\sequence_normal_ops_001_preflight_charlie_20260102_232120\\frames\\1767414113849766500_depth.npy"
  }
}