{
  "frame_id": "1767325286951603500",
  "sequence": 58130,
  "timestamp": "2026-01-01T22:41:26.951603",
  "timestamp_ns": 1767325286951603500,
  "camera": {
    "name": "0",
    "resolution": [
      256,
      144
    ],
    "fov_deg": 89.90362548828125,
    "intrinsics": {
      "fx": 128.2154840042098,
      "fy": 128.2154840042098,
      "cx": 128.0,
      "cy": 72.0
    },
    "pose": {
      "position": {
        "x": 22.468042373657227,
        "y": 4.110754013061523,
        "z": -27.371843338012695
      },
      "orientation": {
        "w": 0.9270022511482239,
        "x": -0.001873960718512535,
        "y": -0.01458149217069149,
        "z": 0.3747674524784088
      }
    }
  },
  "telemetry": {
    "sequence": 58132,
    "server_timestamp_ms": 1767325287100.3716,
    "airsim_timestamp_ns": 1767325287100371700,
    "pose": {
      "timestamp_ns": 1767325287100371700,
      "position": {
        "x": 22.27973175048828,
        "y": 3.9299726486206055,
        "z": -27.383811950683594
      },
      "orientation": {
        "w": 0.9270006418228149,
        "x": -0.0017444700933992863,
        "y": -0.014520501717925072,
        "z": 0.3747744858264923
      },
      "linear_velocity": {
        "x": 3.389657497406006,
        "y": 3.30403470993042,
        "z": -0.004114198498427868
      },
      "angular_velocity": {
        "x": 0.007271575275808573,
        "y": 0.00036119818105362356,
        "z": 0.00021845390438102186
      }
    },
    "imu": {
      "timestamp_ns": 1767325276171564544,
      "linear_acceleration": {
        "x": -0.24733439087867737,
        "y": 0.01298697292804718,
        "z": -9.802576065063477
      },
      "angular_velocity": {
        "x": 0.007271575275808573,
        "y": 0.00036119818105362356,
        "z": 0.00021845390438102186
      },
      "orientation": {
        "w": 0.9270005822181702,
        "x": -0.0017345785163342953,
        "y": -0.014515913091599941,
        "z": 0.3747749626636505
      }
    },
    "battery_percent": 100.0,
    "landed_state": "flying",
    "latency_ms": 147.69990000058897
  },
  "files": {
    "rgb": "data\\maps\\sequence_normal_ops_001_preflight_20260101_223909\\frames\\1767325286951603500.png",
    "depth": "data\\maps\\sequence_normal_ops_001_preflight_20260101_223909\\frames\\1767325286951603500_depth.npy"
  }
}