{
  "frame_id": "1767325213994074300",
  "sequence": 57303,
  "timestamp": "2026-01-01T22:40:13.994074",
  "timestamp_ns": 1767325213994074300,
  "camera": {
    "name": "0",
    "resolution": [
      256,
      144
    ],
    "fov_deg": 89.90362548828125,
    "intrinsics": {
      "fx": 128.2154840042098,
      "fy": 128.2154840042098,
      "cx": 128.0,
      "cy": 72.0
    },
    "pose": {
      "position": {
        "x": -30.820812225341797,
        "y": -26.639427185058594,
        "z": -31.123497009277344
      },
      "orientation": {
        "w": 0.31757238507270813,
        "x": 0.0003418198903091252,
        "y": -0.0001762343308655545,
        "z": -0.948233962059021
      }
    }
  },
  "telemetry": {
    "sequence": 57304,
    "server_timestamp_ms": 1767325221163.0146,
    "airsim_timestamp_ns": 1767325221163014600,
    "pose": {
      "timestamp_ns": 1767325221163014600,
      "position": {
        "x": -30.453624725341797,
        "y": -26.362377166748047,
        "z": -31.123241424560547
      },
      "orientation": {
        "w": 0.3175778388977051,
        "x": 0.0003403981390874833,
        "y": -0.00017623834719415754,
        "z": -0.948232114315033
      },
      "linear_velocity": {
        "x": -0.004827303811907768,
        "y": 0.0013757710112258792,
        "z": 0.0018012382788583636
      },
      "angular_velocity": {
        "x": -0.00013034070434514433,
        "y": -0.0004027166578453034,
        "z": 0.0019000275060534477
      }
    },
    "imu": {
      "timestamp_ns": 1767325210374160896,
      "linear_acceleration": {
        "x": 0.01648572087287903,
        "y": -0.010151157155632973,
        "z": -9.809014320373535
      },
      "angular_velocity": {
        "x": -0.00013034070434514433,
        "y": -0.0004027166578453034,
        "z": 0.0019000275060534477
      },
      "orientation": {
        "w": 0.3175778388977051,
        "x": 0.00034039816819131374,
        "y": -0.00017623836174607277,
        "z": -0.9482321739196777
      }
    },
    "battery_percent": 100.0,
    "landed_state": "flying",
    "latency_ms": 7167.766700003995
  },
  "files": {
    "rgb": "data\\maps\\sequence_normal_ops_001_preflight_20260101_223909\\frames\\1767325213994074300.png",
    "depth": "data\\maps\\sequence_normal_ops_001_preflight_20260101_223909\\frames\\1767325213994074300_depth.npy"
  }
}