{
  "frame_id": "1767367841870431300",
  "sequence": 217,
  "timestamp": "2026-01-02T10:30:41.870431",
  "timestamp_ns": 1767367841870431300,
  "camera": {
    "name": "front_center",
    "resolution": [
      1280,
      720
    ],
    "fov_deg": 89.90362548828125,
    "intrinsics": {
      "fx": 641.077420021049,
      "fy": 641.077420021049,
      "cx": 640.0,
      "cy": 360.0
    },
    "pose": {
      "position": {
        "x": 52.59473419189453,
        "y": 36.461875915527344,
        "z": -16.64817237854004
      },
      "orientation": {
        "w": 0.6159900426864624,
        "x": 0.05772486701607704,
        "y": -0.05295409634709358,
        "z": 0.7838494777679443
      }
    }
  },
  "telemetry": {
    "sequence": 219,
    "server_timestamp_ms": 1767367850273.7588,
    "airsim_timestamp_ns": 1767367850273759000,
    "pose": {
      "timestamp_ns": 1767367850273759000,
      "position": {
        "x": 52.6519660949707,
        "y": 36.220420837402344,
        "z": -16.543659210205078
      },
      "orientation": {
        "w": 0.6182612776756287,
        "x": -0.010811774991452694,
        "y": 0.000934481096919626,
        "z": 0.7858977317810059
      },
      "linear_velocity": {
        "x": -0.24603751301765442,
        "y": 0.1916634738445282,
        "z": -0.006322517991065979
      },
      "angular_velocity": {
        "x": -0.06664575636386871,
        "y": 0.07229509204626083,
        "z": -0.017199434340000153
      }
    },
    "imu": {
      "timestamp_ns": 1767367840792418048,
      "linear_acceleration": {
        "x": -0.006431113928556442,
        "y": 0.060337841510772705,
        "z": -9.854813575744629
      },
      "angular_velocity": {
        "x": -0.06683163344860077,
        "y": 0.0718233659863472,
        "z": -0.016990773379802704
      },
      "orientation": {
        "w": 0.6182994842529297,
        "x": -0.01110589224845171,
        "y": 0.0009108842932619154,
        "z": 0.7858636975288391
      }
    },
    "battery_percent": 88.35556140895858,
    "landed_state": "flying",
    "latency_ms": 8398.575600000186
  },
  "files": {
    "rgb": "data\\maps\\sequence_showcase_001_preflight_20260102_103041\\frames\\1767367841870431300.png",
    "depth": "data\\maps\\sequence_showcase_001_preflight_20260102_103041\\frames\\1767367841870431300_depth.npy"
  }
}