{
  "frame_id": "1767404548218772200",
  "sequence": 11,
  "timestamp": "2026-01-02T20:42:28.218772",
  "timestamp_ns": 1767404548218772200,
  "camera": {
    "name": "front_center",
    "resolution": [
      1920,
      1080
    ],
    "fov_deg": 89.90362548828125,
    "intrinsics": {
      "fx": 961.6161300315734,
      "fy": 961.6161300315734,
      "cx": 960.0,
      "cy": 540.0
    },
    "pose": {
      "position": {
        "x": 14.50797176361084,
        "y": 15.322593688964844,
        "z": -21.108789443969727
      },
      "orientation": {
        "w": 0.36456575989723206,
        "x": -0.019509052857756615,
        "y": 0.028752505779266357,
        "z": -0.9305291175842285
      }
    }
  },
  "telemetry": {
    "sequence": 12,
    "server_timestamp_ms": 1767404548414.8735,
    "airsim_timestamp_ns": 1767404548414873600,
    "pose": {
      "timestamp_ns": 1767404548414873600,
      "position": {
        "x": 14.82924747467041,
        "y": 15.581579208374023,
        "z": -20.69683265686035
      },
      "orientation": {
        "w": 0.3576939105987549,
        "x": 0.10211627930402756,
        "y": 0.07609190791845322,
        "z": -0.9251148104667664
      },
      "linear_velocity": {
        "x": -0.568714439868927,
        "y": 0.3155175447463989,
        "z": 0.3683299124240875
      },
      "angular_velocity": {
        "x": 0.06949367374181747,
        "y": -0.18931013345718384,
        "z": 0.00010283612937200814
      }
    },
    "imu": {
      "timestamp_ns": 1767404548413912900,
      "linear_acceleration": {
        "x": 0.005755782127380371,
        "y": -0.005666971206665039,
        "z": -9.99277400970459
      },
      "angular_velocity": {
        "x": 0.06949367374181747,
        "y": -0.18931013345718384,
        "z": 0.00010283612937200814
      },
      "orientation": {
        "w": -0.3577050268650055,
        "x": -0.10189118981361389,
        "y": -0.07589483261108398,
        "z": 0.925151526927948
      }
    },
    "battery_percent": 90.84835977139164,
    "landed_state": "flying",
    "latency_ms": 196.2197000029846
  },
  "files": {
    "rgb": "data\\maps\\sequence_normal_ops_001_preflight_alpha_20260102_204147\\frames\\1767404548218772200.png",
    "depth": "data\\maps\\sequence_normal_ops_001_preflight_alpha_20260102_204147\\frames\\1767404548218772200_depth.npy"
  }
}