{
  "frame_id": "1767404552342651900",
  "sequence": 13,
  "timestamp": "2026-01-02T20:42:32.342651",
  "timestamp_ns": 1767404552342651900,
  "camera": {
    "name": "front_center",
    "resolution": [
      1920,
      1080
    ],
    "fov_deg": 89.90362548828125,
    "intrinsics": {
      "fx": 961.6161300315734,
      "fy": 961.6161300315734,
      "cx": 960.0,
      "cy": 540.0
    },
    "pose": {
      "position": {
        "x": 8.992159843444824,
        "y": 9.13460636138916,
        "z": -20.87442970275879
      },
      "orientation": {
        "w": 0.4290197193622589,
        "x": -0.024517323821783066,
        "y": -0.0005611020606011152,
        "z": -0.9029621481895447
      }
    }
  },
  "telemetry": {
    "sequence": 14,
    "server_timestamp_ms": 1767404552527.221,
    "airsim_timestamp_ns": 1767404552527221000,
    "pose": {
      "timestamp_ns": 1767404552527221000,
      "position": {
        "x": 9.266144752502441,
        "y": 9.457868576049805,
        "z": -20.473888397216797
      },
      "orientation": {
        "w": 0.42542263865470886,
        "x": 0.09355263411998749,
        "y": 0.05544200912117958,
        "z": -0.8984373211860657
      },
      "linear_velocity": {
        "x": -2.303929567337036,
        "y": -2.8375282287597656,
        "z": -0.3267020285129547
      },
      "angular_velocity": {
        "x": -0.12031695991754532,
        "y": 1.5445126295089722,
        "z": 0.0016111618606373668
      }
    },
    "imu": {
      "timestamp_ns": 1767404552524858800,
      "linear_acceleration": {
        "x": 0.03593277931213379,
        "y": -0.01171565055847168,
        "z": -15.539811134338379
      },
      "angular_velocity": {
        "x": -0.12031695991754532,
        "y": 1.5445126295089722,
        "z": 0.0016111618606373668
      },
      "orientation": {
        "w": -0.4251883625984192,
        "x": -0.09772010147571564,
        "y": -0.05779962241649628,
        "z": 0.8979560136795044
      }
    },
    "battery_percent": 90.01948187522792,
    "landed_state": "flying",
    "latency_ms": 183.93600000126753
  },
  "files": {
    "rgb": "data\\maps\\sequence_normal_ops_001_preflight_alpha_20260102_204147\\frames\\1767404552342651900.png",
    "depth": "data\\maps\\sequence_normal_ops_001_preflight_alpha_20260102_204147\\frames\\1767404552342651900_depth.npy"
  }
}