{
  "frame_id": "1767404523092823200",
  "sequence": 1,
  "timestamp": "2026-01-02T20:42:03.091642",
  "timestamp_ns": 1767404523092823200,
  "camera": {
    "name": "front_center",
    "resolution": [
      1920,
      1080
    ],
    "fov_deg": 89.90362548828125,
    "intrinsics": {
      "fx": 961.6161300315734,
      "fy": 961.6161300315734,
      "cx": 960.0,
      "cy": 540.0
    },
    "pose": {
      "position": {
        "x": -0.002588801085948944,
        "y": 1.0432288646697998,
        "z": -19.903963088989258
      },
      "orientation": {
        "w": 0.7080268263816833,
        "x": 0.047013118863105774,
        "y": -0.047551486641168594,
        "z": 0.7030125856399536
      }
    }
  },
  "telemetry": {
    "sequence": 2,
    "server_timestamp_ms": 1767404523301.6694,
    "airsim_timestamp_ns": 1767404523301669400,
    "pose": {
      "timestamp_ns": 1767404523301669400,
      "position": {
        "x": -0.005953099112957716,
        "y": 0.5856135487556458,
        "z": -19.5426082611084
      },
      "orientation": {
        "w": 0.7081762552261353,
        "x": -0.04515064135193825,
        "y": 0.0452713668346405,
        "z": 0.7031346559524536
      },
      "linear_velocity": {
        "x": 0.004351726267486811,
        "y": 0.9321808815002441,
        "z": -0.20716775953769684
      },
      "angular_velocity": {
        "x": -0.0031374653335660696,
        "y": -0.11641588062047958,
        "z": 0.00021161645418033004
      }
    },
    "imu": {
      "timestamp_ns": 1767404523299980300,
      "linear_acceleration": {
        "x": -0.011822819709777832,
        "y": 0.0282973051071167,
        "z": -16.474580764770508
      },
      "angular_velocity": {
        "x": -0.0031374653335660696,
        "y": -0.11641588062047958,
        "z": 0.00021161645418033004
      },
      "orientation": {
        "w": 0.7081836462020874,
        "x": -0.04503143951296806,
        "y": 0.0451446957886219,
        "z": 0.7031429409980774
      }
    },
    "battery_percent": 95.28542397363347,
    "landed_state": "flying",
    "latency_ms": 208.93639999849256
  },
  "files": {
    "rgb": "data\\maps\\sequence_normal_ops_001_preflight_alpha_20260102_204147\\frames\\1767404523092823200.png",
    "depth": "data\\maps\\sequence_normal_ops_001_preflight_alpha_20260102_204147\\frames\\1767404523092823200_depth.npy"
  }
}