{
  "frame_id": "1767404539034694000",
  "sequence": 7,
  "timestamp": "2026-01-02T20:42:19.034694",
  "timestamp_ns": 1767404539034694000,
  "camera": {
    "name": "front_center",
    "resolution": [
      1920,
      1080
    ],
    "fov_deg": 89.90362548828125,
    "intrinsics": {
      "fx": 961.6161300315734,
      "fy": 961.6161300315734,
      "cx": 960.0,
      "cy": 540.0
    },
    "pose": {
      "position": {
        "x": 25.29505157470703,
        "y": 25.71038818359375,
        "z": -20.972137451171875
      },
      "orientation": {
        "w": 0.9195114970207214,
        "x": -0.022692827507853508,
        "y": 0.010911553166806698,
        "z": 0.3922558128833771
      }
    }
  },
  "telemetry": {
    "sequence": 8,
    "server_timestamp_ms": 1767404539252.343,
    "airsim_timestamp_ns": 1767404539252343100,
    "pose": {
      "timestamp_ns": 1767404539252343100,
      "position": {
        "x": 25.015506744384766,
        "y": 25.439289093017578,
        "z": -20.538131713867188
      },
      "orientation": {
        "w": 0.9102206826210022,
        "x": -0.07369834184646606,
        "y": 0.1308385282754898,
        "z": 0.38593798875808716
      },
      "linear_velocity": {
        "x": 2.2882401943206787,
        "y": 2.220567464828491,
        "z": -0.6782109141349792
      },
      "angular_velocity": {
        "x": -0.05446590483188629,
        "y": 0.8277589082717896,
        "z": -0.000853595556691289
      }
    },
    "imu": {
      "timestamp_ns": 1767404539249353500,
      "linear_acceleration": {
        "x": -0.10189568996429443,
        "y": 0.018841147422790527,
        "z": -13.823535919189453
      },
      "angular_velocity": {
        "x": -0.05446590483188629,
        "y": 0.8277589082717896,
        "z": -0.000853595556691289
      },
      "orientation": {
        "w": 0.9098747968673706,
        "x": -0.07481600344181061,
        "y": 0.1330968737602234,
        "z": 0.38576632738113403
      }
    },
    "battery_percent": 92.17517671529916,
    "landed_state": "flying",
    "latency_ms": 216.25479999784147
  },
  "files": {
    "rgb": "data\\maps\\sequence_normal_ops_001_preflight_alpha_20260102_204147\\frames\\1767404539034694000.png",
    "depth": "data\\maps\\sequence_normal_ops_001_preflight_alpha_20260102_204147\\frames\\1767404539034694000_depth.npy"
  }
}