{
  "frame_id": "1767404557819739600",
  "sequence": 15,
  "timestamp": "2026-01-02T20:42:37.819739",
  "timestamp_ns": 1767404557819739600,
  "camera": {
    "name": "front_center",
    "resolution": [
      1920,
      1080
    ],
    "fov_deg": 89.90362548828125,
    "intrinsics": {
      "fx": 961.6161300315734,
      "fy": 961.6161300315734,
      "cx": 960.0,
      "cy": 540.0
    },
    "pose": {
      "position": {
        "x": -1.585047960281372,
        "y": -1.5682772397994995,
        "z": -21.261878967285156
      },
      "orientation": {
        "w": 0.40022778511047363,
        "x": 0.012225711718201637,
        "y": 0.04157537221908569,
        "z": -0.9153904914855957
      }
    }
  },
  "telemetry": {
    "sequence": 16,
    "server_timestamp_ms": 1767404558024.7898,
    "airsim_timestamp_ns": 1767404558024789800,
    "pose": {
      "timestamp_ns": 1767404558024789800,
      "position": {
        "x": -1.3051334619522095,
        "y": -1.3077102899551392,
        "z": -20.821706771850586
      },
      "orientation": {
        "w": 0.3913770914077759,
        "x": 0.13160355389118195,
        "y": 0.09345989674329758,
        "z": -0.9059634208679199
      },
      "linear_velocity": {
        "x": -1.1945164203643799,
        "y": -0.7754939198493958,
        "z": 0.07085886597633362
      },
      "angular_velocity": {
        "x": -0.06210387498140335,
        "y": -0.18356622755527496,
        "z": 0.0009785384172573686
      }
    },
    "imu": {
      "timestamp_ns": 1767404558023683500,
      "linear_acceleration": {
        "x": -0.004936277866363525,
        "y": -0.0070269107818603516,
        "z": -8.960358619689941
      },
      "angular_velocity": {
        "x": -0.06210387498140335,
        "y": -0.18356622755527496,
        "z": 0.0009785384172573686
      },
      "orientation": {
        "w": -0.3917779326438904,
        "x": -0.12873078882694244,
        "y": -0.09329662472009659,
        "z": 0.9062197208404541
      }
    },
    "battery_percent": 89.15193434791563,
    "landed_state": "flying",
    "latency_ms": 203.88700000330573
  },
  "files": {
    "rgb": "data\\maps\\sequence_normal_ops_001_preflight_alpha_20260102_204147\\frames\\1767404557819739600.png",
    "depth": "data\\maps\\sequence_normal_ops_001_preflight_alpha_20260102_204147\\frames\\1767404557819739600_depth.npy"
  }
}