{
  "frame_id": "1767404539939269000",
  "sequence": 9,
  "timestamp": "2026-01-02T20:42:19.939269",
  "timestamp_ns": 1767404539939269000,
  "camera": {
    "name": "front_center",
    "resolution": [
      1920,
      1080
    ],
    "fov_deg": 89.90362548828125,
    "intrinsics": {
      "fx": 961.6161300315734,
      "fy": 961.6161300315734,
      "cx": 960.0,
      "cy": 540.0
    },
    "pose": {
      "position": {
        "x": 26.564565658569336,
        "y": 26.607351303100586,
        "z": -21.185302734375
      },
      "orientation": {
        "w": 0.9150838851928711,
        "x": -0.042025573551654816,
        "y": -0.00901709869503975,
        "z": 0.4009663760662079
      }
    }
  },
  "telemetry": {
    "sequence": 10,
    "server_timestamp_ms": 1767404540123.8718,
    "airsim_timestamp_ns": 1767404540123871800,
    "pose": {
      "timestamp_ns": 1767404540123871800,
      "position": {
        "x": 26.268598556518555,
        "y": 26.338817596435547,
        "z": -20.760692596435547
      },
      "orientation": {
        "w": 0.9084321856498718,
        "x": -0.09400265663862228,
        "y": 0.1105024591088295,
        "z": 0.3920506238937378
      },
      "linear_velocity": {
        "x": 0.7924273610115051,
        "y": -0.11887998133897781,
        "z": 0.3480868339538574
      },
      "angular_velocity": {
        "x": 0.05203387886285782,
        "y": -0.20442838966846466,
        "z": 1.0435226613481063e-05
      }
    },
    "imu": {
      "timestamp_ns": 1767404540123291500,
      "linear_acceleration": {
        "x": -0.024677753448486328,
        "y": 0.031222838908433914,
        "z": -9.732830047607422
      },
      "angular_velocity": {
        "x": 0.05203387886285782,
        "y": -0.20442838966846466,
        "z": 1.0435226613481063e-05
      },
      "orientation": {
        "w": 0.908875048160553,
        "x": -0.09195835888385773,
        "y": 0.10773441195487976,
        "z": 0.39227935671806335
      }
    },
    "battery_percent": 92.04703070061201,
    "landed_state": "flying",
    "latency_ms": 183.976199994504
  },
  "files": {
    "rgb": "data\\maps\\sequence_normal_ops_001_preflight_alpha_20260102_204147\\frames\\1767404539939269000.png",
    "depth": "data\\maps\\sequence_normal_ops_001_preflight_alpha_20260102_204147\\frames\\1767404539939269000_depth.npy"
  }
}