{
  "frame_id": "1767404529813821900",
  "sequence": 3,
  "timestamp": "2026-01-02T20:42:09.813821",
  "timestamp_ns": 1767404529813821900,
  "camera": {
    "name": "front_center",
    "resolution": [
      1920,
      1080
    ],
    "fov_deg": 89.90362548828125,
    "intrinsics": {
      "fx": 961.6161300315734,
      "fy": 961.6161300315734,
      "cx": 960.0,
      "cy": 540.0
    },
    "pose": {
      "position": {
        "x": 8.0888671875,
        "y": 8.212989807128906,
        "z": -20.906490325927734
      },
      "orientation": {
        "w": 0.9341506361961365,
        "x": -0.012572839856147766,
        "y": 0.0057590133510529995,
        "z": 0.3566109538078308
      }
    }
  },
  "telemetry": {
    "sequence": 4,
    "server_timestamp_ms": 1767404530041.8545,
    "airsim_timestamp_ns": 1767404530041854400,
    "pose": {
      "timestamp_ns": 1767404530041854400,
      "position": {
        "x": 7.787417411804199,
        "y": 7.95457124710083,
        "z": -20.479467391967773
      },
      "orientation": {
        "w": 0.9254071116447449,
        "x": -0.05901234596967697,
        "y": 0.12764087319374084,
        "z": 0.351919025182724
      },
      "linear_velocity": {
        "x": 2.506587505340576,
        "y": 2.194761037826538,
        "z": -0.6199362874031067
      },
      "angular_velocity": {
        "x": -0.18432457745075226,
        "y": 1.0585424900054932,
        "z": 0.0021285086404532194
      }
    },
    "imu": {
      "timestamp_ns": 1767404530041737000,
      "linear_acceleration": {
        "x": -0.10242831707000732,
        "y": 0.021217823028564453,
        "z": -15.02010440826416
      },
      "angular_velocity": {
        "x": -0.18432457745075226,
        "y": 1.0585424900054932,
        "z": 0.0021285086404532194
      },
      "orientation": {
        "w": 0.9247162342071533,
        "x": -0.06149894371628761,
        "y": 0.13190297782421112,
        "z": 0.3517376482486725
      }
    },
    "battery_percent": 93.96379165017201,
    "landed_state": "flying",
    "latency_ms": 228.47270000056596
  },
  "files": {
    "rgb": "data\\maps\\sequence_normal_ops_001_preflight_alpha_20260102_204147\\frames\\1767404529813821900.png",
    "depth": "data\\maps\\sequence_normal_ops_001_preflight_alpha_20260102_204147\\frames\\1767404529813821900_depth.npy"
  }
}