{
  "frame_id": "1767404534431880500",
  "sequence": 5,
  "timestamp": "2026-01-02T20:42:14.431880",
  "timestamp_ns": 1767404534431880500,
  "camera": {
    "name": "front_center",
    "resolution": [
      1920,
      1080
    ],
    "fov_deg": 89.90362548828125,
    "intrinsics": {
      "fx": 961.6161300315734,
      "fy": 961.6161300315734,
      "cx": 960.0,
      "cy": 540.0
    },
    "pose": {
      "position": {
        "x": 16.849069595336914,
        "y": 17.153968811035156,
        "z": -20.920896530151367
      },
      "orientation": {
        "w": 0.9174215197563171,
        "x": -0.01838335394859314,
        "y": 0.007500506937503815,
        "z": 0.3974211513996124
      }
    }
  },
  "telemetry": {
    "sequence": 6,
    "server_timestamp_ms": 1767404534663.4749,
    "airsim_timestamp_ns": 1767404534663474600,
    "pose": {
      "timestamp_ns": 1767404534663474600,
      "position": {
        "x": 16.571475982666016,
        "y": 16.875160217285156,
        "z": -20.49053955078125
      },
      "orientation": {
        "w": 0.9085938334465027,
        "x": -0.07009994983673096,
        "y": 0.12718386948108673,
        "z": 0.3916216492652893
      },
      "linear_velocity": {
        "x": 2.304534673690796,
        "y": 2.304077625274658,
        "z": -0.6542148590087891
      },
      "angular_velocity": {
        "x": -0.08986217528581619,
        "y": 0.9095820188522339,
        "z": -0.0010310515062883496
      }
    },
    "imu": {
      "timestamp_ns": 1767404534663701300,
      "linear_acceleration": {
        "x": -0.10052847862243652,
        "y": 0.020815789699554443,
        "z": -14.313124656677246
      },
      "angular_velocity": {
        "x": -0.09353829175233841,
        "y": 0.8869104981422424,
        "z": -0.0009953260887414217
      },
      "orientation": {
        "w": 0.9078359603881836,
        "x": -0.07274959981441498,
        "y": 0.13205653429031372,
        "z": 0.3912830650806427
      }
    },
    "battery_percent": 93.06343476841285,
    "landed_state": "flying",
    "latency_ms": 230.51619999750983
  },
  "files": {
    "rgb": "data\\maps\\sequence_normal_ops_001_preflight_alpha_20260102_204147\\frames\\1767404534431880500.png",
    "depth": "data\\maps\\sequence_normal_ops_001_preflight_alpha_20260102_204147\\frames\\1767404534431880500_depth.npy"
  }
}