{
  "frame_id": "1767407813361835300",
  "sequence": 437,
  "timestamp": "2026-01-02T21:36:53.361835",
  "timestamp_ns": 1767407813361835300,
  "camera": {
    "name": "front_center",
    "resolution": [
      1920,
      1080
    ],
    "fov_deg": 89.90362548828125,
    "intrinsics": {
      "fx": 961.6161300315734,
      "fy": 961.6161300315734,
      "cx": 960.0,
      "cy": 540.0
    },
    "pose": {
      "position": {
        "x": 94.31792449951172,
        "y": 73.78168487548828,
        "z": -19.905061721801758
      },
      "orientation": {
        "w": 0.5191621780395508,
        "x": -0.07754934579133987,
        "y": -0.0576050691306591,
        "z": -0.8491986393928528
      }
    }
  },
  "telemetry": {
    "sequence": 438,
    "server_timestamp_ms": 1767407814119.0518,
    "airsim_timestamp_ns": 1767407814119051800,
    "pose": {
      "timestamp_ns": 1767407814119051800,
      "position": {
        "x": 94.53001403808594,
        "y": 74.21021270751953,
        "z": -19.571327209472656
      },
      "orientation": {
        "w": 0.5222396850585938,
        "x": 0.03395676612854004,
        "y": 0.01065201498568058,
        "z": -0.8520558476448059
      },
      "linear_velocity": {
        "x": -0.47918635606765747,
        "y": 1.1230963468551636,
        "z": 0.03314109146595001
      },
      "angular_velocity": {
        "x": 0.07300951331853867,
        "y": -0.04132885858416557,
        "z": 9.516542922938243e-05
      }
    },
    "imu": {
      "timestamp_ns": 1767407813926637000,
      "linear_acceleration": {
        "x": 0.01728656142950058,
        "y": -0.00721430778503418,
        "z": -9.958706855773926
      },
      "angular_velocity": {
        "x": 0.07300951331853867,
        "y": -0.04132885858416557,
        "z": 9.516542922938243e-05
      },
      "orientation": {
        "w": -0.522236704826355,
        "x": -0.03396112471818924,
        "y": -0.01052621565759182,
        "z": 0.8520590662956238
      }
    },
    "battery_percent": 62.86077925455585,
    "landed_state": "flying",
    "latency_ms": 756.9906000062474
  },
  "files": {
    "rgb": "data\\maps\\sequence_normal_ops_001_preflight_charlie_20260102_213517\\frames\\1767407813361835300.png",
    "depth": "data\\maps\\sequence_normal_ops_001_preflight_charlie_20260102_213517\\frames\\1767407813361835300_depth.npy"
  }
}