{
  "frame_id": "1767407799338940200",
  "sequence": 407,
  "timestamp": "2026-01-02T21:36:39.338940",
  "timestamp_ns": 1767407799338940200,
  "camera": {
    "name": "front_center",
    "resolution": [
      1920,
      1080
    ],
    "fov_deg": 89.90362548828125,
    "intrinsics": {
      "fx": 961.6161300315734,
      "fy": 961.6161300315734,
      "cx": 960.0,
      "cy": 540.0
    },
    "pose": {
      "position": {
        "x": 101.71332550048828,
        "y": 86.86251068115234,
        "z": -20.377164840698242
      },
      "orientation": {
        "w": 0.3533150851726532,
        "x": -0.03954127058386803,
        "y": 0.010914312675595284,
        "z": -0.9346046447753906
      }
    }
  },
  "telemetry": {
    "sequence": 408,
    "server_timestamp_ms": 1767407799978.79,
    "airsim_timestamp_ns": 1767407799978790200,
    "pose": {
      "timestamp_ns": 1767407799978790200,
      "position": {
        "x": 102.042724609375,
        "y": 87.15382385253906,
        "z": -19.976879119873047
      },
      "orientation": {
        "w": 0.34888580441474915,
        "x": 0.08089739084243774,
        "y": 0.05451473593711853,
        "z": -0.932074248790741
      },
      "linear_velocity": {
        "x": -0.23835958540439606,
        "y": 0.695140540599823,
        "z": 0.3082488775253296
      },
      "angular_velocity": {
        "x": 0.10994991660118103,
        "y": -0.17502270638942719,
        "z": 0.00024323197430931032
      }
    },
    "imu": {
      "timestamp_ns": 1767407799876311200,
      "linear_acceleration": {
        "x": 0.015954971313476562,
        "y": -0.006134033203125,
        "z": -10.219956398010254
      },
      "angular_velocity": {
        "x": 0.10994991660118103,
        "y": -0.17502270638942719,
        "z": 0.00024323197430931032
      },
      "orientation": {
        "w": -0.34888580441474915,
        "x": -0.08089739084243774,
        "y": -0.05451473593711853,
        "z": 0.9320743083953857
      }
    },
    "battery_percent": 65.20219440401637,
    "landed_state": "flying",
    "latency_ms": 380.44129999616416
  },
  "files": {
    "rgb": "data\\maps\\sequence_normal_ops_001_preflight_charlie_20260102_213517\\frames\\1767407799338940200.png",
    "depth": "data\\maps\\sequence_normal_ops_001_preflight_charlie_20260102_213517\\frames\\1767407799338940200_depth.npy"
  }
}