{
  "frame_id": "1767408893459510600",
  "sequence": 1786,
  "timestamp": "2026-01-02T21:54:53.459510",
  "timestamp_ns": 1767408893459510600,
  "camera": {
    "name": "front_center",
    "resolution": [
      1920,
      1080
    ],
    "fov_deg": 89.90362548828125,
    "intrinsics": {
      "fx": 961.6161300315734,
      "fy": 961.6161300315734,
      "cx": 960.0,
      "cy": 540.0
    },
    "pose": {
      "position": {
        "x": 40.81612014770508,
        "y": 41.33945083618164,
        "z": -20.90909767150879
      },
      "orientation": {
        "w": 0.915083646774292,
        "x": -0.002610101131722331,
        "y": -0.01535263005644083,
        "z": 0.402963250875473
      }
    }
  },
  "telemetry": {
    "sequence": 1787,
    "server_timestamp_ms": 1767408893731.3777,
    "airsim_timestamp_ns": 1767408893731377600,
    "pose": {
      "timestamp_ns": 1767408893731377600,
      "position": {
        "x": 40.52996063232422,
        "y": 41.03731918334961,
        "z": -20.500648498535156
      },
      "orientation": {
        "w": 0.9092589020729065,
        "x": -0.05518502742052078,
        "y": 0.10422109812498093,
        "z": 0.39917513728141785
      },
      "linear_velocity": {
        "x": 2.420853614807129,
        "y": 2.4678635597229004,
        "z": -0.4229591488838196
      },
      "angular_velocity": {
        "x": -0.060955386608839035,
        "y": 1.219061255455017,
        "z": -0.0010014515137299895
      }
    },
    "imu": {
      "timestamp_ns": 1767408893617763200,
      "linear_acceleration": {
        "x": -0.09020984172821045,
        "y": 0.020573943853378296,
        "z": -15.858663558959961
      },
      "angular_velocity": {
        "x": -0.060955386608839035,
        "y": 1.219061255455017,
        "z": -0.0010014515137299895
      },
      "orientation": {
        "w": 0.9083887934684753,
        "x": -0.0586504228413105,
        "y": 0.11128614097833633,
        "z": 0.39875465631484985
      }
    },
    "battery_percent": 84.652168659237,
    "landed_state": "flying",
    "latency_ms": 272.0268999983091
  },
  "files": {
    "rgb": "data\\maps\\sequence_normal_ops_001_preflight_20260102_215340\\frames\\1767408893459510600.png",
    "depth": "data\\maps\\sequence_normal_ops_001_preflight_20260102_215340\\frames\\1767408893459510600_depth.npy"
  }
}