{
  "frame_id": "1767408934342003200",
  "sequence": 2679,
  "timestamp": "2026-01-02T21:55:34.342003",
  "timestamp_ns": 1767408934342003200,
  "camera": {
    "name": "front_center",
    "resolution": [
      1920,
      1080
    ],
    "fov_deg": 89.90362548828125,
    "intrinsics": {
      "fx": 961.6161300315734,
      "fy": 961.6161300315734,
      "cx": 960.0,
      "cy": 540.0
    },
    "pose": {
      "position": {
        "x": 112.38778686523438,
        "y": 113.6386489868164,
        "z": -20.953092575073242
      },
      "orientation": {
        "w": 0.9165982007980347,
        "x": -0.010878964327275753,
        "y": 0.0012961662141606212,
        "z": 0.39965951442718506
      }
    }
  },
  "telemetry": {
    "sequence": 2680,
    "server_timestamp_ms": 1767408934581.138,
    "airsim_timestamp_ns": 1767408934581137900,
    "pose": {
      "timestamp_ns": 1767408934581137900,
      "position": {
        "x": 112.10930633544922,
        "y": 113.35049438476562,
        "z": -20.529518127441406
      },
      "orientation": {
        "w": 0.9085873961448669,
        "x": -0.06295192986726761,
        "y": 0.12092515081167221,
        "z": 0.3948203921318054
      },
      "linear_velocity": {
        "x": 2.369436740875244,
        "y": 2.2845377922058105,
        "z": -0.5623133182525635
      },
      "angular_velocity": {
        "x": -0.0032529174350202084,
        "y": 0.935677170753479,
        "z": 0.0004915417521260679
      }
    },
    "imu": {
      "timestamp_ns": 1767408934509446800,
      "linear_acceleration": {
        "x": -0.09828329086303711,
        "y": 0.01904851198196411,
        "z": -14.562553405761719
      },
      "angular_velocity": {
        "x": -0.0032529174350202084,
        "y": 0.935677170753479,
        "z": 0.0004915417521260679
      },
      "orientation": {
        "w": 0.9084128141403198,
        "x": -0.06352183222770691,
        "y": 0.1222226694226265,
        "z": 0.3947312831878662
      }
    },
    "battery_percent": 74.21455465846235,
    "landed_state": "flying",
    "latency_ms": 238.75079999561422
  },
  "files": {
    "rgb": "data\\maps\\sequence_normal_ops_001_preflight_20260102_215340\\frames\\1767408934342003200.png",
    "depth": "data\\maps\\sequence_normal_ops_001_preflight_20260102_215340\\frames\\1767408934342003200_depth.npy"
  }
}