{
  "frame_id": "1767408882086294900",
  "sequence": 1546,
  "timestamp": "2026-01-02T21:54:42.086294",
  "timestamp_ns": 1767408882086294900,
  "camera": {
    "name": "front_center",
    "resolution": [
      1920,
      1080
    ],
    "fov_deg": 89.90362548828125,
    "intrinsics": {
      "fx": 961.6161300315734,
      "fy": 961.6161300315734,
      "cx": 960.0,
      "cy": 540.0
    },
    "pose": {
      "position": {
        "x": 20.79436492919922,
        "y": 21.09398651123047,
        "z": -20.93052864074707
      },
      "orientation": {
        "w": 0.9097557663917542,
        "x": -0.006595112383365631,
        "y": -7.146400457713753e-05,
        "z": 0.41509148478507996
      }
    }
  },
  "telemetry": {
    "sequence": 1547,
    "server_timestamp_ms": 1767408882369.3257,
    "airsim_timestamp_ns": 1767408882369325600,
    "pose": {
      "timestamp_ns": 1767408882369325600,
      "position": {
        "x": 20.526371002197266,
        "y": 20.792871475219727,
        "z": -20.50921058654785
      },
      "orientation": {
        "w": 0.9019820094108582,
        "x": -0.06071900203824043,
        "y": 0.11867610365152359,
        "z": 0.41067948937416077
      },
      "linear_velocity": {
        "x": 2.2626869678497314,
        "y": 2.4416513442993164,
        "z": -0.5409801602363586
      },
      "angular_velocity": {
        "x": -0.09357280284166336,
        "y": 0.97901451587677,
        "z": 0.0007409529061987996
      }
    },
    "imu": {
      "timestamp_ns": 1767408882253378000,
      "linear_acceleration": {
        "x": -0.09352481365203857,
        "y": 0.02261805534362793,
        "z": -15.028725624084473
      },
      "angular_velocity": {
        "x": -0.09357280284166336,
        "y": 0.97901451587677,
        "z": 0.0007409529061987996
      },
      "orientation": {
        "w": 0.9017918705940247,
        "x": -0.06146996095776558,
        "y": 0.11998551338911057,
        "z": 0.4106048345565796
      }
    },
    "battery_percent": 87.54076263325173,
    "landed_state": "flying",
    "latency_ms": 280.59550000034506
  },
  "files": {
    "rgb": "data\\maps\\sequence_normal_ops_001_preflight_20260102_215340\\frames\\1767408882086294900.png",
    "depth": "data\\maps\\sequence_normal_ops_001_preflight_20260102_215340\\frames\\1767408882086294900_depth.npy"
  }
}