{
  "frame_id": "1767408940611915400",
  "sequence": 2843,
  "timestamp": "2026-01-02T21:55:40.611915",
  "timestamp_ns": 1767408940611915400,
  "camera": {
    "name": "front_center",
    "resolution": [
      1920,
      1080
    ],
    "fov_deg": 89.90362548828125,
    "intrinsics": {
      "fx": 961.6161300315734,
      "fy": 961.6161300315734,
      "cx": 960.0,
      "cy": 540.0
    },
    "pose": {
      "position": {
        "x": 123.81133270263672,
        "y": 124.94741821289062,
        "z": -21.18707275390625
      },
      "orientation": {
        "w": 0.9129171967506409,
        "x": -0.03286435082554817,
        "y": -0.007534080650657415,
        "z": 0.4067497253417969
      }
    }
  },
  "telemetry": {
    "sequence": 2844,
    "server_timestamp_ms": 1767408940832.205,
    "airsim_timestamp_ns": 1767408940832205100,
    "pose": {
      "timestamp_ns": 1767408940832205100,
      "position": {
        "x": 123.52320098876953,
        "y": 124.66878509521484,
        "z": -20.763578414916992
      },
      "orientation": {
        "w": 0.9060904383659363,
        "x": -0.08567468822002411,
        "y": 0.1116899773478508,
        "z": 0.3989802896976471
      },
      "linear_velocity": {
        "x": 0.9570563435554504,
        "y": 0.42102381587028503,
        "z": 0.20385007560253143
      },
      "angular_velocity": {
        "x": -0.025731492787599564,
        "y": -0.18706955015659332,
        "z": 0.0003100034373346716
      }
    },
    "imu": {
      "timestamp_ns": 1767408940785472300,
      "linear_acceleration": {
        "x": -0.036316871643066406,
        "y": 0.026897680014371872,
        "z": -9.399293899536133
      },
      "angular_velocity": {
        "x": -0.025731492787599564,
        "y": -0.18706955015659332,
        "z": 0.0003100034373346716
      },
      "orientation": {
        "w": 0.9061179161071777,
        "x": -0.08559905737638474,
        "y": 0.11142297089099884,
        "z": 0.3990088105201721
      }
    },
    "battery_percent": 72.63286009833315,
    "landed_state": "flying",
    "latency_ms": 220.3174999958719
  },
  "files": {
    "rgb": "data\\maps\\sequence_normal_ops_001_preflight_20260102_215340\\frames\\1767408940611915400.png",
    "depth": "data\\maps\\sequence_normal_ops_001_preflight_20260102_215340\\frames\\1767408940611915400_depth.npy"
  }
}