{
  "frame_id": "1767408923022692300",
  "sequence": 2399,
  "timestamp": "2026-01-02T21:55:23.022692",
  "timestamp_ns": 1767408923022692300,
  "camera": {
    "name": "front_center",
    "resolution": [
      1920,
      1080
    ],
    "fov_deg": 89.90362548828125,
    "intrinsics": {
      "fx": 961.6161300315734,
      "fy": 961.6161300315734,
      "cx": 960.0,
      "cy": 540.0
    },
    "pose": {
      "position": {
        "x": 91.98018646240234,
        "y": 93.02513122558594,
        "z": -20.18029022216797
      },
      "orientation": {
        "w": 0.9132799506187439,
        "x": -0.009766086004674435,
        "y": -0.002359466627240181,
        "z": 0.40720856189727783
      }
    }
  },
  "telemetry": {
    "sequence": 2400,
    "server_timestamp_ms": 1767408923327.9805,
    "airsim_timestamp_ns": 1767408923327980500,
    "pose": {
      "timestamp_ns": 1767408923327980500,
      "position": {
        "x": 91.70414733886719,
        "y": 92.73030853271484,
        "z": -19.75971221923828
      },
      "orientation": {
        "w": 0.9057746529579163,
        "x": -0.06283392012119293,
        "y": 0.11686766892671585,
        "z": 0.4024501144886017
      },
      "linear_velocity": {
        "x": 2.4298863410949707,
        "y": 2.4611799716949463,
        "z": -0.5078585147857666
      },
      "angular_velocity": {
        "x": -0.025252167135477066,
        "y": 1.1212315559387207,
        "z": -0.002078189980238676
      }
    },
    "imu": {
      "timestamp_ns": 1767408923199227600,
      "linear_acceleration": {
        "x": -0.09325814247131348,
        "y": 0.02017754316329956,
        "z": -16.09022331237793
      },
      "angular_velocity": {
        "x": -0.025252167135477066,
        "y": 1.1212315559387207,
        "z": -0.002078189980238676
      },
      "orientation": {
        "w": 0.9055737853050232,
        "x": -0.06355184316635132,
        "y": 0.1183905377984047,
        "z": 0.4023444354534149
      }
    },
    "battery_percent": 77.09080580386667,
    "landed_state": "flying",
    "latency_ms": 305.0654000035138
  },
  "files": {
    "rgb": "data\\maps\\sequence_normal_ops_001_preflight_20260102_215340\\frames\\1767408923022692300.png",
    "depth": "data\\maps\\sequence_normal_ops_001_preflight_20260102_215340\\frames\\1767408923022692300_depth.npy"
  }
}