{
  "frame_id": "1767408911473026000",
  "sequence": 2175,
  "timestamp": "2026-01-02T21:55:11.473026",
  "timestamp_ns": 1767408911473026000,
  "camera": {
    "name": "front_center",
    "resolution": [
      1920,
      1080
    ],
    "fov_deg": 89.90362548828125,
    "intrinsics": {
      "fx": 961.6161300315734,
      "fy": 961.6161300315734,
      "cx": 960.0,
      "cy": 540.0
    },
    "pose": {
      "position": {
        "x": 71.0389404296875,
        "y": 71.81451416015625,
        "z": -20.93160629272461
      },
      "orientation": {
        "w": 0.9083201289176941,
        "x": -0.01616627164185047,
        "y": 0.01059754192829132,
        "z": 0.4178287982940674
      }
    }
  },
  "telemetry": {
    "sequence": 2177,
    "server_timestamp_ms": 1767408911667.9553,
    "airsim_timestamp_ns": 1767408911667955500,
    "pose": {
      "timestamp_ns": 1767408911667955500,
      "position": {
        "x": 70.95610046386719,
        "y": 71.71772003173828,
        "z": -20.564252853393555
      },
      "orientation": {
        "w": 0.8945578932762146,
        "x": -0.08863119781017303,
        "y": 0.15186138451099396,
        "z": 0.4109122157096863
      },
      "linear_velocity": {
        "x": 1.993291974067688,
        "y": 2.137136220932007,
        "z": -0.8545207381248474
      },
      "angular_velocity": {
        "x": -0.17834705114364624,
        "y": 0.40694254636764526,
        "z": 0.0012172148562967777
      }
    },
    "imu": {
      "timestamp_ns": 1767408911667288200,
      "linear_acceleration": {
        "x": -0.10504794120788574,
        "y": 0.024667784571647644,
        "z": -10.934770584106445
      },
      "angular_velocity": {
        "x": -0.17834705114364624,
        "y": 0.40694254636764526,
        "z": 0.0012172148562967777
      },
      "orientation": {
        "w": 0.8940629363059998,
        "x": -0.09064988046884537,
        "y": 0.15374328196048737,
        "z": 0.4108492434024811
      }
    },
    "battery_percent": 80.10860855085423,
    "landed_state": "flying",
    "latency_ms": 195.4838000019663
  },
  "files": {
    "rgb": "data\\maps\\sequence_normal_ops_001_preflight_20260102_215340\\frames\\1767408911473026000.png",
    "depth": "data\\maps\\sequence_normal_ops_001_preflight_20260102_215340\\frames\\1767408911473026000_depth.npy"
  }
}