{
  "frame_id": "1767408916978904900",
  "sequence": 2293,
  "timestamp": "2026-01-02T21:55:16.978904",
  "timestamp_ns": 1767408916978904900,
  "camera": {
    "name": "front_center",
    "resolution": [
      1920,
      1080
    ],
    "fov_deg": 89.90362548828125,
    "intrinsics": {
      "fx": 961.6161300315734,
      "fy": 961.6161300315734,
      "cx": 960.0,
      "cy": 540.0
    },
    "pose": {
      "position": {
        "x": 81.2777099609375,
        "y": 82.20850372314453,
        "z": -20.885969161987305
      },
      "orientation": {
        "w": 0.9157671928405762,
        "x": -0.002775918459519744,
        "y": -0.011190145276486874,
        "z": 0.4015439748764038
      }
    }
  },
  "telemetry": {
    "sequence": 2294,
    "server_timestamp_ms": 1767408917249.3735,
    "airsim_timestamp_ns": 1767408917249373400,
    "pose": {
      "timestamp_ns": 1767408917249373400,
      "position": {
        "x": 80.9936752319336,
        "y": 81.90876007080078,
        "z": -20.47429656982422
      },
      "orientation": {
        "w": 0.9093932509422302,
        "x": -0.05516417697072029,
        "y": 0.1084371879696846,
        "z": 0.39774638414382935
      },
      "linear_velocity": {
        "x": 2.4659042358398438,
        "y": 2.4830501079559326,
        "z": -0.4099891483783722
      },
      "angular_velocity": {
        "x": -0.07729610800743103,
        "y": 1.277129054069519,
        "z": -0.0010618907399475574
      }
    },
    "imu": {
      "timestamp_ns": 1767408917155622000,
      "linear_acceleration": {
        "x": -0.08897590637207031,
        "y": 0.02165082097053528,
        "z": -15.924788475036621
      },
      "angular_velocity": {
        "x": -0.07729610800743103,
        "y": 1.277129054069519,
        "z": -0.0010618907399475574
      },
      "orientation": {
        "w": 0.9091750979423523,
        "x": -0.05604264885187149,
        "y": 0.11015821993350983,
        "z": 0.3976495563983917
      }
    },
    "battery_percent": 78.67585192737658,
    "landed_state": "flying",
    "latency_ms": 269.79739999660524
  },
  "files": {
    "rgb": "data\\maps\\sequence_normal_ops_001_preflight_20260102_215340\\frames\\1767408916978904900.png",
    "depth": "data\\maps\\sequence_normal_ops_001_preflight_20260102_215340\\frames\\1767408916978904900_depth.npy"
  }
}