{
  "frame_id": "1767408867923391200",
  "sequence": 1308,
  "timestamp": "2026-01-02T21:54:27.923391",
  "timestamp_ns": 1767408867923391200,
  "camera": {
    "name": "front_center",
    "resolution": [
      1920,
      1080
    ],
    "fov_deg": 89.90362548828125,
    "intrinsics": {
      "fx": 961.6161300315734,
      "fy": 961.6161300315734,
      "cx": 960.0,
      "cy": 540.0
    },
    "pose": {
      "position": {
        "x": 0.012763291597366333,
        "y": 2.029611110687256,
        "z": -20.753623962402344
      },
      "orientation": {
        "w": 0.7106420993804932,
        "x": 0.031750522553920746,
        "y": -0.03423502668738365,
        "z": 0.7020025849342346
      }
    }
  },
  "telemetry": {
    "sequence": 1309,
    "server_timestamp_ms": 1767408868182.5269,
    "airsim_timestamp_ns": 1767408868182526700,
    "pose": {
      "timestamp_ns": 1767408868182526700,
      "position": {
        "x": 0.006172808352857828,
        "y": 1.5870237350463867,
        "z": -20.374053955078125
      },
      "orientation": {
        "w": 0.7090310454368591,
        "x": -0.06015083193778992,
        "y": 0.05881527066230774,
        "z": 0.7001411318778992
      },
      "linear_velocity": {
        "x": 0.009662240743637085,
        "y": 1.3005613088607788,
        "z": 0.5146502256393433
      },
      "angular_velocity": {
        "x": -0.0033544288016855717,
        "y": -0.2006862759590149,
        "z": 7.78373796492815e-05
      }
    },
    "imu": {
      "timestamp_ns": 1767408868096845300,
      "linear_acceleration": {
        "x": -0.015976428985595703,
        "y": 0.028169870376586914,
        "z": -10.50493335723877
      },
      "angular_velocity": {
        "x": -0.0033357657957822084,
        "y": -0.2001694142818451,
        "z": 7.670390186831355e-05
      },
      "orientation": {
        "w": 0.709048330783844,
        "x": -0.059943851083517075,
        "y": 0.058598559349775314,
        "z": 0.7001596093177795
      }
    },
    "battery_percent": 90.8523704165638,
    "landed_state": "flying",
    "latency_ms": 258.9683000041987
  },
  "files": {
    "rgb": "data\\maps\\sequence_normal_ops_001_preflight_20260102_215340\\frames\\1767408867923391200.png",
    "depth": "data\\maps\\sequence_normal_ops_001_preflight_20260102_215340\\frames\\1767408867923391200_depth.npy"
  }
}