{
  "frame_id": "1767408887912617300",
  "sequence": 1667,
  "timestamp": "2026-01-02T21:54:47.912617",
  "timestamp_ns": 1767408887912617300,
  "camera": {
    "name": "front_center",
    "resolution": [
      1920,
      1080
    ],
    "fov_deg": 89.90362548828125,
    "intrinsics": {
      "fx": 961.6161300315734,
      "fy": 961.6161300315734,
      "cx": 960.0,
      "cy": 540.0
    },
    "pose": {
      "position": {
        "x": 31.422746658325195,
        "y": 31.825408935546875,
        "z": -21.117725372314453
      },
      "orientation": {
        "w": 0.9156028628349304,
        "x": -0.022528285160660744,
        "y": 0.036302436143159866,
        "z": 0.3998074531555176
      }
    }
  },
  "telemetry": {
    "sequence": 1668,
    "server_timestamp_ms": 1767408888196.5107,
    "airsim_timestamp_ns": 1767408888196510600,
    "pose": {
      "timestamp_ns": 1767408888196510600,
      "position": {
        "x": 31.16839027404785,
        "y": 31.558788299560547,
        "z": -20.665822982788086
      },
      "orientation": {
        "w": 0.9030313491821289,
        "x": -0.07452090084552765,
        "y": 0.15550202131271362,
        "z": 0.39344653487205505
      },
      "linear_velocity": {
        "x": 1.8716514110565186,
        "y": 1.7456940412521362,
        "z": -0.6657103896141052
      },
      "angular_velocity": {
        "x": -0.1284044235944748,
        "y": 0.06911636888980865,
        "z": 0.005482262931764126
      }
    },
    "imu": {
      "timestamp_ns": 1767408888121659600,
      "linear_acceleration": {
        "x": -0.09786701202392578,
        "y": 0.022490769624710083,
        "z": -8.89922046661377
      },
      "angular_velocity": {
        "x": -0.1284044235944748,
        "y": 0.06911636888980865,
        "z": 0.005482262931764126
      },
      "orientation": {
        "w": 0.9030313491821289,
        "x": -0.07452090084552765,
        "y": 0.15550202131271362,
        "z": 0.39344653487205505
      }
    },
    "battery_percent": 86.05337894222208,
    "landed_state": "flying",
    "latency_ms": 283.1350999986171
  },
  "files": {
    "rgb": "data\\maps\\sequence_normal_ops_001_preflight_20260102_215340\\frames\\1767408887912617300.png",
    "depth": "data\\maps\\sequence_normal_ops_001_preflight_20260102_215340\\frames\\1767408887912617300_depth.npy"
  }
}