{
  "frame_id": "1767408928805975700",
  "sequence": 2537,
  "timestamp": "2026-01-02T21:55:28.805975",
  "timestamp_ns": 1767408928805975700,
  "camera": {
    "name": "front_center",
    "resolution": [
      1920,
      1080
    ],
    "fov_deg": 89.90362548828125,
    "intrinsics": {
      "fx": 961.6161300315734,
      "fy": 961.6161300315734,
      "cx": 960.0,
      "cy": 540.0
    },
    "pose": {
      "position": {
        "x": 102.4463882446289,
        "y": 103.60601806640625,
        "z": -20.615041732788086
      },
      "orientation": {
        "w": 0.9144296050071716,
        "x": -0.017063062638044357,
        "y": 0.038731690496206284,
        "z": 0.40252599120140076
      }
    }
  },
  "telemetry": {
    "sequence": 2538,
    "server_timestamp_ms": 1767408929056.8333,
    "airsim_timestamp_ns": 1767408929056833400,
    "pose": {
      "timestamp_ns": 1767408929056833400,
      "position": {
        "x": 102.19756317138672,
        "y": 103.33432006835938,
        "z": -20.16307830810547
      },
      "orientation": {
        "w": 0.9015510678291321,
        "x": -0.0694572702050209,
        "y": 0.15775735676288605,
        "z": 0.3968551456928253
      },
      "linear_velocity": {
        "x": 2.014921188354492,
        "y": 1.9728912115097046,
        "z": -0.7996811270713806
      },
      "angular_velocity": {
        "x": -0.10656927525997162,
        "y": 0.15702322125434875,
        "z": 0.007059113122522831
      }
    },
    "imu": {
      "timestamp_ns": 1767408928973502800,
      "linear_acceleration": {
        "x": -0.11000752449035645,
        "y": 0.02161872386932373,
        "z": -9.210878372192383
      },
      "angular_velocity": {
        "x": -0.10656927525997162,
        "y": 0.15702322125434875,
        "z": 0.007059113122522831
      },
      "orientation": {
        "w": 0.9014437198638916,
        "x": -0.06992758810520172,
        "y": 0.15807710587978363,
        "z": 0.39688917994499207
      }
    },
    "battery_percent": 75.61878090104207,
    "landed_state": "flying",
    "latency_ms": 250.3937000001315
  },
  "files": {
    "rgb": "data\\maps\\sequence_normal_ops_001_preflight_20260102_215340\\frames\\1767408928805975700.png",
    "depth": "data\\maps\\sequence_normal_ops_001_preflight_20260102_215340\\frames\\1767408928805975700_depth.npy"
  }
}