{
  "frame_id": "1767408876008317200",
  "sequence": 1428,
  "timestamp": "2026-01-02T21:54:36.008317",
  "timestamp_ns": 1767408876008317200,
  "camera": {
    "name": "front_center",
    "resolution": [
      1920,
      1080
    ],
    "fov_deg": 89.90362548828125,
    "intrinsics": {
      "fx": 961.6161300315734,
      "fy": 961.6161300315734,
      "cx": 960.0,
      "cy": 540.0
    },
    "pose": {
      "position": {
        "x": 10.993755340576172,
        "y": 10.923145294189453,
        "z": -21.04395294189453
      },
      "orientation": {
        "w": 0.9442410469055176,
        "x": -0.015712058171629906,
        "y": 0.02937786467373371,
        "z": 0.3275652229785919
      }
    }
  },
  "telemetry": {
    "sequence": 1429,
    "server_timestamp_ms": 1767408876279.3223,
    "airsim_timestamp_ns": 1767408876279322100,
    "pose": {
      "timestamp_ns": 1767408876279322100,
      "position": {
        "x": 10.695059776306152,
        "y": 10.6932954788208,
        "z": -20.599037170410156
      },
      "orientation": {
        "w": 0.9323283433914185,
        "x": -0.05833347886800766,
        "y": 0.15237471461296082,
        "z": 0.3227120041847229
      },
      "linear_velocity": {
        "x": 2.3020544052124023,
        "y": 1.7756901979446411,
        "z": -0.7493929266929626
      },
      "angular_velocity": {
        "x": -0.13599425554275513,
        "y": 0.3999198079109192,
        "z": 0.00115977821405977
      }
    },
    "imu": {
      "timestamp_ns": 1767408876190747200,
      "linear_acceleration": {
        "x": -0.11809241771697998,
        "y": 0.015561997890472412,
        "z": -10.626656532287598
      },
      "angular_velocity": {
        "x": -0.13599425554275513,
        "y": 0.3999198079109192,
        "z": 0.00115977821405977
      },
      "orientation": {
        "w": 0.9321160316467285,
        "x": -0.05910324677824974,
        "y": 0.15338970720767975,
        "z": 0.322704553604126
      }
    },
    "battery_percent": 89.08049111714604,
    "landed_state": "flying",
    "latency_ms": 271.1316999993869
  },
  "files": {
    "rgb": "data\\maps\\sequence_normal_ops_001_preflight_20260102_215340\\frames\\1767408876008317200.png",
    "depth": "data\\maps\\sequence_normal_ops_001_preflight_20260102_215340\\frames\\1767408876008317200_depth.npy"
  }
}