{
  "frame_id": "1767408953432119400",
  "sequence": 3170,
  "timestamp": "2026-01-02T21:55:53.432119",
  "timestamp_ns": 1767408953432119400,
  "camera": {
    "name": "front_center",
    "resolution": [
      1920,
      1080
    ],
    "fov_deg": 89.90362548828125,
    "intrinsics": {
      "fx": 961.6161300315734,
      "fy": 961.6161300315734,
      "cx": 960.0,
      "cy": 540.0
    },
    "pose": {
      "position": {
        "x": 144.0061798095703,
        "y": 140.84693908691406,
        "z": -20.87813377380371
      },
      "orientation": {
        "w": 0.9405806660652161,
        "x": -0.002906067995354533,
        "y": -0.02058979868888855,
        "z": 0.33893314003944397
      }
    }
  },
  "telemetry": {
    "sequence": 3171,
    "server_timestamp_ms": 1767408953627.9463,
    "airsim_timestamp_ns": 1767408953627946600,
    "pose": {
      "timestamp_ns": 1767408953627946600,
      "position": {
        "x": 143.67726135253906,
        "y": 140.58489990234375,
        "z": -20.47420883178711
      },
      "orientation": {
        "w": 0.9352213740348816,
        "x": -0.04712085798382759,
        "y": 0.10235676169395447,
        "z": 0.33565419912338257
      },
      "linear_velocity": {
        "x": 2.7767300605773926,
        "y": 2.1946120262145996,
        "z": -0.3423851430416107
      },
      "angular_velocity": {
        "x": -0.06482254713773727,
        "y": 1.522934079170227,
        "z": -0.0009436237742193043
      }
    },
    "imu": {
      "timestamp_ns": 1767408953597557900,
      "linear_acceleration": {
        "x": -0.09233856201171875,
        "y": 0.01573622226715088,
        "z": -15.628658294677734
      },
      "angular_velocity": {
        "x": -0.06482254713773727,
        "y": 1.522934079170227,
        "z": -0.0009436237742193043
      },
      "orientation": {
        "w": 0.934977114200592,
        "x": -0.047988321632146835,
        "y": 0.10449783504009247,
        "z": 0.33555206656455994
      }
    },
    "battery_percent": 69.43850155334809,
    "landed_state": "flying",
    "latency_ms": 195.61740000062855
  },
  "files": {
    "rgb": "data\\maps\\sequence_normal_ops_001_preflight_20260102_215340\\frames\\1767408953432119400.png",
    "depth": "data\\maps\\sequence_normal_ops_001_preflight_20260102_215340\\frames\\1767408953432119400_depth.npy"
  }
}