{
  "frame_id": "1767408905878035600",
  "sequence": 2052,
  "timestamp": "2026-01-02T21:55:05.878035",
  "timestamp_ns": 1767408905878035600,
  "camera": {
    "name": "front_center",
    "resolution": [
      1920,
      1080
    ],
    "fov_deg": 89.90362548828125,
    "intrinsics": {
      "fx": 961.6161300315734,
      "fy": 961.6161300315734,
      "cx": 960.0,
      "cy": 540.0
    },
    "pose": {
      "position": {
        "x": 62.73158645629883,
        "y": 63.284175872802734,
        "z": -21.188220977783203
      },
      "orientation": {
        "w": 0.910358726978302,
        "x": -0.03364214301109314,
        "y": -0.006367995869368315,
        "z": 0.41240108013153076
      }
    }
  },
  "telemetry": {
    "sequence": 2053,
    "server_timestamp_ms": 1767408906131.5469,
    "airsim_timestamp_ns": 1767408906131546900,
    "pose": {
      "timestamp_ns": 1767408906131546900,
      "position": {
        "x": 62.44767761230469,
        "y": 63.00313949584961,
        "z": -20.763469696044922
      },
      "orientation": {
        "w": 0.9034016728401184,
        "x": -0.08718347549438477,
        "y": 0.11251214146614075,
        "z": 0.40448176860809326
      },
      "linear_velocity": {
        "x": 0.987387478351593,
        "y": 0.5048338770866394,
        "z": 0.1831340193748474
      },
      "angular_velocity": {
        "x": -0.034147318452596664,
        "y": -0.18809470534324646,
        "z": 0.00019798237190116197
      }
    },
    "imu": {
      "timestamp_ns": 1767408906045994100,
      "linear_acceleration": {
        "x": -0.03818917274475098,
        "y": 0.027009382843971252,
        "z": -9.3341703414917
      },
      "angular_velocity": {
        "x": -0.034147318452596664,
        "y": -0.18809470534324646,
        "z": 0.00019798237190116197
      },
      "orientation": {
        "w": 0.9034584760665894,
        "x": -0.0870431438088417,
        "y": 0.11193008720874786,
        "z": 0.4045465886592865
      }
    },
    "battery_percent": 81.50215652831378,
    "landed_state": "flying",
    "latency_ms": 253.11719999444904
  },
  "files": {
    "rgb": "data\\maps\\sequence_normal_ops_001_preflight_20260102_215340\\frames\\1767408905878035600.png",
    "depth": "data\\maps\\sequence_normal_ops_001_preflight_20260102_215340\\frames\\1767408905878035600_depth.npy"
  }
}