{
  "frame_id": "1767408948250076000",
  "sequence": 3035,
  "timestamp": "2026-01-02T21:55:48.250076",
  "timestamp_ns": 1767408948250076000,
  "camera": {
    "name": "front_center",
    "resolution": [
      1920,
      1080
    ],
    "fov_deg": 89.90362548828125,
    "intrinsics": {
      "fx": 961.6161300315734,
      "fy": 961.6161300315734,
      "cx": 960.0,
      "cy": 540.0
    },
    "pose": {
      "position": {
        "x": 134.21922302246094,
        "y": 133.13632202148438,
        "z": -21.136873245239258
      },
      "orientation": {
        "w": 0.9242245554924011,
        "x": -0.03382638841867447,
        "y": 0.03479868546128273,
        "z": 0.3787528872489929
      }
    }
  },
  "telemetry": {
    "sequence": 3036,
    "server_timestamp_ms": 1767408948464.6348,
    "airsim_timestamp_ns": 1767408948464634500,
    "pose": {
      "timestamp_ns": 1767408948464634500,
      "position": {
        "x": 133.94740295410156,
        "y": 132.89077758789062,
        "z": -20.683202743530273
      },
      "orientation": {
        "w": 0.9117755889892578,
        "x": -0.08297417312860489,
        "y": 0.15513649582862854,
        "z": 0.3710973858833313
      },
      "linear_velocity": {
        "x": 1.7473134994506836,
        "y": 1.6601040363311768,
        "z": -0.5970790982246399
      },
      "angular_velocity": {
        "x": -0.17425744235515594,
        "y": 0.006058609578758478,
        "z": 0.0007760734297335148
      }
    },
    "imu": {
      "timestamp_ns": 1767408948419958000,
      "linear_acceleration": {
        "x": -0.09498894214630127,
        "y": 0.01894982159137726,
        "z": -8.621140480041504
      },
      "angular_velocity": {
        "x": -0.17425744235515594,
        "y": 0.006058609578758478,
        "z": 0.0007760734297335148
      },
      "orientation": {
        "w": 0.9117514491081238,
        "x": -0.0832178071141243,
        "y": 0.15505027770996094,
        "z": 0.3711381256580353
      }
    },
    "battery_percent": 70.73752308297928,
    "landed_state": "flying",
    "latency_ms": 213.9318000045023
  },
  "files": {
    "rgb": "data\\maps\\sequence_normal_ops_001_preflight_20260102_215340\\frames\\1767408948250076000.png",
    "depth": "data\\maps\\sequence_normal_ops_001_preflight_20260102_215340\\frames\\1767408948250076000_depth.npy"
  }
}