{
  "frame_id": "1767408941694068000",
  "sequence": 2867,
  "timestamp": "2026-01-02T21:55:41.694068",
  "timestamp_ns": 1767408941694068000,
  "camera": {
    "name": "front_center",
    "resolution": [
      1920,
      1080
    ],
    "fov_deg": 89.90362548828125,
    "intrinsics": {
      "fx": 961.6161300315734,
      "fy": 961.6161300315734,
      "cx": 960.0,
      "cy": 540.0
    },
    "pose": {
      "position": {
        "x": 124.25989532470703,
        "y": 124.37700653076172,
        "z": -20.836833953857422
      },
      "orientation": {
        "w": 0.913265585899353,
        "x": 0.04114096611738205,
        "y": -0.06986343860626221,
        "z": 0.39921480417251587
      }
    }
  },
  "telemetry": {
    "sequence": 2869,
    "server_timestamp_ms": 1767408941971.391,
    "airsim_timestamp_ns": 1767408941971391200,
    "pose": {
      "timestamp_ns": 1767408941971391200,
      "position": {
        "x": 123.94800567626953,
        "y": 124.02890014648438,
        "z": -20.48819351196289
      },
      "orientation": {
        "w": 0.9145715236663818,
        "x": -0.011318988166749477,
        "y": 0.049939338117837906,
        "z": 0.40116944909095764
      },
      "linear_velocity": {
        "x": -0.10966182500123978,
        "y": -1.285605788230896,
        "z": 0.10935039818286896
      },
      "angular_velocity": {
        "x": 0.1262895166873932,
        "y": -0.1289443075656891,
        "z": 0.00039196229772642255
      }
    },
    "imu": {
      "timestamp_ns": 1767408941874832700,
      "linear_acceleration": {
        "x": -0.004534423351287842,
        "y": 0.032197922468185425,
        "z": -10.20725154876709
      },
      "angular_velocity": {
        "x": 0.1262895166873932,
        "y": -0.1289443075656891,
        "z": 0.00039196229772642255
      },
      "orientation": {
        "w": 0.9145945310592651,
        "x": -0.010817499831318855,
        "y": 0.04973748326301575,
        "z": 0.401155948638916
      }
    },
    "battery_percent": 72.39714856330056,
    "landed_state": "flying",
    "latency_ms": 261.52320000255713
  },
  "files": {
    "rgb": "data\\maps\\sequence_normal_ops_001_preflight_20260102_215340\\frames\\1767408941694068000.png",
    "depth": "data\\maps\\sequence_normal_ops_001_preflight_20260102_215340\\frames\\1767408941694068000_depth.npy"
  }
}