{
  "frame_id": "1767408899194082000",
  "sequence": 1906,
  "timestamp": "2026-01-02T21:54:59.194082",
  "timestamp_ns": 1767408899194082000,
  "camera": {
    "name": "front_center",
    "resolution": [
      1920,
      1080
    ],
    "fov_deg": 89.90362548828125,
    "intrinsics": {
      "fx": 961.6161300315734,
      "fy": 961.6161300315734,
      "cx": 960.0,
      "cy": 540.0
    },
    "pose": {
      "position": {
        "x": 50.78056716918945,
        "y": 51.39741134643555,
        "z": -20.89613914489746
      },
      "orientation": {
        "w": 0.9133641123771667,
        "x": -0.0008320123888552189,
        "y": -0.016298722475767136,
        "z": 0.4068165421485901
      }
    }
  },
  "telemetry": {
    "sequence": 1907,
    "server_timestamp_ms": 1767408899445.7808,
    "airsim_timestamp_ns": 1767408899445780800,
    "pose": {
      "timestamp_ns": 1767408899445780800,
      "position": {
        "x": 50.52608871459961,
        "y": 51.12165832519531,
        "z": -20.49358558654785
      },
      "orientation": {
        "w": 0.9067971706390381,
        "x": -0.05758285149931908,
        "y": 0.11016697436571121,
        "z": 0.4028230309486389
      },
      "linear_velocity": {
        "x": 2.4208199977874756,
        "y": 2.514008045196533,
        "z": -0.4176631569862366
      },
      "angular_velocity": {
        "x": -0.07881669700145721,
        "y": 1.253880500793457,
        "z": -0.0009042451856657863
      }
    },
    "imu": {
      "timestamp_ns": 1767408899367678900,
      "linear_acceleration": {
        "x": -0.0885857343673706,
        "y": 0.021755874156951904,
        "z": -15.92475700378418
      },
      "angular_velocity": {
        "x": -0.07881669700145721,
        "y": 1.253880500793457,
        "z": -0.0009042451856657863
      },
      "orientation": {
        "w": 0.9067971706390381,
        "x": -0.05758285149931908,
        "y": 0.11016697436571121,
        "z": 0.4028230309486389
      }
    },
    "battery_percent": 83.19723648300067,
    "landed_state": "flying",
    "latency_ms": 252.0682999966084
  },
  "files": {
    "rgb": "data\\maps\\sequence_normal_ops_001_preflight_20260102_215340\\frames\\1767408899194082000.png",
    "depth": "data\\maps\\sequence_normal_ops_001_preflight_20260102_215340\\frames\\1767408899194082000_depth.npy"
  }
}