{
  "frame_id": "1767376593366010700",
  "sequence": 271,
  "timestamp": "2026-01-02T12:56:33.366010",
  "timestamp_ns": 1767376593366010700,
  "camera": {
    "name": "front_center",
    "resolution": [
      1280,
      720
    ],
    "fov_deg": 89.90362548828125,
    "intrinsics": {
      "fx": 641.077420021049,
      "fy": 641.077420021049,
      "cx": 640.0,
      "cy": 360.0
    },
    "pose": {
      "position": {
        "x": 23.633134841918945,
        "y": 21.2762508392334,
        "z": -20.61749839782715
      },
      "orientation": {
        "w": 0.9051955342292786,
        "x": -0.01572902500629425,
        "y": -0.09896346926689148,
        "z": 0.41301319003105164
      }
    }
  },
  "telemetry": {
    "sequence": 272,
    "server_timestamp_ms": 1767376593544.0613,
    "airsim_timestamp_ns": 1767376593544061100,
    "pose": {
      "timestamp_ns": 1767376593543531400,
      "position": {
        "x": 23.459585189819336,
        "y": 21.096874237060547,
        "z": -20.516481399536133
      },
      "orientation": {
        "w": 0.9103761911392212,
        "x": -0.051665641367435455,
        "y": -0.019693894311785698,
        "z": 0.41007065773010254
      },
      "linear_velocity": {
        "x": 0.9201365113258362,
        "y": 0.8672453165054321,
        "z": 0.0021372514311224222
      },
      "angular_velocity": {
        "x": 0.011090206913650036,
        "y": 0.09158964455127716,
        "z": 1.52589946083026e-05
      }
    },
    "imu": {
      "timestamp_ns": 1767376591751220480,
      "linear_acceleration": {
        "x": -0.040747806429862976,
        "y": 0.017842411994934082,
        "z": -9.866045951843262
      },
      "angular_velocity": {
        "x": 0.011321401223540306,
        "y": 0.09157349169254303,
        "z": 1.4779762750549708e-05
      },
      "orientation": {
        "w": 0.9103936553001404,
        "x": -0.05187404528260231,
        "y": -0.01903531327843666,
        "z": 0.41003677248954773
      }
    },
    "battery_percent": 84.64346142102228,
    "landed_state": "flying",
    "latency_ms": 174.55130000053032
  },
  "files": {
    "rgb": "data\\maps\\sequence_normal_ops_001_preflight_20260102_125544\\frames\\1767376593366010700.png",
    "depth": "data\\maps\\sequence_normal_ops_001_preflight_20260102_125544\\frames\\1767376593366010700_depth.npy"
  }
}