{
  "frame_id": "1767376581178084900",
  "sequence": 179,
  "timestamp": "2026-01-02T12:56:21.178084",
  "timestamp_ns": 1767376581178084900,
  "camera": {
    "name": "front_center",
    "resolution": [
      1280,
      720
    ],
    "fov_deg": 89.90362548828125,
    "intrinsics": {
      "fx": 641.077420021049,
      "fy": 641.077420021049,
      "cx": 640.0,
      "cy": 360.0
    },
    "pose": {
      "position": {
        "x": 15.72776985168457,
        "y": 10.847829818725586,
        "z": -20.63737678527832
      },
      "orientation": {
        "w": 0.9214836359024048,
        "x": 0.009595867246389389,
        "y": -0.03491910547018051,
        "z": 0.38672539591789246
      }
    }
  },
  "telemetry": {
    "sequence": 180,
    "server_timestamp_ms": 1767376581330.0278,
    "airsim_timestamp_ns": 1767376581330027900,
    "pose": {
      "timestamp_ns": 1767376581330027900,
      "position": {
        "x": 15.559860229492188,
        "y": 10.678544998168945,
        "z": -20.51228141784668
      },
      "orientation": {
        "w": 0.9210205078125,
        "x": -0.024145986884832382,
        "y": 0.04552636295557022,
        "z": 0.38609012961387634
      },
      "linear_velocity": {
        "x": 0.8743698596954346,
        "y": -0.7464037537574768,
        "z": 0.0003110692778136581
      },
      "angular_velocity": {
        "x": 0.09204516559839249,
        "y": 0.0013558852951973677,
        "z": -4.1969229641836137e-05
      }
    },
    "imu": {
      "timestamp_ns": 1767376579591961088,
      "linear_acceleration": {
        "x": -0.014107763767242432,
        "y": 0.04398632049560547,
        "z": -9.860130310058594
      },
      "angular_velocity": {
        "x": 0.09205092489719391,
        "y": 0.001106062438338995,
        "z": -4.150055247009732e-05
      },
      "orientation": {
        "w": 0.9210395812988281,
        "x": -0.023389562964439392,
        "y": 0.04586152359843254,
        "z": 0.3860515356063843
      }
    },
    "battery_percent": 87.43883531742875,
    "landed_state": "flying",
    "latency_ms": 143.46829999885813
  },
  "files": {
    "rgb": "data\\maps\\sequence_normal_ops_001_preflight_20260102_125544\\frames\\1767376581178084900.png",
    "depth": "data\\maps\\sequence_normal_ops_001_preflight_20260102_125544\\frames\\1767376581178084900_depth.npy"
  }
}