{
  "frame_id": "1767376556359750000",
  "sequence": 79,
  "timestamp": "2026-01-02T12:55:56.359750",
  "timestamp_ns": 1767376556359750000,
  "camera": {
    "name": "front_center",
    "resolution": [
      1280,
      720
    ],
    "fov_deg": 89.90362548828125,
    "intrinsics": {
      "fx": 641.077420021049,
      "fy": 641.077420021049,
      "cx": 640.0,
      "cy": 360.0
    },
    "pose": {
      "position": {
        "x": 5.147045612335205,
        "y": -0.8459471464157104,
        "z": -20.31262969970703
      },
      "orientation": {
        "w": 0.9874516129493713,
        "x": 0.010969102382659912,
        "y": -0.08733228594064713,
        "z": 0.13111871480941772
      }
    }
  },
  "telemetry": {
    "sequence": 80,
    "server_timestamp_ms": 1767376556584.037,
    "airsim_timestamp_ns": 1767376556584037000,
    "pose": {
      "timestamp_ns": 1767376556584037000,
      "position": {
        "x": 4.905503273010254,
        "y": -0.911088764667511,
        "z": -20.213062286376953
      },
      "orientation": {
        "w": 0.9913055300712585,
        "x": -0.000500387221109122,
        "y": -0.0009378836257383227,
        "z": 0.1315757930278778
      },
      "linear_velocity": {
        "x": 0.009633922949433327,
        "y": -0.0006161928176879883,
        "z": -0.0007280185236595571
      },
      "angular_velocity": {
        "x": 0.0010829366510733962,
        "y": 0.0010194331407546997,
        "z": -2.2545918909600005e-08
      }
    },
    "imu": {
      "timestamp_ns": 1767376554832432896,
      "linear_acceleration": {
        "x": -0.024443648755550385,
        "y": 0.0019110171124339104,
        "z": -9.806126594543457
      },
      "angular_velocity": {
        "x": 0.0010862024500966072,
        "y": 0.0010136676719412208,
        "z": -2.324332903924642e-08
      },
      "orientation": {
        "w": 0.9913055896759033,
        "x": -0.0004933897289447486,
        "y": -0.0009291765163652599,
        "z": 0.1315757930278778
      }
    },
    "battery_percent": 92.2565180429543,
    "landed_state": "flying",
    "latency_ms": 218.54290000010224
  },
  "files": {
    "rgb": "data\\maps\\sequence_normal_ops_001_preflight_20260102_125544\\frames\\1767376556359750000.png",
    "depth": "data\\maps\\sequence_normal_ops_001_preflight_20260102_125544\\frames\\1767376556359750000_depth.npy"
  }
}