{
  "frame_id": "1767381151653213200",
  "sequence": 585,
  "timestamp": "2026-01-02T14:12:31.653213",
  "timestamp_ns": 1767381151653213200,
  "camera": {
    "name": "front_center",
    "resolution": [
      1280,
      720
    ],
    "fov_deg": 89.90362548828125,
    "intrinsics": {
      "fx": 641.077420021049,
      "fy": 641.077420021049,
      "cx": 640.0,
      "cy": 360.0
    },
    "pose": {
      "position": {
        "x": 15.891891479492188,
        "y": 9.826964378356934,
        "z": -20.44001579284668
      },
      "orientation": {
        "w": 0.9366647601127625,
        "x": 0.059976641088724136,
        "y": -0.10729272663593292,
        "z": 0.32794854044914246
      }
    }
  },
  "telemetry": {
    "sequence": 587,
    "server_timestamp_ms": 1767381151747.609,
    "airsim_timestamp_ns": 1767381151747608900,
    "pose": {
      "timestamp_ns": 1767381151747608900,
      "position": {
        "x": 15.685483932495117,
        "y": 9.665842056274414,
        "z": -20.35740852355957
      },
      "orientation": {
        "w": 0.9424588680267334,
        "x": 0.030852219089865685,
        "y": -0.025595560669898987,
        "z": 0.3319101333618164
      },
      "linear_velocity": {
        "x": -0.7587291598320007,
        "y": 0.20838411152362823,
        "z": 0.00015260335931088775
      },
      "angular_velocity": {
        "x": -0.06875040382146835,
        "y": -0.03676067665219307,
        "z": -6.750207103323191e-05
      }
    },
    "imu": {
      "timestamp_ns": 1767381149020753408,
      "linear_acceleration": {
        "x": -0.008888810873031616,
        "y": 0.00471296114847064,
        "z": -9.836019515991211
      },
      "angular_velocity": {
        "x": -0.06875040382146835,
        "y": -0.03676067665219307,
        "z": -6.750207103323191e-05
      },
      "orientation": {
        "w": 0.9424588680267334,
        "x": 0.030852219089865685,
        "y": -0.025595560669898987,
        "z": 0.3319101333618164
      }
    },
    "battery_percent": 85.89700022462516,
    "landed_state": "flying",
    "latency_ms": 94.49669999958132
  },
  "files": {
    "rgb": "data\\maps\\sequence_normal_ops_001_preflight_20260102_141122\\frames\\1767381151653213200.png",
    "depth": "data\\maps\\sequence_normal_ops_001_preflight_20260102_141122\\frames\\1767381151653213200_depth.npy"
  }
}