{
  "frame_id": "1767381165468073900",
  "sequence": 716,
  "timestamp": "2026-01-02T14:12:45.468073",
  "timestamp_ns": 1767381165468073900,
  "camera": {
    "name": "front_center",
    "resolution": [
      1280,
      720
    ],
    "fov_deg": 89.90362548828125,
    "intrinsics": {
      "fx": 641.077420021049,
      "fy": 641.077420021049,
      "cx": 640.0,
      "cy": 360.0
    },
    "pose": {
      "position": {
        "x": 26.53704261779785,
        "y": 21.917312622070312,
        "z": -20.634063720703125
      },
      "orientation": {
        "w": 0.9214046597480774,
        "x": 0.012587333098053932,
        "y": -0.03408902883529663,
        "z": 0.38690173625946045
      }
    }
  },
  "telemetry": {
    "sequence": 717,
    "server_timestamp_ms": 1767381165553.4758,
    "airsim_timestamp_ns": 1767381165553475900,
    "pose": {
      "timestamp_ns": 1767381165553475900,
      "position": {
        "x": 26.36971664428711,
        "y": 21.747316360473633,
        "z": -20.5091495513916
      },
      "orientation": {
        "w": 0.9208694696426392,
        "x": -0.021181274205446243,
        "y": 0.04634639993309975,
        "z": 0.386526495218277
      },
      "linear_velocity": {
        "x": 0.8241953253746033,
        "y": -0.7875331044197083,
        "z": 0.0002850378805305809
      },
      "angular_velocity": {
        "x": 0.0912410095334053,
        "y": -0.0038750453386455774,
        "z": -3.129715332761407e-05
      }
    },
    "imu": {
      "timestamp_ns": 1767381162818047744,
      "linear_acceleration": {
        "x": -0.013051152229309082,
        "y": 0.04379378259181976,
        "z": -9.859492301940918
      },
      "angular_velocity": {
        "x": 0.0912410095334053,
        "y": -0.0038750453386455774,
        "z": -3.129715332761407e-05
      },
      "orientation": {
        "w": 0.920881986618042,
        "x": -0.02066921815276146,
        "y": 0.04653932526707649,
        "z": 0.3865013122558594
      }
    },
    "battery_percent": 82.97228947078155,
    "landed_state": "flying",
    "latency_ms": 85.47209999960614
  },
  "files": {
    "rgb": "data\\maps\\sequence_normal_ops_001_preflight_20260102_141122\\frames\\1767381165468073900.png",
    "depth": "data\\maps\\sequence_normal_ops_001_preflight_20260102_141122\\frames\\1767381165468073900_depth.npy"
  }
}