{
  "frame_id": "1767381343489360800",
  "sequence": 1256,
  "timestamp": "2026-01-02T14:15:43.489360",
  "timestamp_ns": 1767381343489360800,
  "camera": {
    "name": "front_center",
    "resolution": [
      1280,
      720
    ],
    "fov_deg": 89.90362548828125,
    "intrinsics": {
      "fx": 641.077420021049,
      "fy": 641.077420021049,
      "cx": 640.0,
      "cy": 360.0
    },
    "pose": {
      "position": {
        "x": 55.8439826965332,
        "y": 52.63786315917969,
        "z": -20.63294792175293
      },
      "orientation": {
        "w": 0.9142740368843079,
        "x": 0.025075338780879974,
        "y": -0.030006706714630127,
        "z": 0.40320447087287903
      }
    }
  },
  "telemetry": {
    "sequence": 1258,
    "server_timestamp_ms": 1767381343594.5354,
    "airsim_timestamp_ns": 1767381343594535500,
    "pose": {
      "timestamp_ns": 1767381343594535500,
      "position": {
        "x": 55.6850471496582,
        "y": 52.45954895019531,
        "z": -20.508670806884766
      },
      "orientation": {
        "w": 0.9134101867675781,
        "x": -0.01016166526824236,
        "y": 0.04979170858860016,
        "z": 0.4038556218147278
      },
      "linear_velocity": {
        "x": 0.6659479737281799,
        "y": -0.9840365648269653,
        "z": -6.906039197929204e-05
      },
      "angular_velocity": {
        "x": 0.08603208512067795,
        "y": -0.023697424679994583,
        "z": 1.1799202184192836e-05
      }
    },
    "imu": {
      "timestamp_ns": 1767381340553839360,
      "linear_acceleration": {
        "x": -0.007999241352081299,
        "y": 0.04634280502796173,
        "z": -9.861723899841309
      },
      "angular_velocity": {
        "x": 0.08603208512067795,
        "y": -0.023697424679994583,
        "z": 1.1799202184192836e-05
      },
      "orientation": {
        "w": 0.9134132862091064,
        "x": -0.010029463097453117,
        "y": 0.049811527132987976,
        "z": 0.40384960174560547
      }
    },
    "battery_percent": 74.21022357776535,
    "landed_state": "flying",
    "latency_ms": 98.48799999963376
  },
  "files": {
    "rgb": "data\\maps\\sequence_normal_ops_001_preflight_20260102_141336\\frames\\1767381343489360800.png",
    "depth": "data\\maps\\sequence_normal_ops_001_preflight_20260102_141336\\frames\\1767381343489360800_depth.npy"
  }
}