{
  "frame_id": "1767381300389654400",
  "sequence": 869,
  "timestamp": "2026-01-02T14:15:00.389654",
  "timestamp_ns": 1767381300389654400,
  "camera": {
    "name": "front_center",
    "resolution": [
      1280,
      720
    ],
    "fov_deg": 89.90362548828125,
    "intrinsics": {
      "fx": 641.077420021049,
      "fy": 641.077420021049,
      "cx": 640.0,
      "cy": 360.0
    },
    "pose": {
      "position": {
        "x": 26.55185317993164,
        "y": 20.062232971191406,
        "z": -20.601314544677734
      },
      "orientation": {
        "w": 0.918218195438385,
        "x": 0.08058357983827591,
        "y": -0.06641902774572372,
        "z": 0.38206037878990173
      }
    }
  },
  "telemetry": {
    "sequence": 870,
    "server_timestamp_ms": 1767381300485.1838,
    "airsim_timestamp_ns": 1767381300485184000,
    "pose": {
      "timestamp_ns": 1767381300485184000,
      "position": {
        "x": 26.383270263671875,
        "y": 19.875925064086914,
        "z": -20.504518508911133
      },
      "orientation": {
        "w": 0.9205129146575928,
        "x": 0.0469781756401062,
        "y": 0.013861707411706448,
        "z": 0.3876298666000366
      },
      "linear_velocity": {
        "x": -0.8349708318710327,
        "y": -0.7233373522758484,
        "z": -0.0016024792566895485
      },
      "angular_velocity": {
        "x": -0.011655714362859726,
        "y": -0.08854950964450836,
        "z": 1.3967131053505e-05
      }
    },
    "imu": {
      "timestamp_ns": 1767381297589922816,
      "linear_acceleration": {
        "x": -0.003193095326423645,
        "y": 0.012897640466690063,
        "z": -9.855096817016602
      },
      "angular_velocity": {
        "x": -0.011655714362859726,
        "y": -0.08854950964450836,
        "z": 1.3967131053505e-05
      },
      "orientation": {
        "w": 0.9205232858657837,
        "x": 0.04712248221039772,
        "y": 0.0133462343364954,
        "z": 0.3876059055328369
      }
    },
    "battery_percent": 83.76858851429567,
    "landed_state": "flying",
    "latency_ms": 95.04139999990002
  },
  "files": {
    "rgb": "data\\maps\\sequence_normal_ops_001_preflight_20260102_141336\\frames\\1767381300389654400.png",
    "depth": "data\\maps\\sequence_normal_ops_001_preflight_20260102_141336\\frames\\1767381300389654400_depth.npy"
  }
}