{
  "frame_id": "1767381284557061600",
  "sequence": 604,
  "timestamp": "2026-01-02T14:14:44.557061",
  "timestamp_ns": 1767381284557061600,
  "camera": {
    "name": "front_center",
    "resolution": [
      1280,
      720
    ],
    "fov_deg": 89.90362548828125,
    "intrinsics": {
      "fx": 641.077420021049,
      "fy": 641.077420021049,
      "cx": 640.0,
      "cy": 360.0
    },
    "pose": {
      "position": {
        "x": 16.063682556152344,
        "y": 9.829237937927246,
        "z": -20.486682891845703
      },
      "orientation": {
        "w": 0.9371257424354553,
        "x": 0.06408937275409698,
        "y": -0.10084085911512375,
        "z": 0.3279009759426117
      }
    }
  },
  "telemetry": {
    "sequence": 605,
    "server_timestamp_ms": 1767381284650.868,
    "airsim_timestamp_ns": 1767381284650868000,
    "pose": {
      "timestamp_ns": 1767381284650868000,
      "position": {
        "x": 15.867854118347168,
        "y": 9.665131568908691,
        "z": -20.401710510253906
      },
      "orientation": {
        "w": 0.9423485398292542,
        "x": 0.035267043858766556,
        "y": -0.01878124102950096,
        "z": 0.33223897218704224
      },
      "linear_velocity": {
        "x": -0.7866374254226685,
        "y": 0.057447824627161026,
        "z": -0.00014727533562108874
      },
      "angular_velocity": {
        "x": -0.06035621091723442,
        "y": -0.04969664290547371,
        "z": -6.580265471711755e-05
      }
    },
    "imu": {
      "timestamp_ns": 1767381281800585984,
      "linear_acceleration": {
        "x": -0.007710874080657959,
        "y": 0.005410585552453995,
        "z": -9.836615562438965
      },
      "angular_velocity": {
        "x": -0.06035621091723442,
        "y": -0.04969664290547371,
        "z": -6.580265471711755e-05
      },
      "orientation": {
        "w": 0.9423556923866272,
        "x": 0.035027146339416504,
        "y": -0.019184188917279243,
        "z": 0.3322211802005768
      }
    },
    "battery_percent": 87.1173258592791,
    "landed_state": "flying",
    "latency_ms": 90.29349999764236
  },
  "files": {
    "rgb": "data\\maps\\sequence_normal_ops_001_preflight_20260102_141336\\frames\\1767381284557061600.png",
    "depth": "data\\maps\\sequence_normal_ops_001_preflight_20260102_141336\\frames\\1767381284557061600_depth.npy"
  }
}