{
  "frame_id": "1767381357580607500",
  "sequence": 1414,
  "timestamp": "2026-01-02T14:15:57.580607",
  "timestamp_ns": 1767381357580607500,
  "camera": {
    "name": "front_center",
    "resolution": [
      1280,
      720
    ],
    "fov_deg": 89.90362548828125,
    "intrinsics": {
      "fx": 641.077420021049,
      "fy": 641.077420021049,
      "cx": 640.0,
      "cy": 360.0
    },
    "pose": {
      "position": {
        "x": 65.19635009765625,
        "y": 63.383514404296875,
        "z": -20.5941219329834
      },
      "orientation": {
        "w": 0.9072957038879395,
        "x": 0.007991314865648746,
        "y": -0.03374500945210457,
        "z": 0.4190607964992523
      }
    }
  },
  "telemetry": {
    "sequence": 1415,
    "server_timestamp_ms": 1767381357665.37,
    "airsim_timestamp_ns": 1767381357665370200,
    "pose": {
      "timestamp_ns": 1767381357665370200,
      "position": {
        "x": 65.0406723022461,
        "y": 63.20355224609375,
        "z": -20.468114852905273
      },
      "orientation": {
        "w": 0.9067842364311218,
        "x": -0.028562650084495544,
        "y": 0.045459430664777756,
        "z": 0.41816264390945435
      },
      "linear_velocity": {
        "x": 1.0407391786575317,
        "y": -0.7425480484962463,
        "z": 0.0007487356197088957
      },
      "angular_velocity": {
        "x": 0.08812277019023895,
        "y": 0.006587378680706024,
        "z": -4.5945605961605906e-05
      }
    },
    "imu": {
      "timestamp_ns": 1767381354585138688,
      "linear_acceleration": {
        "x": -0.012640923261642456,
        "y": 0.052506349980831146,
        "z": -9.864004135131836
      },
      "angular_velocity": {
        "x": 0.08812277019023895,
        "y": 0.006587378680706024,
        "z": -4.5945605961605906e-05
      },
      "orientation": {
        "w": 0.9067941308021545,
        "x": -0.02821626141667366,
        "y": 0.04565342888236046,
        "z": 0.41814351081848145
      }
    },
    "battery_percent": 71.03836809121042,
    "landed_state": "flying",
    "latency_ms": 85.23590000186232
  },
  "files": {
    "rgb": "data\\maps\\sequence_normal_ops_001_preflight_20260102_141336\\frames\\1767381357580607500.png",
    "depth": "data\\maps\\sequence_normal_ops_001_preflight_20260102_141336\\frames\\1767381357580607500_depth.npy"
  }
}