{
  "frame_id": "1767381328942606400",
  "sequence": 1118,
  "timestamp": "2026-01-02T14:15:28.942606",
  "timestamp_ns": 1767381328942606400,
  "camera": {
    "name": "front_center",
    "resolution": [
      1280,
      720
    ],
    "fov_deg": 89.90362548828125,
    "intrinsics": {
      "fx": 641.077420021049,
      "fy": 641.077420021049,
      "cx": 640.0,
      "cy": 360.0
    },
    "pose": {
      "position": {
        "x": 45.504356384277344,
        "y": 40.74171829223633,
        "z": -20.604999542236328
      },
      "orientation": {
        "w": 0.9284023642539978,
        "x": 0.07508686929941177,
        "y": -0.07873990386724472,
        "z": 0.35529008507728577
      }
    }
  },
  "telemetry": {
    "sequence": 1119,
    "server_timestamp_ms": 1767381329044.1946,
    "airsim_timestamp_ns": 1767381329044194800,
    "pose": {
      "timestamp_ns": 1767381329044194800,
      "position": {
        "x": 45.32295227050781,
        "y": 40.565738677978516,
        "z": -20.51213264465332
      },
      "orientation": {
        "w": 0.9317321181297302,
        "x": 0.04383556917309761,
        "y": 0.0024753238540142775,
        "z": 0.3604823648929596
      },
      "linear_velocity": {
        "x": -0.8225722312927246,
        "y": -0.4367215633392334,
        "z": -0.0009586989181116223
      },
      "angular_velocity": {
        "x": -0.027804654091596603,
        "y": -0.07918938994407654,
        "z": -1.8126231225323863e-05
      }
    },
    "imu": {
      "timestamp_ns": 1767381326045529856,
      "linear_acceleration": {
        "x": -0.004509493708610535,
        "y": 0.00956377387046814,
        "z": -9.845919609069824
      },
      "angular_velocity": {
        "x": -0.027804654091596603,
        "y": -0.07918938994407654,
        "z": -1.8126231225323863e-05
      },
      "orientation": {
        "w": 0.9317342638969421,
        "x": 0.043839700520038605,
        "y": 0.002349608577787876,
        "z": 0.36047717928886414
      }
    },
    "battery_percent": 77.7458776934436,
    "landed_state": "flying",
    "latency_ms": 100.55949999878067
  },
  "files": {
    "rgb": "data\\maps\\sequence_normal_ops_001_preflight_20260102_141336\\frames\\1767381328942606400.png",
    "depth": "data\\maps\\sequence_normal_ops_001_preflight_20260102_141336\\frames\\1767381328942606400_depth.npy"
  }
}