{
  "frame_id": "1767381314201278100",
  "sequence": 945,
  "timestamp": "2026-01-02T14:15:14.201278",
  "timestamp_ns": 1767381314201278100,
  "camera": {
    "name": "front_center",
    "resolution": [
      1280,
      720
    ],
    "fov_deg": 89.90362548828125,
    "intrinsics": {
      "fx": 641.077420021049,
      "fy": 641.077420021049,
      "cx": 640.0,
      "cy": 360.0
    },
    "pose": {
      "position": {
        "x": 35.37229919433594,
        "y": 32.81547164916992,
        "z": -20.594802856445312
      },
      "orientation": {
        "w": 0.9041520953178406,
        "x": -0.012002207338809967,
        "y": -0.05606292933225632,
        "z": 0.42334607243537903
      }
    }
  },
  "telemetry": {
    "sequence": 947,
    "server_timestamp_ms": 1767381314304.9849,
    "airsim_timestamp_ns": 1767381314304984900,
    "pose": {
      "timestamp_ns": 1767381314304984900,
      "position": {
        "x": 35.21110153198242,
        "y": 32.63632583618164,
        "z": -20.47471809387207
      },
      "orientation": {
        "w": 0.9055977463722229,
        "x": -0.04885357618331909,
        "y": 0.022952456027269363,
        "z": 0.42068904638290405
      },
      "linear_velocity": {
        "x": 1.2824963331222534,
        "y": -0.04479258507490158,
        "z": -0.00018643209477886558
      },
      "angular_velocity": {
        "x": 0.06864892691373825,
        "y": 0.05559457466006279,
        "z": -8.795074973022565e-05
      }
    },
    "imu": {
      "timestamp_ns": 1767381311366216704,
      "linear_acceleration": {
        "x": -0.026608198881149292,
        "y": 0.0433388352394104,
        "z": -9.863073348999023
      },
      "angular_velocity": {
        "x": 0.06864892691373825,
        "y": 0.05559457466006279,
        "z": -8.795074973022565e-05
      },
      "orientation": {
        "w": 0.9056040048599243,
        "x": -0.04873780906200409,
        "y": 0.0231904536485672,
        "z": 0.4206758737564087
      }
    },
    "battery_percent": 80.80274514361837,
    "landed_state": "flying",
    "latency_ms": 99.39389999999548
  },
  "files": {
    "rgb": "data\\maps\\sequence_normal_ops_001_preflight_20260102_141336\\frames\\1767381314201278100.png",
    "depth": "data\\maps\\sequence_normal_ops_001_preflight_20260102_141336\\frames\\1767381314201278100_depth.npy"
  }
}