{
  "frame_id": "1767381386228740200",
  "sequence": 1753,
  "timestamp": "2026-01-02T14:16:26.228740",
  "timestamp_ns": 1767381386228740200,
  "camera": {
    "name": "front_center",
    "resolution": [
      1280,
      720
    ],
    "fov_deg": 89.90362548828125,
    "intrinsics": {
      "fx": 641.077420021049,
      "fy": 641.077420021049,
      "cx": 640.0,
      "cy": 360.0
    },
    "pose": {
      "position": {
        "x": 84.86228942871094,
        "y": 83.72116088867188,
        "z": -20.629491806030273
      },
      "orientation": {
        "w": 0.9058764576911926,
        "x": 0.019979339092969894,
        "y": -0.028425734490156174,
        "z": 0.42211446166038513
      }
    }
  },
  "telemetry": {
    "sequence": 1755,
    "server_timestamp_ms": 1767381386322.2854,
    "airsim_timestamp_ns": 1767381386322285300,
    "pose": {
      "timestamp_ns": 1767381386321286500,
      "position": {
        "x": 84.71045684814453,
        "y": 83.53787231445312,
        "z": -20.503585815429688
      },
      "orientation": {
        "w": 0.9049068093299866,
        "x": -0.016886387020349503,
        "y": 0.05063477158546448,
        "z": 0.4222494959831238
      },
      "linear_velocity": {
        "x": 0.8496142625808716,
        "y": -0.9789511561393738,
        "z": 0.0006276473286561668
      },
      "angular_velocity": {
        "x": 0.08773349225521088,
        "y": -0.014852133579552174,
        "z": -4.8086908464028966e-06
      }
    },
    "imu": {
      "timestamp_ns": 1767381383166748416,
      "linear_acceleration": {
        "x": -0.007936984300613403,
        "y": 0.05317594110965729,
        "z": -9.866704940795898
      },
      "angular_velocity": {
        "x": 0.08773349225521088,
        "y": -0.014852133579552174,
        "z": -4.8086908464028966e-06
      },
      "orientation": {
        "w": 0.9049134850502014,
        "x": -0.01662960834801197,
        "y": 0.050706204026937485,
        "z": 0.4222368597984314
      }
    },
    "battery_percent": 64.89501608445161,
    "landed_state": "flying",
    "latency_ms": 88.40280000003986
  },
  "files": {
    "rgb": "data\\maps\\sequence_normal_ops_001_preflight_20260102_141336\\frames\\1767381386228740200.png",
    "depth": "data\\maps\\sequence_normal_ops_001_preflight_20260102_141336\\frames\\1767381386228740200_depth.npy"
  }
}