{
  "frame_id": "1767381371676824600",
  "sequence": 1584,
  "timestamp": "2026-01-02T14:16:11.676824",
  "timestamp_ns": 1767381371676824600,
  "camera": {
    "name": "front_center",
    "resolution": [
      1280,
      720
    ],
    "fov_deg": 89.90362548828125,
    "intrinsics": {
      "fx": 641.077420021049,
      "fy": 641.077420021049,
      "cx": 640.0,
      "cy": 360.0
    },
    "pose": {
      "position": {
        "x": 75.29398345947266,
        "y": 72.84449768066406,
        "z": -20.60681915283203
      },
      "orientation": {
        "w": 0.9176956415176392,
        "x": 0.04055259749293327,
        "y": -0.02915046736598015,
        "z": 0.3941325545310974
      }
    }
  },
  "telemetry": {
    "sequence": 1585,
    "server_timestamp_ms": 1767381371764.8108,
    "airsim_timestamp_ns": 1767381371764810800,
    "pose": {
      "timestamp_ns": 1767381371764810800,
      "position": {
        "x": 75.13357543945312,
        "y": 72.66567993164062,
        "z": -20.485193252563477
      },
      "orientation": {
        "w": 0.9167441725730896,
        "x": 0.006047367583960295,
        "y": 0.050942905247211456,
        "z": 0.39616715908050537
      },
      "linear_velocity": {
        "x": 0.3292972147464752,
        "y": -1.1421681642532349,
        "z": -0.0011308931279927492
      },
      "angular_velocity": {
        "x": 0.07843326032161713,
        "y": -0.04977371543645859,
        "z": 6.404150917660445e-05
      }
    },
    "imu": {
      "timestamp_ns": 1767381368661438976,
      "linear_acceleration": {
        "x": -0.0051982104778289795,
        "y": 0.04087775945663452,
        "z": -9.863823890686035
      },
      "angular_velocity": {
        "x": 0.07843326032161713,
        "y": -0.04977371543645859,
        "z": 6.404150917660445e-05
      },
      "orientation": {
        "w": 0.9167502522468567,
        "x": 0.0063223689794540405,
        "y": 0.050899919122457504,
        "z": 0.39615440368652344
      }
    },
    "battery_percent": 68.02893846843509,
    "landed_state": "flying",
    "latency_ms": 87.51670000128797
  },
  "files": {
    "rgb": "data\\maps\\sequence_normal_ops_001_preflight_20260102_141336\\frames\\1767381371676824600.png",
    "depth": "data\\maps\\sequence_normal_ops_001_preflight_20260102_141336\\frames\\1767381371676824600_depth.npy"
  }
}