{
  "frame_id": "1767408388799157400",
  "sequence": 395,
  "timestamp": "2026-01-02T21:46:28.799157",
  "timestamp_ns": 1767408388799157400,
  "camera": {
    "name": "front_center",
    "resolution": [
      1920,
      1080
    ],
    "fov_deg": 89.90362548828125,
    "intrinsics": {
      "fx": 961.6161300315734,
      "fy": 961.6161300315734,
      "cx": 960.0,
      "cy": 540.0
    },
    "pose": {
      "position": {
        "x": 5.973591327667236,
        "y": -1.230569839477539,
        "z": -20.5731143951416
      },
      "orientation": {
        "w": 0.7115510702133179,
        "x": 0.07106061279773712,
        "y": -0.07597222179174423,
        "z": 0.6948911547660828
      }
    }
  },
  "telemetry": {
    "sequence": 396,
    "server_timestamp_ms": 1767408388910.1243,
    "airsim_timestamp_ns": 1767408388910124200,
    "pose": {
      "timestamp_ns": 1767408388909124300,
      "position": {
        "x": 5.9604644775390625,
        "y": -1.71366286277771,
        "z": -20.246850967407227
      },
      "orientation": {
        "w": 0.7153800129890442,
        "x": -0.020248819142580032,
        "y": 0.017553778365254402,
        "z": 0.6982215642929077
      },
      "linear_velocity": {
        "x": 0.013310001231729984,
        "y": 0.017291538417339325,
        "z": -2.8543343544006348
      },
      "angular_velocity": {
        "x": 0.028280073776841164,
        "y": -0.21497157216072083,
        "z": 0.006526504643261433
      }
    },
    "imu": {
      "timestamp_ns": 1767408388909340400,
      "linear_acceleration": {
        "x": -0.0027985945343971252,
        "y": 0.02786356955766678,
        "z": -3.869262456893921
      },
      "angular_velocity": {
        "x": 0.028763771057128906,
        "y": -0.21316011250019073,
        "z": 0.006449581123888493
      },
      "orientation": {
        "w": -0.7153797149658203,
        "x": 0.019993245601654053,
        "y": -0.0173537265509367,
        "z": -0.6982342600822449
      }
    },
    "battery_percent": 98.48518615764543,
    "landed_state": "flying",
    "latency_ms": 108.95869999512797
  },
  "files": {
    "rgb": "data\\maps\\sequence_patrol_recharge_001_preflight_20260102_214625\\frames\\1767408388799157400.png",
    "depth": "data\\maps\\sequence_patrol_recharge_001_preflight_20260102_214625\\frames\\1767408388799157400_depth.npy"
  }
}