{
  "frame_id": "1767408094864279900",
  "sequence": 769,
  "timestamp": "2026-01-02T21:41:34.864279",
  "timestamp_ns": 1767408094864279900,
  "camera": {
    "name": "front_center",
    "resolution": [
      1920,
      1080
    ],
    "fov_deg": 89.90362548828125,
    "intrinsics": {
      "fx": 961.6161300315734,
      "fy": 961.6161300315734,
      "cx": 960.0,
      "cy": 540.0
    },
    "pose": {
      "position": {
        "x": 43.64299392700195,
        "y": 39.551544189453125,
        "z": -20.061717987060547
      },
      "orientation": {
        "w": 0.8769238591194153,
        "x": -0.05119618773460388,
        "y": 0.03409940376877785,
        "z": 0.47667670249938965
      }
    }
  },
  "telemetry": {
    "sequence": 771,
    "server_timestamp_ms": 1767408095573.026,
    "airsim_timestamp_ns": 1767408095573026100,
    "pose": {
      "timestamp_ns": 1767408095573026100,
      "position": {
        "x": 43.42742156982422,
        "y": 39.26537322998047,
        "z": -19.601680755615234
      },
      "orientation": {
        "w": 0.8649708032608032,
        "x": -0.11297699064016342,
        "y": 0.14826920628547668,
        "z": 0.4659162163734436
      },
      "linear_velocity": {
        "x": 1.5110770463943481,
        "y": 2.061833381652832,
        "z": -0.6899877786636353
      },
      "angular_velocity": {
        "x": -0.16462868452072144,
        "y": 0.0048998091369867325,
        "z": 0.0020688576623797417
      }
    },
    "imu": {
      "timestamp_ns": 1767408095326412700,
      "linear_acceleration": {
        "x": -0.08786976337432861,
        "y": 0.026952683925628662,
        "z": -8.619810104370117
      },
      "angular_velocity": {
        "x": -0.16462868452072144,
        "y": 0.0048998091369867325,
        "z": 0.0020688576623797417
      },
      "orientation": {
        "w": 0.8649395704269409,
        "x": -0.1131964698433876,
        "y": 0.14816416800022125,
        "z": 0.46595436334609985
      }
    },
    "battery_percent": 88.12997280193017,
    "landed_state": "flying",
    "latency_ms": 709.1347999958089
  },
  "files": {
    "rgb": "data\\maps\\sequence_normal_ops_001_preflight_20260102_214127\\frames\\1767408094864279900.png",
    "depth": "data\\maps\\sequence_normal_ops_001_preflight_20260102_214127\\frames\\1767408094864279900_depth.npy"
  }
}