{
  "frame_id": "1767408117528278500",
  "sequence": 951,
  "timestamp": "2026-01-02T21:41:57.528278",
  "timestamp_ns": 1767408117528278500,
  "camera": {
    "name": "front_center",
    "resolution": [
      1920,
      1080
    ],
    "fov_deg": 89.90362548828125,
    "intrinsics": {
      "fx": 961.6161300315734,
      "fy": 961.6161300315734,
      "cx": 960.0,
      "cy": 540.0
    },
    "pose": {
      "position": {
        "x": 74.88691711425781,
        "y": 73.51676940917969,
        "z": -20.310501098632812
      },
      "orientation": {
        "w": 0.8846573233604431,
        "x": -0.033487629145383835,
        "y": 0.003751453012228012,
        "z": 0.4650225043296814
      }
    }
  },
  "telemetry": {
    "sequence": 954,
    "server_timestamp_ms": 1767408118237.035,
    "airsim_timestamp_ns": 1767408118237034700,
    "pose": {
      "timestamp_ns": 1767408118237034700,
      "position": {
        "x": 74.8197021484375,
        "y": 73.38433074951172,
        "z": -19.87281608581543
      },
      "orientation": {
        "w": 0.8777933120727539,
        "x": -0.09211928397417068,
        "y": 0.10179152339696884,
        "z": 0.45894601941108704
      },
      "linear_velocity": {
        "x": 0.9853803515434265,
        "y": 0.877455472946167,
        "z": 0.12285304069519043
      },
      "angular_velocity": {
        "x": -0.0556403249502182,
        "y": -0.20157890021800995,
        "z": 1.9845139831886627e-05
      }
    },
    "imu": {
      "timestamp_ns": 1767408118082147600,
      "linear_acceleration": {
        "x": -0.04070436954498291,
        "y": 0.02905215322971344,
        "z": -9.190593719482422
      },
      "angular_velocity": {
        "x": -0.0556403249502182,
        "y": -0.20157890021800995,
        "z": 1.9845139831886627e-05
      },
      "orientation": {
        "w": 0.8778159618377686,
        "x": -0.09205539524555206,
        "y": 0.10149258375167847,
        "z": 0.45898184180259705
      }
    },
    "battery_percent": 82.37980315406561,
    "landed_state": "flying",
    "latency_ms": 695.3651000003447
  },
  "files": {
    "rgb": "data\\maps\\sequence_normal_ops_001_preflight_20260102_214127\\frames\\1767408117528278500.png",
    "depth": "data\\maps\\sequence_normal_ops_001_preflight_20260102_214127\\frames\\1767408117528278500_depth.npy"
  }
}