{
  "frame_id": "1767408131938877400",
  "sequence": 1079,
  "timestamp": "2026-01-02T21:42:11.938877",
  "timestamp_ns": 1767408131938877400,
  "camera": {
    "name": "front_center",
    "resolution": [
      1920,
      1080
    ],
    "fov_deg": 89.90362548828125,
    "intrinsics": {
      "fx": 961.6161300315734,
      "fy": 961.6161300315734,
      "cx": 960.0,
      "cy": 540.0
    },
    "pose": {
      "position": {
        "x": 94.59159088134766,
        "y": 94.13069915771484,
        "z": -20.22213363647461
      },
      "orientation": {
        "w": 0.8817993998527527,
        "x": -0.03231094777584076,
        "y": -0.03406330198049545,
        "z": 0.4692819118499756
      }
    }
  },
  "telemetry": {
    "sequence": 1081,
    "server_timestamp_ms": 1767408132623.3167,
    "airsim_timestamp_ns": 1767408132623316800,
    "pose": {
      "timestamp_ns": 1767408132623316800,
      "position": {
        "x": 94.32784271240234,
        "y": 93.80484008789062,
        "z": -19.816852569580078
      },
      "orientation": {
        "w": 0.8787016272544861,
        "x": -0.09328810125589371,
        "y": 0.08132603019475937,
        "z": 0.4610497057437897
      },
      "linear_velocity": {
        "x": 0.8448137044906616,
        "y": 0.03842996060848236,
        "z": 0.3346771001815796
      },
      "angular_velocity": {
        "x": 0.04993492737412453,
        "y": -0.18819420039653778,
        "z": 0.0001019385308609344
      }
    },
    "imu": {
      "timestamp_ns": 1767408132437365400,
      "linear_acceleration": {
        "x": -0.021155953407287598,
        "y": 0.03771457076072693,
        "z": -9.854288101196289
      },
      "angular_velocity": {
        "x": 0.05054105073213577,
        "y": -0.18779176473617554,
        "z": 0.00010343459143768996
      },
      "orientation": {
        "w": 0.8787609338760376,
        "x": -0.09289802610874176,
        "y": 0.08090110868215561,
        "z": 0.46109020709991455
      }
    },
    "battery_percent": 78.7783361685953,
    "landed_state": "flying",
    "latency_ms": 683.8870999999926
  },
  "files": {
    "rgb": "data\\maps\\sequence_normal_ops_001_preflight_20260102_214127\\frames\\1767408131938877400.png",
    "depth": "data\\maps\\sequence_normal_ops_001_preflight_20260102_214127\\frames\\1767408131938877400_depth.npy"
  }
}