{
  "frame_id": "1767408124744199400",
  "sequence": 1016,
  "timestamp": "2026-01-02T21:42:04.744199",
  "timestamp_ns": 1767408124744199400,
  "camera": {
    "name": "front_center",
    "resolution": [
      1920,
      1080
    ],
    "fov_deg": 89.90362548828125,
    "intrinsics": {
      "fx": 961.6161300315734,
      "fy": 961.6161300315734,
      "cx": 960.0,
      "cy": 540.0
    },
    "pose": {
      "position": {
        "x": 84.28146362304688,
        "y": 83.43826293945312,
        "z": -20.261343002319336
      },
      "orientation": {
        "w": 0.889013409614563,
        "x": -0.03549209609627724,
        "y": 0.02748604118824005,
        "z": 0.45567530393600464
      }
    }
  },
  "telemetry": {
    "sequence": 1017,
    "server_timestamp_ms": 1767408125121.5884,
    "airsim_timestamp_ns": 1767408125121588500,
    "pose": {
      "timestamp_ns": 1767408125121588500,
      "position": {
        "x": 84.05200958251953,
        "y": 83.14761352539062,
        "z": -19.81092643737793
      },
      "orientation": {
        "w": 0.8778201341629028,
        "x": -0.0946660190820694,
        "y": 0.1432904303073883,
        "z": 0.4471442997455597
      },
      "linear_velocity": {
        "x": 1.4509409666061401,
        "y": 1.784714698791504,
        "z": -0.4995141625404358
      },
      "angular_velocity": {
        "x": -0.15411193668842316,
        "y": -0.095770463347435,
        "z": 0.001111188204959035
      }
    },
    "imu": {
      "timestamp_ns": 1767408125120164700,
      "linear_acceleration": {
        "x": -0.07997357845306396,
        "y": 0.02530958503484726,
        "z": -8.331754684448242
      },
      "angular_velocity": {
        "x": -0.15411193668842316,
        "y": -0.095770463347435,
        "z": 0.001111188204959035
      },
      "orientation": {
        "w": 0.877817690372467,
        "x": -0.0948057547211647,
        "y": 0.14306293427944183,
        "z": 0.44719234108924866
      }
    },
    "battery_percent": 80.65895144043668,
    "landed_state": "flying",
    "latency_ms": 377.2484000000986
  },
  "files": {
    "rgb": "data\\maps\\sequence_normal_ops_001_preflight_20260102_214127\\frames\\1767408124744199400.png",
    "depth": "data\\maps\\sequence_normal_ops_001_preflight_20260102_214127\\frames\\1767408124744199400_depth.npy"
  }
}