{
  "frame_id": "1767408102647448900",
  "sequence": 824,
  "timestamp": "2026-01-02T21:41:42.647448",
  "timestamp_ns": 1767408102647448900,
  "camera": {
    "name": "front_center",
    "resolution": [
      1920,
      1080
    ],
    "fov_deg": 89.90362548828125,
    "intrinsics": {
      "fx": 961.6161300315734,
      "fy": 961.6161300315734,
      "cx": 960.0,
      "cy": 540.0
    },
    "pose": {
      "position": {
        "x": 53.17647933959961,
        "y": 49.589969635009766,
        "z": -19.90340232849121
      },
      "orientation": {
        "w": 0.8783815503120422,
        "x": 0.017091069370508194,
        "y": -0.029407035559415817,
        "z": 0.4767483174800873
      }
    }
  },
  "telemetry": {
    "sequence": 825,
    "server_timestamp_ms": 1767408102854.0159,
    "airsim_timestamp_ns": 1767408102854015800,
    "pose": {
      "timestamp_ns": 1767408102854015800,
      "position": {
        "x": 53.002098083496094,
        "y": 49.31645965576172,
        "z": -19.523107528686523
      },
      "orientation": {
        "w": 0.8723995089530945,
        "x": -0.0582394078373909,
        "y": 0.10422183573246002,
        "z": 0.47398847341537476
      },
      "linear_velocity": {
        "x": 1.9973698854446411,
        "y": 2.950883626937866,
        "z": -0.4221470355987549
      },
      "angular_velocity": {
        "x": -0.17256617546081543,
        "y": 1.2670278549194336,
        "z": 0.0024240505881607533
      }
    },
    "imu": {
      "timestamp_ns": 1767408102818246900,
      "linear_acceleration": {
        "x": -0.08143675327301025,
        "y": 0.029261872172355652,
        "z": -15.331832885742188
      },
      "angular_velocity": {
        "x": -0.17256617546081543,
        "y": 1.2670278549194336,
        "z": 0.0024240505881607533
      },
      "orientation": {
        "w": 0.8723995685577393,
        "x": -0.0582394115626812,
        "y": 0.10422184318304062,
        "z": 0.47398850321769714
      }
    },
    "battery_percent": 86.28623182537847,
    "landed_state": "flying",
    "latency_ms": 206.83960000314983
  },
  "files": {
    "rgb": "data\\maps\\sequence_normal_ops_001_preflight_20260102_214127\\frames\\1767408102647448900.png",
    "depth": "data\\maps\\sequence_normal_ops_001_preflight_20260102_214127\\frames\\1767408102647448900_depth.npy"
  }
}