{
  "frame_id": "1767408145348174200",
  "sequence": 1199,
  "timestamp": "2026-01-02T21:42:25.348174",
  "timestamp_ns": 1767408145348174200,
  "camera": {
    "name": "front_center",
    "resolution": [
      1920,
      1080
    ],
    "fov_deg": 89.90362548828125,
    "intrinsics": {
      "fx": 961.6161300315734,
      "fy": 961.6161300315734,
      "cx": 960.0,
      "cy": 540.0
    },
    "pose": {
      "position": {
        "x": 113.19696044921875,
        "y": 114.05371856689453,
        "z": -20.240726470947266
      },
      "orientation": {
        "w": 0.8902378082275391,
        "x": -0.032856959849596024,
        "y": 0.021902035921812057,
        "z": 0.4537811279296875
      }
    }
  },
  "telemetry": {
    "sequence": 1200,
    "server_timestamp_ms": 1767408145710.0833,
    "airsim_timestamp_ns": 1767408145710083300,
    "pose": {
      "timestamp_ns": 1767408145710083300,
      "position": {
        "x": 112.96279907226562,
        "y": 113.75968170166016,
        "z": -19.794954299926758
      },
      "orientation": {
        "w": 0.8797629475593567,
        "x": -0.09180618822574615,
        "y": 0.1379140168428421,
        "z": 0.44561028480529785
      },
      "linear_velocity": {
        "x": 1.374699592590332,
        "y": 1.6474241018295288,
        "z": -0.3856578469276428
      },
      "angular_velocity": {
        "x": -0.14795611798763275,
        "y": -0.13704600930213928,
        "z": 0.0010460729245096445
      }
    },
    "imu": {
      "timestamp_ns": 1767408145709435500,
      "linear_acceleration": {
        "x": -0.07361888885498047,
        "y": 0.025319062173366547,
        "z": -8.332576751708984
      },
      "angular_velocity": {
        "x": -0.14795611798763275,
        "y": -0.13704600930213928,
        "z": 0.0010460729245096445
      },
      "orientation": {
        "w": 0.8797699809074402,
        "x": -0.09191066026687622,
        "y": 0.13763545453548431,
        "z": 0.44566109776496887
      }
    },
    "battery_percent": 75.46829049682384,
    "landed_state": "flying",
    "latency_ms": 362.0950999975321
  },
  "files": {
    "rgb": "data\\maps\\sequence_normal_ops_001_preflight_20260102_214127\\frames\\1767408145348174200.png",
    "depth": "data\\maps\\sequence_normal_ops_001_preflight_20260102_214127\\frames\\1767408145348174200_depth.npy"
  }
}