{
  "frame_id": "1767408152425698400",
  "sequence": 1263,
  "timestamp": "2026-01-02T21:42:32.425698",
  "timestamp_ns": 1767408152425698400,
  "camera": {
    "name": "front_center",
    "resolution": [
      1920,
      1080
    ],
    "fov_deg": 89.90362548828125,
    "intrinsics": {
      "fx": 961.6161300315734,
      "fy": 961.6161300315734,
      "cx": 960.0,
      "cy": 540.0
    },
    "pose": {
      "position": {
        "x": 123.07941436767578,
        "y": 124.65904998779297,
        "z": -20.260696411132812
      },
      "orientation": {
        "w": 0.8898717164993286,
        "x": -0.031413447111845016,
        "y": 0.022598091512918472,
        "z": 0.45456662774086
      }
    }
  },
  "telemetry": {
    "sequence": 1264,
    "server_timestamp_ms": 1767408152774.1133,
    "airsim_timestamp_ns": 1767408152774113200,
    "pose": {
      "timestamp_ns": 1767408152774113200,
      "position": {
        "x": 122.8469009399414,
        "y": 124.36376953125,
        "z": -19.81488800048828
      },
      "orientation": {
        "w": 0.8793091177940369,
        "x": -0.09047754853963852,
        "y": 0.1385563313961029,
        "z": 0.4465774595737457
      },
      "linear_velocity": {
        "x": 1.3858733177185059,
        "y": 1.6916618347167969,
        "z": -0.4203323423862457
      },
      "angular_velocity": {
        "x": -0.14892835915088654,
        "y": -0.12745457887649536,
        "z": 0.001766478642821312
      }
    },
    "imu": {
      "timestamp_ns": 1767408152773374000,
      "linear_acceleration": {
        "x": -0.0753868818283081,
        "y": 0.02506708726286888,
        "z": -8.328832626342773
      },
      "angular_velocity": {
        "x": -0.14892835915088654,
        "y": -0.12745457887649536,
        "z": 0.001766478642821312
      },
      "orientation": {
        "w": 0.8793139457702637,
        "x": -0.09058930724859238,
        "y": 0.13828977942466736,
        "z": 0.44662800431251526
      }
    },
    "battery_percent": 73.67545620450211,
    "landed_state": "flying",
    "latency_ms": 348.66799999872455
  },
  "files": {
    "rgb": "data\\maps\\sequence_normal_ops_001_preflight_20260102_214127\\frames\\1767408152425698400.png",
    "depth": "data\\maps\\sequence_normal_ops_001_preflight_20260102_214127\\frames\\1767408152425698400_depth.npy"
  }
}