{
  "frame_id": "1767408153905782600",
  "sequence": 1279,
  "timestamp": "2026-01-02T21:42:33.905782",
  "timestamp_ns": 1767408153905782600,
  "camera": {
    "name": "front_center",
    "resolution": [
      1920,
      1080
    ],
    "fov_deg": 89.90362548828125,
    "intrinsics": {
      "fx": 961.6161300315734,
      "fy": 961.6161300315734,
      "cx": 960.0,
      "cy": 540.0
    },
    "pose": {
      "position": {
        "x": 124.25553131103516,
        "y": 124.7968521118164,
        "z": -19.929567337036133
      },
      "orientation": {
        "w": 0.8867013454437256,
        "x": 0.039401158690452576,
        "y": -0.07396198064088821,
        "z": 0.45468443632125854
      }
    }
  },
  "telemetry": {
    "sequence": 1280,
    "server_timestamp_ms": 1767408154367.6597,
    "airsim_timestamp_ns": 1767408154367659600,
    "pose": {
      "timestamp_ns": 1767408154367659600,
      "position": {
        "x": 123.98226928710938,
        "y": 124.41490936279297,
        "z": -19.583953857421875
      },
      "orientation": {
        "w": 0.8887694478034973,
        "x": -0.020284151658415794,
        "y": 0.042408522218465805,
        "z": 0.4559374451637268
      },
      "linear_velocity": {
        "x": 0.24146465957164764,
        "y": -1.1544442176818848,
        "z": 0.09719297289848328
      },
      "angular_velocity": {
        "x": 0.10807786136865616,
        "y": -0.08718083053827286,
        "z": 0.00024192131240852177
      }
    },
    "imu": {
      "timestamp_ns": 1767408154363601900,
      "linear_acceleration": {
        "x": -0.00348663330078125,
        "y": 0.040583476424217224,
        "z": -10.120479583740234
      },
      "angular_velocity": {
        "x": 0.10807786136865616,
        "y": -0.08718083053827286,
        "z": 0.00024192131240852177
      },
      "orientation": {
        "w": 0.8887866735458374,
        "x": -0.019878016784787178,
        "y": 0.04232390224933624,
        "z": 0.45592963695526123
      }
    },
    "battery_percent": 73.34067910722689,
    "landed_state": "flying",
    "latency_ms": 461.7950000028941
  },
  "files": {
    "rgb": "data\\maps\\sequence_normal_ops_001_preflight_20260102_214127\\frames\\1767408153905782600.png",
    "depth": "data\\maps\\sequence_normal_ops_001_preflight_20260102_214127\\frames\\1767408153905782600_depth.npy"
  }
}