{
  "frame_id": "1767408138099543100",
  "sequence": 1133,
  "timestamp": "2026-01-02T21:42:18.099543",
  "timestamp_ns": 1767408138099543100,
  "camera": {
    "name": "front_center",
    "resolution": [
      1920,
      1080
    ],
    "fov_deg": 89.90362548828125,
    "intrinsics": {
      "fx": 961.6161300315734,
      "fy": 961.6161300315734,
      "cx": 960.0,
      "cy": 540.0
    },
    "pose": {
      "position": {
        "x": 103.75286102294922,
        "y": 104.01444244384766,
        "z": -20.202333450317383
      },
      "orientation": {
        "w": 0.8817673325538635,
        "x": -0.029844867065548897,
        "y": -0.02836623601615429,
        "z": 0.4698840081691742
      }
    }
  },
  "telemetry": {
    "sequence": 1135,
    "server_timestamp_ms": 1767408138749.9417,
    "airsim_timestamp_ns": 1767408138749941500,
    "pose": {
      "timestamp_ns": 1767408138749941500,
      "position": {
        "x": 103.49445343017578,
        "y": 103.68877410888672,
        "z": -19.793476104736328
      },
      "orientation": {
        "w": 0.877926230430603,
        "x": -0.09092170745134354,
        "y": 0.08697017282247543,
        "z": 0.4619685411453247
      },
      "linear_velocity": {
        "x": 0.85846346616745,
        "y": 0.6220829486846924,
        "z": 0.2113056480884552
      },
      "angular_velocity": {
        "x": -0.017045337706804276,
        "y": -0.19246648252010345,
        "z": -0.00016735693498048931
      }
    },
    "imu": {
      "timestamp_ns": 1767408138573131700,
      "linear_acceleration": {
        "x": -0.032654404640197754,
        "y": 0.02965104579925537,
        "z": -9.507173538208008
      },
      "angular_velocity": {
        "x": -0.017045337706804276,
        "y": -0.19246648252010345,
        "z": -0.00016735693498048931
      },
      "orientation": {
        "w": 0.8779491186141968,
        "x": -0.09081103652715683,
        "y": 0.08670398592948914,
        "z": 0.4619968831539154
      }
    },
    "battery_percent": 77.22125316405396,
    "landed_state": "flying",
    "latency_ms": 649.441299996397
  },
  "files": {
    "rgb": "data\\maps\\sequence_normal_ops_001_preflight_20260102_214127\\frames\\1767408138099543100.png",
    "depth": "data\\maps\\sequence_normal_ops_001_preflight_20260102_214127\\frames\\1767408138099543100_depth.npy"
  }
}