{
  "frame_id": "1767408176474815000",
  "sequence": 1494,
  "timestamp": "2026-01-02T21:42:56.474815",
  "timestamp_ns": 1767408176474815000,
  "camera": {
    "name": "front_center",
    "resolution": [
      1920,
      1080
    ],
    "fov_deg": 89.90362548828125,
    "intrinsics": {
      "fx": 961.6161300315734,
      "fy": 961.6161300315734,
      "cx": 960.0,
      "cy": 540.0
    },
    "pose": {
      "position": {
        "x": 157.09593200683594,
        "y": 150.90325927734375,
        "z": -20.10308837890625
      },
      "orientation": {
        "w": 0.9179788827896118,
        "x": -0.028620675206184387,
        "y": -0.026448624208569527,
        "z": 0.39471015334129333
      }
    }
  },
  "telemetry": {
    "sequence": 1495,
    "server_timestamp_ms": 1767408176937.7417,
    "airsim_timestamp_ns": 1767408176937741700,
    "pose": {
      "timestamp_ns": 1767408176937741700,
      "position": {
        "x": 156.7876434326172,
        "y": 150.62220764160156,
        "z": -19.69569969177246
      },
      "orientation": {
        "w": 0.913577675819397,
        "x": -0.07989583164453506,
        "y": 0.09359793365001678,
        "z": 0.38759759068489075
      },
      "linear_velocity": {
        "x": 0.538305401802063,
        "y": -0.6045674681663513,
        "z": 0.4051602780818939
      },
      "angular_velocity": {
        "x": 0.1049753800034523,
        "y": -0.19643893837928772,
        "z": 0.0002871613542083651
      }
    },
    "imu": {
      "timestamp_ns": 1767408176937165800,
      "linear_acceleration": {
        "x": -0.015606164932250977,
        "y": 0.03349694609642029,
        "z": -10.159754753112793
      },
      "angular_velocity": {
        "x": 0.1049753800034523,
        "y": -0.19643893837928772,
        "z": 0.0002871613542083651
      },
      "orientation": {
        "w": 0.9136170744895935,
        "x": -0.07964149117469788,
        "y": 0.0933922603726387,
        "z": 0.387606680393219
      }
    },
    "battery_percent": 67.71490007470736,
    "landed_state": "flying",
    "latency_ms": 463.5414000003948
  },
  "files": {
    "rgb": "data\\maps\\sequence_normal_ops_001_preflight_20260102_214127\\frames\\1767408176474815000.png",
    "depth": "data\\maps\\sequence_normal_ops_001_preflight_20260102_214127\\frames\\1767408176474815000_depth.npy"
  }
}