{
  "frame_id": "1767408169284630900",
  "sequence": 1424,
  "timestamp": "2026-01-02T21:42:49.284630",
  "timestamp_ns": 1767408169284630900,
  "camera": {
    "name": "front_center",
    "resolution": [
      1920,
      1080
    ],
    "fov_deg": 89.90362548828125,
    "intrinsics": {
      "fx": 961.6161300315734,
      "fy": 961.6161300315734,
      "cx": 960.0,
      "cy": 540.0
    },
    "pose": {
      "position": {
        "x": 146.35044860839844,
        "y": 142.5486602783203,
        "z": -20.110511779785156
      },
      "orientation": {
        "w": 0.9180144667625427,
        "x": -0.015271839685738087,
        "y": -0.04266892001032829,
        "z": 0.39394867420196533
      }
    }
  },
  "telemetry": {
    "sequence": 1425,
    "server_timestamp_ms": 1767408169743.2356,
    "airsim_timestamp_ns": 1767408169743235600,
    "pose": {
      "timestamp_ns": 1767408169743235600,
      "position": {
        "x": 146.03453063964844,
        "y": 142.2526397705078,
        "z": -19.71992301940918
      },
      "orientation": {
        "w": 0.9157301187515259,
        "x": -0.06656181067228317,
        "y": 0.07752105593681335,
        "z": 0.38858503103256226
      },
      "linear_velocity": {
        "x": 0.43815144896507263,
        "y": -0.5283254981040955,
        "z": 0.32501038908958435
      },
      "angular_velocity": {
        "x": 0.09291430562734604,
        "y": -0.16807372868061066,
        "z": 0.0001952206075657159
      }
    },
    "imu": {
      "timestamp_ns": 1767408169727533100,
      "linear_acceleration": {
        "x": -0.01506417989730835,
        "y": 0.02961173839867115,
        "z": -10.16988468170166
      },
      "angular_velocity": {
        "x": 0.09342246502637863,
        "y": -0.16788387298583984,
        "z": 0.00019739559502340853
      },
      "orientation": {
        "w": 0.915787398815155,
        "x": -0.06611049175262451,
        "y": 0.07716760039329529,
        "z": 0.38859742879867554
      }
    },
    "battery_percent": 69.51865284182256,
    "landed_state": "flying",
    "latency_ms": 459.6951999992598
  },
  "files": {
    "rgb": "data\\maps\\sequence_normal_ops_001_preflight_20260102_214127\\frames\\1767408169284630900.png",
    "depth": "data\\maps\\sequence_normal_ops_001_preflight_20260102_214127\\frames\\1767408169284630900_depth.npy"
  }
}