{
  "frame_id": "1767408110096900300",
  "sequence": 885,
  "timestamp": "2026-01-02T21:41:50.096900",
  "timestamp_ns": 1767408110096900300,
  "camera": {
    "name": "front_center",
    "resolution": [
      1920,
      1080
    ],
    "fov_deg": 89.90362548828125,
    "intrinsics": {
      "fx": 961.6161300315734,
      "fy": 961.6161300315734,
      "cx": 960.0,
      "cy": 540.0
    },
    "pose": {
      "position": {
        "x": 64.71409606933594,
        "y": 62.537940979003906,
        "z": -20.25200653076172
      },
      "orientation": {
        "w": 0.8786213397979736,
        "x": -0.04938136413693428,
        "y": 0.0296182744204998,
        "z": 0.47403451800346375
      }
    }
  },
  "telemetry": {
    "sequence": 887,
    "server_timestamp_ms": 1767408110458.7786,
    "airsim_timestamp_ns": 1767408110458778500,
    "pose": {
      "timestamp_ns": 1767408110458778500,
      "position": {
        "x": 64.49384307861328,
        "y": 62.2496452331543,
        "z": -19.795528411865234
      },
      "orientation": {
        "w": 0.8672387003898621,
        "x": -0.1108328253030777,
        "y": 0.14404799044132233,
        "z": 0.46353355050086975
      },
      "linear_velocity": {
        "x": 1.4194883108139038,
        "y": 1.7710574865341187,
        "z": -0.5630972385406494
      },
      "angular_velocity": {
        "x": -0.14992786943912506,
        "y": -0.10238029062747955,
        "z": 0.0014445470878854394
      }
    },
    "imu": {
      "timestamp_ns": 1767408110443605200,
      "linear_acceleration": {
        "x": -0.07672262191772461,
        "y": 0.02802911400794983,
        "z": -8.128745079040527
      },
      "angular_velocity": {
        "x": -0.14992786943912506,
        "y": -0.10238029062747955,
        "z": 0.0014445470878854394
      },
      "orientation": {
        "w": 0.8672343492507935,
        "x": -0.11095869541168213,
        "y": 0.14381185173988342,
        "z": 0.463584840297699
      }
    },
    "battery_percent": 84.31377335970022,
    "landed_state": "flying",
    "latency_ms": 355.6380000009085
  },
  "files": {
    "rgb": "data\\maps\\sequence_normal_ops_001_preflight_20260102_214127\\frames\\1767408110096900300.png",
    "depth": "data\\maps\\sequence_normal_ops_001_preflight_20260102_214127\\frames\\1767408110096900300_depth.npy"
  }
}