{
  "frame_id": "1767408162323372400",
  "sequence": 1358,
  "timestamp": "2026-01-02T21:42:42.323372",
  "timestamp_ns": 1767408162323372400,
  "camera": {
    "name": "front_center",
    "resolution": [
      1920,
      1080
    ],
    "fov_deg": 89.90362548828125,
    "intrinsics": {
      "fx": 961.6161300315734,
      "fy": 961.6161300315734,
      "cx": 960.0,
      "cy": 540.0
    },
    "pose": {
      "position": {
        "x": 135.2897491455078,
        "y": 133.68161010742188,
        "z": -20.08004379272461
      },
      "orientation": {
        "w": 0.9189717173576355,
        "x": -0.009420109912753105,
        "y": -0.047381795942783356,
        "z": 0.3913530111312866
      }
    }
  },
  "telemetry": {
    "sequence": 1360,
    "server_timestamp_ms": 1767408162776.5063,
    "airsim_timestamp_ns": 1767408162776506300,
    "pose": {
      "timestamp_ns": 1767408162776506300,
      "position": {
        "x": 134.9801788330078,
        "y": 133.36241149902344,
        "z": -19.686800003051758
      },
      "orientation": {
        "w": 0.9175399541854858,
        "x": -0.05820881947875023,
        "y": 0.07152950763702393,
        "z": 0.38680192828178406
      },
      "linear_velocity": {
        "x": 0.330438494682312,
        "y": -0.7312237024307251,
        "z": 0.3040532171726227
      },
      "angular_velocity": {
        "x": 0.11223740875720978,
        "y": -0.16193337738513947,
        "z": 0.00027474964736029506
      }
    },
    "imu": {
      "timestamp_ns": 1767408162645549300,
      "linear_acceleration": {
        "x": -0.012095153331756592,
        "y": 0.03055834025144577,
        "z": -10.250082969665527
      },
      "angular_velocity": {
        "x": 0.11223740875720978,
        "y": -0.16193337738513947,
        "z": 0.00027474964736029506
      },
      "orientation": {
        "w": 0.9175669550895691,
        "x": -0.05796022340655327,
        "y": 0.07137129455804825,
        "z": 0.3868044316768646
      }
    },
    "battery_percent": 71.25816320613865,
    "landed_state": "flying",
    "latency_ms": 453.4752000035951
  },
  "files": {
    "rgb": "data\\maps\\sequence_normal_ops_001_preflight_20260102_214127\\frames\\1767408162323372400.png",
    "depth": "data\\maps\\sequence_normal_ops_001_preflight_20260102_214127\\frames\\1767408162323372400_depth.npy"
  }
}