{
  "frame_id": "1767408088373067400",
  "sequence": 721,
  "timestamp": "2026-01-02T21:41:28.373067",
  "timestamp_ns": 1767408088373067400,
  "camera": {
    "name": "front_center",
    "resolution": [
      1920,
      1080
    ],
    "fov_deg": 89.90362548828125,
    "intrinsics": {
      "fx": 961.6161300315734,
      "fy": 961.6161300315734,
      "cx": 960.0,
      "cy": 540.0
    },
    "pose": {
      "position": {
        "x": 34.35829544067383,
        "y": 29.958900451660156,
        "z": -19.96546745300293
      },
      "orientation": {
        "w": 0.885589063167572,
        "x": 0.005754795391112566,
        "y": -0.021461332216858864,
        "z": 0.4639378786087036
      }
    }
  },
  "telemetry": {
    "sequence": 722,
    "server_timestamp_ms": 1767408088573.7073,
    "airsim_timestamp_ns": 1767408088573707200,
    "pose": {
      "timestamp_ns": 1767408088573707200,
      "position": {
        "x": 34.175086975097656,
        "y": 29.70034408569336,
        "z": -19.576648712158203
      },
      "orientation": {
        "w": 0.878673255443573,
        "x": -0.06587836146354675,
        "y": 0.11021984368562698,
        "z": 0.4598313868045807
      },
      "linear_velocity": {
        "x": 1.9941976070404053,
        "y": 2.8420472145080566,
        "z": -0.49485328793525696
      },
      "angular_velocity": {
        "x": -0.16986308991909027,
        "y": 1.1457068920135498,
        "z": 0.0023586545139551163
      }
    },
    "imu": {
      "timestamp_ns": 1767408088571013900,
      "linear_acceleration": {
        "x": -0.08140861988067627,
        "y": 0.027671445161104202,
        "z": -15.705455780029297
      },
      "angular_velocity": {
        "x": -0.16986308991909027,
        "y": 1.1457068920135498,
        "z": 0.0023586545139551163
      },
      "orientation": {
        "w": 0.8786733150482178,
        "x": -0.06587836146354675,
        "y": 0.11021985113620758,
        "z": 0.4598314166069031
      }
    },
    "battery_percent": 89.87641646821486,
    "landed_state": "flying",
    "latency_ms": 200.72200000140583
  },
  "files": {
    "rgb": "data\\maps\\sequence_normal_ops_001_preflight_20260102_214127\\frames\\1767408088373067400.png",
    "depth": "data\\maps\\sequence_normal_ops_001_preflight_20260102_214127\\frames\\1767408088373067400_depth.npy"
  }
}