{
  "frame_id": "1767368599640432200",
  "sequence": 328,
  "timestamp": "2026-01-02T10:43:19.640432",
  "timestamp_ns": 1767368599640432200,
  "camera": {
    "name": "front_center",
    "resolution": [
      1280,
      720
    ],
    "fov_deg": 89.90362548828125,
    "intrinsics": {
      "fx": 641.077420021049,
      "fy": 641.077420021049,
      "cx": 640.0,
      "cy": 360.0
    },
    "pose": {
      "position": {
        "x": 18.56441307067871,
        "y": 32.03688430786133,
        "z": -24.660400390625
      },
      "orientation": {
        "w": 0.8254038691520691,
        "x": 0.027267804369330406,
        "y": -0.04694037511944771,
        "z": 0.5619266033172607
      }
    }
  },
  "telemetry": {
    "sequence": 329,
    "server_timestamp_ms": 1767368599747.2764,
    "airsim_timestamp_ns": 1767368599747276300,
    "pose": {
      "timestamp_ns": 1767368599747276300,
      "position": {
        "x": 18.474454879760742,
        "y": 31.81131935119629,
        "z": -24.54408836364746
      },
      "orientation": {
        "w": 0.8263540863990784,
        "x": -0.021811088547110558,
        "y": 0.025176934897899628,
        "z": 0.562164843082428
      },
      "linear_velocity": {
        "x": 0.6906983256340027,
        "y": -1.021661400794983,
        "z": 0.05724475905299187
      },
      "angular_velocity": {
        "x": 0.05990910530090332,
        "y": -0.03578351438045502,
        "z": 7.376545545412228e-05
      }
    },
    "imu": {
      "timestamp_ns": 1767368596004528896,
      "linear_acceleration": {
        "x": -0.003303319215774536,
        "y": 0.12696871161460876,
        "z": -9.981754302978516
      },
      "angular_velocity": {
        "x": 0.05990910530090332,
        "y": -0.03578351438045502,
        "z": 7.376545545412228e-05
      },
      "orientation": {
        "w": 0.8263670802116394,
        "x": -0.02139197662472725,
        "y": 0.025200992822647095,
        "z": 0.5621607899665833
      }
    },
    "battery_percent": 82.48164800873928,
    "landed_state": "flying",
    "latency_ms": 106.43239999990328
  },
  "files": {
    "rgb": "data\\maps\\sequence_patrol_recharge_001_preflight_20260102_104319\\frames\\1767368599640432200.png",
    "depth": "data\\maps\\sequence_patrol_recharge_001_preflight_20260102_104319\\frames\\1767368599640432200_depth.npy"
  }
}